{
	"name": "PL_COPY_HANA_MCE_COLLEAGUE_REL",
	"properties": {
		"activities": [
			{
				"name": "COPY_MCE_COLLEAGUE_REL_HEADER",
				"type": "Copy",
				"dependsOn": [],
				"policy": {
					"timeout": "7.00:00:00",
					"retry": 0,
					"retryIntervalInSeconds": 30,
					"secureOutput": false
				},
				"userProperties": [],
				"typeProperties": {
					"source": {
						"type": "RelationalSource",
						"query": "call \"DS_LAB\".\"DTUS.datalake.sp::DSLAB_GET_HEADERS\" ('COLLEAGUE_REL_EXTRACT')"
					},
					"sink": {
						"type": "AzureDataLakeStoreSink"
					},
					"enableStaging": false,
					"dataIntegrationUnits": 0
				},
				"inputs": [
					{
						"referenceName": "DS_HANA",
						"type": "DatasetReference"
					}
				],
				"outputs": [
					{
						"referenceName": "DS_ADLS_HEADER",
						"type": "DatasetReference",
						"parameters": {
							"filePath": "/dtus/core/mce/colleague_rel/national",
							"fileName": "headers.csv"
						}
					}
				]
			},
			{
				"name": "COPY_MCE_COLLEAGUE_REL",
				"type": "Copy",
				"dependsOn": [
					{
						"activity": "COPY_MCE_COLLEAGUE_REL_HEADER",
						"dependencyConditions": [
							"Succeeded"
						]
					}
				],
				"policy": {
					"timeout": "7.00:00:00",
					"retry": 0,
					"retryIntervalInSeconds": 30,
					"secureOutput": false
				},
				"userProperties": [],
				"typeProperties": {
					"source": {
						"type": "RelationalSource",
						"query": "SELECT\n\t\"DELOITTE_ID\",\n\tTRIM(REPLACE_REGEXPR('\\n|\"' in \"FAMILY_NAME\" with ' ' OCCURRENCE ALL)) as FAMILY_NAME,\n\tTRIM(REPLACE_REGEXPR('\\n|\"' in \"GIVEN_NAME\" with ' ' OCCURRENCE ALL)) as GIVEN_NAME,\n\t\"RCM_ID\",\n\t\"SOURCE_CONTACT_ID\",\n\tTRIM(REPLACE_REGEXPR('\\n|\"' in \"EMP_GBL_PERS_NBR\" with ' ' OCCURRENCE ALL)) as EMP_GBL_PERS_NBR,\n\t\"RELATIONSHIP_STRENGTH\",\n\t\"SOURCE_LAST_MODIFICATION_TIME\"\nFROM \"_SYS_BIC\".\"DTUS.datalake.mce/COLLEAGUE_REL_EXTRACT\""
					},
					"sink": {
						"type": "AzureDataLakeStoreSink"
					},
					"enableStaging": false,
					"dataIntegrationUnits": 0
				},
				"inputs": [
					{
						"referenceName": "DS_HANA",
						"type": "DatasetReference"
					}
				],
				"outputs": [
					{
						"referenceName": "DS_ADLS_MCE_COLLEAGUE_REL",
						"type": "DatasetReference"
					}
				]
			},
			{
				"name": "COPY_MCE_COLLEAGUE_REL_RECON",
				"type": "Copy",
				"dependsOn": [
					{
						"activity": "COPY_MCE_COLLEAGUE_REL",
						"dependencyConditions": [
							"Succeeded"
						]
					}
				],
				"policy": {
					"timeout": "7.00:00:00",
					"retry": 0,
					"retryIntervalInSeconds": 30,
					"secureOutput": false
				},
				"userProperties": [],
				"typeProperties": {
					"source": {
						"type": "RelationalSource",
						"query": "SELECT count(*) as RECORDCOUNT FROM \"_SYS_BIC\".\"DTUS.datalake.mce/COLLEAGUE_REL_EXTRACT\""
					},
					"sink": {
						"type": "AzureDataLakeStoreSink"
					},
					"enableStaging": false,
					"dataIntegrationUnits": 0
				},
				"inputs": [
					{
						"referenceName": "DS_HANA",
						"type": "DatasetReference"
					}
				],
				"outputs": [
					{
						"referenceName": "DS_ADLS_RECON",
						"type": "DatasetReference",
						"parameters": {
							"filePath": {
								"value": "/dtus/core/management/reconciliation/mce/colleague_rel",
								"type": "Expression"
							},
							"fileName": {
								"value": "colleague_rel.csv",
								"type": "Expression"
							}
						}
					}
				]
			},
			{
				"name": "PARQUET_REQUIRED",
				"description": "If parquet table required, perform parquet conversion and AutoRecon",
				"type": "IfCondition",
				"dependsOn": [
					{
						"activity": "COPY_MCE_COLLEAGUE_REL_RECON",
						"dependencyConditions": [
							"Succeeded"
						]
					}
				],
				"userProperties": [],
				"typeProperties": {
					"expression": {
						"value": "@pipeline().parameters.IsPrqRequired",
						"type": "Expression"
					},
					"ifTrueActivities": [
						{
							"name": "ADLS_CSV_to_PRQ",
							"description": "Generic Parquet conversion Notebook",
							"type": "DatabricksNotebook",
							"dependsOn": [],
							"policy": {
								"timeout": "7.00:00:00",
								"retry": 0,
								"retryIntervalInSeconds": 30,
								"secureOutput": false,
								"secureInput": false
							},
							"userProperties": [],
							"typeProperties": {
								"notebookPath": {
									"value": "@pipeline().parameters.DatabricksParquetNotebookPath",
									"type": "Expression"
								},
								"baseParameters": {
									"databricksTable": {
										"value": "@pipeline().parameters.DatabricksParquetNotebookParam_tablename",
										"type": "Expression"
									},
									"headersFile": {
										"value": "'/dtus/core/mce/colleague_rel/national/headers.csv'",
										"type": "Expression"
									},
									"sourceFolder": {
										"value": "'/dtus/core/mce/colleague_rel/national/csv'",
										"type": "Expression"
									},
									"targetFolder": {
										"value": "'/dtus/core/mce/colleague_rel/national/parquet/'",
										"type": "Expression"
									},
									"pathDomain": {
										"value": "''",
										"type": "Expression"
									},
									"managementFolderPath": {
										"value": "@pipeline().parameters.DatabricksReconManagementFolderPath",
										"type": "Expression"
									},
									"reconPath": "/mce/colleague_rel"
								}
							},
							"linkedServiceName": {
								"referenceName": "DSLabParquetDatabricks",
								"type": "LinkedServiceReference"
							}
						},
						{
							"name": "CREATE_PARQUET_TABLE",
							"description": "Create Parquet Table",
							"type": "DatabricksNotebook",
							"dependsOn": [
								{
									"activity": "ADLS_CSV_to_PRQ",
									"dependencyConditions": [
										"Succeeded"
									]
								}
							],
							"policy": {
								"timeout": "7.00:00:00",
								"retry": 0,
								"retryIntervalInSeconds": 30,
								"secureOutput": false,
								"secureInput": false
							},
							"userProperties": [],
							"typeProperties": {
								"notebookPath": {
									"value": "@pipeline().parameters.DatabricksCreateTableNotebookPath",
									"type": "Expression"
								},
								"baseParameters": {
									"databricksTable": {
										"value": "@pipeline().parameters.DatabricksParquetNotebookParam_tablename",
										"type": "Expression"
									},
									"headersFile": {
										"value": "'/dtus/core/mce/colleague_rel/national/headers.csv'",
										"type": "Expression"
									},
									"sourceFolder": {
										"value": "'/dtus/core/mce/colleague_rel/national/parquet/'",
										"type": "Expression"
									},
									"tableDataSource": "PARQUET"
								}
							},
							"linkedServiceName": {
								"referenceName": "DSLabParquetDatabricks",
								"type": "LinkedServiceReference"
							}
						},
						{
							"name": "PARQUET_RECON_RUN",
							"description": "Run PRQ table Recon",
							"type": "DatabricksNotebook",
							"dependsOn": [
								{
									"activity": "CREATE_PARQUET_TABLE",
									"dependencyConditions": [
										"Succeeded"
									]
								}
							],
							"policy": {
								"timeout": "7.00:00:00",
								"retry": 0,
								"retryIntervalInSeconds": 30,
								"secureOutput": false,
								"secureInput": false
							},
							"userProperties": [],
							"typeProperties": {
								"notebookPath": {
									"value": "@pipeline().parameters.DatabricksReconNotebookPath",
									"type": "Expression"
								},
								"baseParameters": {
									"CoreTableName": {
										"value": "@pipeline().parameters.DatabricksParquetNotebookParam_tablename",
										"type": "Expression"
									},
									"ReconPath": {
										"value": "mce/colleague_rel",
										"type": "Expression"
									},
									"PathDomain": {
										"value": "''",
										"type": "Expression"
									},
									"ManagementFolderPath": {
										"value": "@pipeline().parameters.DatabricksReconManagementFolderPath",
										"type": "Expression"
									}
								}
							},
							"linkedServiceName": {
								"referenceName": "DSLabParquetDatabricks",
								"type": "LinkedServiceReference"
							}
						}
					]
				}
			},
			{
				"name": "CSV_REQUIRED",
				"type": "IfCondition",
				"dependsOn": [
					{
						"activity": "COPY_MCE_COLLEAGUE_REL_RECON",
						"dependencyConditions": [
							"Succeeded"
						]
					}
				],
				"userProperties": [],
				"typeProperties": {
					"expression": {
						"value": "@pipeline().parameters.IsCsvRequired",
						"type": "Expression"
					},
					"ifTrueActivities": [
						{
							"name": "CREATE_CSV_TABLE",
							"description": "Create CSV Table",
							"type": "DatabricksNotebook",
							"dependsOn": [],
							"policy": {
								"timeout": "7.00:00:00",
								"retry": 0,
								"retryIntervalInSeconds": 30,
								"secureOutput": false,
								"secureInput": false
							},
							"userProperties": [],
							"typeProperties": {
								"notebookPath": {
									"value": "@pipeline().parameters.DatabricksCreateTableNotebookPath",
									"type": "Expression"
								},
								"baseParameters": {
									"databricksTable": {
										"value": "@pipeline().parameters.DatabricksParquetNotebookParam_CSV_tablename",
										"type": "Expression"
									},
									"headersFile": {
										"value": "'/dtus/core/mce/colleague_rel/national/headers.csv'",
										"type": "Expression"
									},
									"sourceFolder": {
										"value": "'/dtus/core/mce/colleague_rel/national/csv/colleague_rel.csv'",
										"type": "Expression"
									},
									"tableDataSource": "CSV"
								}
							},
							"linkedServiceName": {
								"referenceName": "DSLabParquetDatabricks",
								"type": "LinkedServiceReference"
							}
						},
						{
							"name": "CSV_RECON_RUN",
							"description": "Run CSV table Recon",
							"type": "DatabricksNotebook",
							"dependsOn": [
								{
									"activity": "CREATE_CSV_TABLE",
									"dependencyConditions": [
										"Succeeded"
									]
								}
							],
							"policy": {
								"timeout": "7.00:00:00",
								"retry": 0,
								"retryIntervalInSeconds": 30,
								"secureOutput": false,
								"secureInput": false
							},
							"userProperties": [],
							"typeProperties": {
								"notebookPath": {
									"value": "@pipeline().parameters.DatabricksReconNotebookPath",
									"type": "Expression"
								},
								"baseParameters": {
									"CoreTableName": {
										"value": "@pipeline().parameters.DatabricksParquetNotebookParam_CSV_tablename",
										"type": "Expression"
									},
									"ReconPath": {
										"value": "mce/colleague_rel",
										"type": "Expression"
									},
									"PathDomain": {
										"value": "''",
										"type": "Expression"
									},
									"ManagementFolderPath": {
										"value": "@pipeline().parameters.DatabricksReconManagementFolderPath",
										"type": "Expression"
									}
								}
							},
							"linkedServiceName": {
								"referenceName": "DSLabParquetDatabricks",
								"type": "LinkedServiceReference"
							}
						}
					]
				}
			}
		],
		"parameters": {
			"IsPrqRequired": {
				"type": "bool",
				"defaultValue": true
			},
			"IsCsvRequired": {
				"type": "bool",
				"defaultValue": true
			},
			"DatabricksParquetNotebookPath": {
				"type": "string",
				"defaultValue": "/DSLabManagement/refactor/csv2parquet"
			},
			"DatabricksCreateTableNotebookPath": {
				"type": "string",
				"defaultValue": "/DSLabManagement/refactor/create-table"
			},
			"DatabricksReconNotebookPath": {
				"type": "string",
				"defaultValue": "/DSLabManagement/refactor/ReconciliationV2"
			},
			"DatabricksParquetNotebookParam_tablename": {
				"type": "string",
				"defaultValue": "parquet_mcedata.colleague_rel"
			},
			"DatabricksParquetNotebookParam_CSV_tablename": {
				"type": "string",
				"defaultValue": "core_mcedata.colleague_rel"
			},
			"DatabricksReconManagementFolderPath": {
				"type": "string",
				"defaultValue": "/dtus/core/management"
			}
		},
		"annotations": []
	},
	"type": "Microsoft.DataFactory/factories/pipelines"
}