{
	"name": "PL_COPY_RESUME_NAS_TO_ADLS",
	"properties": {
		"activities": [
			{
				"name": "COPY_RESUME_NAS_TO_ADLS",
				"description": "Copy Resumes from NAS to ADLS",
				"type": "Copy",
				"dependsOn": [
					{
						"activity": "LogPipelineSTARTED",
						"dependencyConditions": [
							"Succeeded"
						]
					}
				],
				"policy": {
					"timeout": "7.00:00:00",
					"retry": 0,
					"retryIntervalInSeconds": 30,
					"secureOutput": false,
					"secureInput": false
				},
				"userProperties": [],
				"typeProperties": {
					"source": {
						"type": "FileSystemSource",
						"recursive": true
					},
					"sink": {
						"type": "AzureDataLakeStoreSink",
						"copyBehavior": "PreserveHierarchy"
					},
					"enableStaging": false
				},
				"inputs": [
					{
						"referenceName": "DS_NAS_FILESHARE_RESUME",
						"type": "DatasetReference",
						"parameters": {
							"filepath": "\\"
						}
					}
				],
				"outputs": [
					{
						"referenceName": "DS_ADLS_TALENT_RESUME",
						"type": "DatasetReference",
						"parameters": {
							"filepath": "/dtus/core/talentresume/Resumes"
						}
					}
				]
			},
			{
				"name": "COPY_METADATA_NAS_TO_ADLS",
				"description": "Copy Metadata from NAS to ADLS",
				"type": "Copy",
				"dependsOn": [
					{
						"activity": "COPY_RESUME_NAS_TO_ADLS",
						"dependencyConditions": [
							"Succeeded"
						]
					}
				],
				"policy": {
					"timeout": "7.00:00:00",
					"retry": 0,
					"retryIntervalInSeconds": 30,
					"secureOutput": false,
					"secureInput": false
				},
				"userProperties": [],
				"typeProperties": {
					"source": {
						"type": "FileSystemSource",
						"recursive": true
					},
					"sink": {
						"type": "AzureDataLakeStoreSink",
						"copyBehavior": "PreserveHierarchy"
					},
					"enableStaging": false
				},
				"inputs": [
					{
						"referenceName": "DS_NAS_FILESHARE_METADATA",
						"type": "DatasetReference"
					}
				],
				"outputs": [
					{
						"referenceName": "DS_ADLS_TALENT_METADATA",
						"type": "DatasetReference"
					}
				]
			},
			{
				"name": "DELETE_RESUME_NAS",
				"description": "Delete Resumes from NAS",
				"type": "Delete",
				"dependsOn": [
					{
						"activity": "COPY_METADATA_NAS_TO_ADLS",
						"dependencyConditions": [
							"Succeeded"
						]
					}
				],
				"policy": {
					"timeout": "7.00:00:00",
					"retry": 0,
					"retryIntervalInSeconds": 30,
					"secureOutput": false,
					"secureInput": false
				},
				"userProperties": [],
				"typeProperties": {
					"dataset": {
						"referenceName": "DS_NAS_FILESHARE_RESUME",
						"type": "DatasetReference",
						"parameters": {
							"filepath": "\\"
						}
					},
					"enableLogging": false
				}
			},
			{
				"name": "DELETE_METADATA_NAS",
				"description": "Delete METADATA from NAS",
				"type": "Delete",
				"dependsOn": [
					{
						"activity": "DELETE_RESUME_NAS",
						"dependencyConditions": [
							"Succeeded"
						]
					}
				],
				"policy": {
					"timeout": "7.00:00:00",
					"retry": 0,
					"retryIntervalInSeconds": 30,
					"secureOutput": false,
					"secureInput": false
				},
				"userProperties": [],
				"typeProperties": {
					"dataset": {
						"referenceName": "DS_NAS_FILESHARE_METADATA",
						"type": "DatasetReference"
					},
					"enableLogging": false
				}
			},
			{
				"name": "LogPipelineSTARTED",
				"description": "",
				"type": "Lookup",
				"dependsOn": [],
				"policy": {
					"timeout": "7.00:00:00",
					"retry": 0,
					"retryIntervalInSeconds": 30,
					"secureOutput": false,
					"secureInput": false
				},
				"userProperties": [],
				"typeProperties": {
					"source": {
						"type": "RelationalSource",
						"query": {
							"value": "call \"DS_LAB\".\"DTUS.datalake.sp::DSLAB_LOG\" (\n'@{pipeline().DataFactory}',\n'@{pipeline().Pipeline}',\n'@{pipeline().TriggerName}', \n'@{pipeline().TriggerType}',\n'STARTED',\n 'Pipeline'\n)",
							"type": "Expression"
						}
					},
					"dataset": {
						"referenceName": "DS_HANA_TALENT_RESUME",
						"type": "DatasetReference"
					}
				}
			},
			{
				"name": "LogPipelineSUCCESS",
				"description": "call \"DS_LAB\".\"DTUS.datalake.sp::DSLAB_LOG\" ( '@{pipeline().DataFactory}', '@{pipeline().Pipeline}', '@{pipeline().TriggerName}', '@{pipeline().TriggerType}', 'SUCCESS', 'Pipeline' ) ",
				"type": "Lookup",
				"dependsOn": [
					{
						"activity": "DELETE_METADATA_NAS",
						"dependencyConditions": [
							"Succeeded"
						]
					}
				],
				"policy": {
					"timeout": "7.00:00:00",
					"retry": 0,
					"retryIntervalInSeconds": 30,
					"secureOutput": false,
					"secureInput": false
				},
				"userProperties": [],
				"typeProperties": {
					"source": {
						"type": "RelationalSource",
						"query": {
							"value": "call \"DS_LAB\".\"DTUS.datalake.sp::DSLAB_LOG\" (\n'@{pipeline().DataFactory}',\n'@{pipeline().Pipeline}',\n'@{pipeline().TriggerName}', \n'@{pipeline().TriggerType}',\n'SUCCESS',\n 'Pipeline'\n)",
							"type": "Expression"
						}
					},
					"dataset": {
						"referenceName": "DS_HANA_TALENT_RESUME",
						"type": "DatasetReference"
					}
				}
			}
		],
		"variables": {
			"extension": {
				"type": "String",
				"defaultValue": "doc"
			}
		},
		"annotations": []
	},
	"type": "Microsoft.DataFactory/factories/pipelines"
}