{
	"name": "PL_COPY_MERCURY_OPEN_CLOSE_OPP_SNAPSHOT",
	"properties": {
		"description": "Copy MERCURY_OPEN_CLOSE_OPP_SNAPSHOT data from HANA to Azure Data Lake Store",
		"activities": [
			{
				"name": "COPY_MERCURY_OPEN_CLOSE_OPP_SNAPSHOT_HEADERS",
				"type": "Copy",
				"dependsOn": [],
				"policy": {
					"timeout": "7.00:00:00",
					"retry": 0,
					"retryIntervalInSeconds": 30,
					"secureOutput": false
				},
				"userProperties": [],
				"typeProperties": {
					"source": {
						"type": "RelationalSource",
						"query": "call \"DS_LAB\".\"DTUS.datalake.sp::DSLAB_GET_HEADERS\" ('MERCURY_OPEN_CLOSE_OPP_SNAPSHOT')"
					},
					"sink": {
						"type": "AzureDataLakeStoreSink"
					},
					"enableStaging": false,
					"dataIntegrationUnits": 0
				},
				"inputs": [
					{
						"referenceName": "DS_HANA_MERCURY_OPEN_CLOSE_OPP_SNAPSHOT",
						"type": "DatasetReference"
					}
				],
				"outputs": [
					{
						"referenceName": "DS_ADLS_HEADER",
						"type": "DatasetReference",
						"parameters": {
							"filePath": "/dtus/core/mercury/snapshot/national",
							"fileName": "headers.csv"
						}
					}
				]
			},
			{
				"name": "LP_GET_FISC_PERIODS",
				"description": "Get fiscal periods list from HANA",
				"type": "Lookup",
				"dependsOn": [
					{
						"activity": "COPY_MERCURY_OPEN_CLOSE_OPP_SNAPSHOT_HEADERS",
						"dependencyConditions": [
							"Succeeded"
						]
					}
				],
				"policy": {
					"timeout": "7.00:00:00",
					"retry": 0,
					"retryIntervalInSeconds": 30,
					"secureOutput": false
				},
				"userProperties": [],
				"typeProperties": {
					"source": {
						"type": "RelationalSource",
						"query": {
							"value": "call \"DS_LAB\".\"DTUS.datalake.sp::DSLAB_GET_MERCURY_SNAPSHOT_FISCAL_PERIODS\" ('@{pipeline().TriggerName}', '@{pipeline().Pipeline}')",
							"type": "Expression"
						}
					},
					"dataset": {
						"referenceName": "DS_HANA_MERCURY_OPEN_CLOSE_OPP_SNAPSHOT",
						"type": "DatasetReference"
					},
					"firstRowOnly": false
				}
			},
			{
				"name": "SET_VAL_FIRST",
				"type": "SetVariable",
				"dependsOn": [
					{
						"activity": "LP_GET_FISC_PERIODS",
						"dependencyConditions": [
							"Succeeded"
						]
					}
				],
				"userProperties": [],
				"typeProperties": {
					"variableName": "firstItem",
					"value": {
						"value": "@string(first(activity('LP_GET_FISC_PERIODS').output.value).FISCAL_YEAR_PERIOD)",
						"type": "Expression"
					}
				}
			},
			{
				"name": "SET_VAL_LAST",
				"type": "SetVariable",
				"dependsOn": [
					{
						"activity": "LP_GET_FISC_PERIODS",
						"dependencyConditions": [
							"Succeeded"
						]
					}
				],
				"userProperties": [],
				"typeProperties": {
					"variableName": "lastItem",
					"value": {
						"value": "@string(last(activity('LP_GET_FISC_PERIODS').output.value).FISCAL_YEAR_PERIOD)",
						"type": "Expression"
					}
				}
			},
			{
				"name": "DEL_OLD_RECON_FILES",
				"type": "Delete",
				"dependsOn": [],
				"policy": {
					"timeout": "7.00:00:00",
					"retry": 0,
					"retryIntervalInSeconds": 30,
					"secureOutput": false,
					"secureInput": false
				},
				"userProperties": [],
				"typeProperties": {
					"dataset": {
						"referenceName": "DS_ADLS_HEADER",
						"type": "DatasetReference",
						"parameters": {
							"filePath": "/dtus/core/management/reconciliation/mercury/snapshot",
							"fileName": "*.*"
						}
					},
					"enableLogging": false,
					"recursive": true
				}
			},
			{
				"name": "FOREACH_FISC_PERIOD",
				"type": "ForEach",
				"dependsOn": [
					{
						"activity": "LP_GET_FISC_PERIODS",
						"dependencyConditions": [
							"Succeeded"
						]
					},
					{
						"activity": "DEL_OLD_RECON_FILES",
						"dependencyConditions": [
							"Completed"
						]
					}
				],
				"userProperties": [],
				"typeProperties": {
					"items": {
						"value": "@activity('LP_GET_FISC_PERIODS').output.value",
						"type": "Expression"
					},
					"isSequential": true,
					"activities": [
						{
							"name": "COPY_MERCURY_OPEN_CLOSE_OPP_SNAPSHOT",
							"type": "Copy",
							"dependsOn": [],
							"policy": {
								"timeout": "7.00:00:00",
								"retry": 0,
								"retryIntervalInSeconds": 30,
								"secureOutput": false
							},
							"userProperties": [],
							"typeProperties": {
								"source": {
									"type": "RelationalSource",
									"query": {
										"value": "SELECT\nSNAPSHOT_START_DATE,\nSNAPSHOT_TS,\nREPLACE_REGEXPR('\\n|\"' IN SNAPSHOT_FISCAL_YEAR WITH ' ' OCCURRENCE ALL) AS SNAPSHOT_FISCAL_YEAR,\nREPLACE_REGEXPR('\\n|\"' IN SNAPSHOT_FISCAL_YEAR_PERIOD WITH ' ' OCCURRENCE ALL) AS SNAPSHOT_FISCAL_YEAR_PERIOD,\nREPLACE_REGEXPR('\\n|\"' IN OPPORTUNITY_OPEN_CLOSED_INDICATOR WITH ' ' OCCURRENCE ALL) AS OPPORTUNITY_OPEN_CLOSED_INDICATOR,\nREPLACE_REGEXPR('\\n|\"' IN OPPORTUNITY_ID WITH ' ' OCCURRENCE ALL) AS OPPORTUNITY_ID,\nREPLACE_REGEXPR('\\n|\"' IN OPPORTUNITY_NAME WITH ' ' OCCURRENCE ALL) AS OPPORTUNITY_NAME,\nREPLACE_REGEXPR('\\n|\"' IN OPPORTUNITY_DESC WITH ' ' OCCURRENCE ALL) AS OPPORTUNITY_DESC,\nCOMPETITOR_ID,\nREPLACE_REGEXPR('\\n|\"' IN CLIENT_ID WITH ' ' OCCURRENCE ALL) AS CLIENT_ID,\nREPLACE_REGEXPR('\\n|\"' IN CLIENT_ID_ON_OPP_CLOSE_DATE WITH ' ' OCCURRENCE ALL) AS CLIENT_ID_ON_OPP_CLOSE_DATE,\nREPLACE_REGEXPR('\\n|\"' IN CLIENT_NAME_ON_OPP_CLOSE_DATE WITH ' ' OCCURRENCE ALL) AS CLIENT_NAME_ON_OPP_CLOSE_DATE,\nREPLACE_REGEXPR('\\n|\"' IN CLONED_OPPORTUNITY_ID WITH ' ' OCCURRENCE ALL) AS CLONED_OPPORTUNITY_ID,\nREPLACE_REGEXPR('\\n|\"' IN ORIGINAL_OPPORTUNITY_ID_FOLLOW_ON WITH ' ' OCCURRENCE ALL) AS ORIGINAL_OPPORTUNITY_ID_FOLLOW_ON,\nREPLACE_REGEXPR('\\n|\"' IN PULL_THROUGH_OPPORTUNITY_FLG WITH ' ' OCCURRENCE ALL) AS PULL_THROUGH_OPPORTUNITY_FLG,\nREPLACE_REGEXPR('\\n|\"' IN ORIGINAL_OPPORTUNITY_ID_PULL_THROUGH WITH ' ' OCCURRENCE ALL) AS ORIGINAL_OPPORTUNITY_ID_PULL_THROUGH,\nREPLACE_REGEXPR('\\n|\"' IN ORIGINAL_OPPORTUNITY_NAME_PULL_THROUGH WITH ' ' OCCURRENCE ALL) AS ORIGINAL_OPPORTUNITY_NAME_PULL_THROUGH,\nREPLACE_REGEXPR('\\n|\"' IN RECURRING_OPPORTUNITY_FLG WITH ' ' OCCURRENCE ALL) AS RECURRING_OPPORTUNITY_FLG,\nREPLACE_REGEXPR('\\n|\"' IN FOLLOW_ON_OPPORTUNITY_FLG WITH ' ' OCCURRENCE ALL) AS FOLLOW_ON_OPPORTUNITY_FLG,\nREPLACE_REGEXPR('\\n|\"' IN RTRAK_ID WITH ' ' OCCURRENCE ALL) AS RTRAK_ID,\nREPLACE_REGEXPR('\\n|\"' IN FISCAL_YEAR WITH ' ' OCCURRENCE ALL) AS FISCAL_YEAR,\nREPLACE_REGEXPR('\\n|\"' IN FISCAL_YEAR_ON_CREATED_DATE WITH ' ' OCCURRENCE ALL) AS FISCAL_YEAR_ON_CREATED_DATE,\nREPLACE_REGEXPR('\\n|\"' IN FISCAL_YEAR_ON_EXPECTED_CLOSED_DATE WITH ' ' OCCURRENCE ALL) AS FISCAL_YEAR_ON_EXPECTED_CLOSED_DATE,\nREPLACE_REGEXPR('\\n|\"' IN FISCAL_YEAR_ON_OPP_START WITH ' ' OCCURRENCE ALL) AS FISCAL_YEAR_ON_OPP_START,\nREPLACE_REGEXPR('\\n|\"' IN FISCAL_YEAR_ON_PHASE WITH ' ' OCCURRENCE ALL) AS FISCAL_YEAR_ON_PHASE,\nREPLACE_REGEXPR('\\n|\"' IN FISCAL_YEAR_ON_PROJECT_START WITH ' ' OCCURRENCE ALL) AS FISCAL_YEAR_ON_PROJECT_START,\nREPLACE_REGEXPR('\\n|\"' IN FISCAL_YEAR_ON_PROJECT_END WITH ' ' OCCURRENCE ALL) AS FISCAL_YEAR_ON_PROJECT_END,\nREPLACE_REGEXPR('\\n|\"' IN FISCAL_YEAR_PERIOD WITH ' ' OCCURRENCE ALL) AS FISCAL_YEAR_PERIOD,\nREPLACE_REGEXPR('\\n|\"' IN FISCAL_YEAR_PERIOD_RPT WITH ' ' OCCURRENCE ALL) AS FISCAL_YEAR_PERIOD_RPT,\nREPLACE_REGEXPR('\\n|\"' IN FISCAL_PERIOD_ON_OPP_CREATED_DATE WITH ' ' OCCURRENCE ALL) AS FISCAL_PERIOD_ON_OPP_CREATED_DATE,\nREPLACE_REGEXPR('\\n|\"' IN FISCAL_PERIOD_ON_EXPECTED_CLOSE_DATE WITH ' ' OCCURRENCE ALL) AS FISCAL_PERIOD_ON_EXPECTED_CLOSE_DATE,\nREPLACE_REGEXPR('\\n|\"' IN FISCAL_PERIOD_ON_OPP_START WITH ' ' OCCURRENCE ALL) AS FISCAL_PERIOD_ON_OPP_START,\nREPLACE_REGEXPR('\\n|\"' IN FISCAL_PERIOD_ON_PHASE_SINCE WITH ' ' OCCURRENCE ALL) AS FISCAL_PERIOD_ON_PHASE_SINCE,\nREPLACE_REGEXPR('\\n|\"' IN FISCAL_PERIOD_ON_PROJECT_START WITH ' ' OCCURRENCE ALL) AS FISCAL_PERIOD_ON_PROJECT_START,\nREPLACE_REGEXPR('\\n|\"' IN FISCAL_PERIOD_ON_PROJECT_END WITH ' ' OCCURRENCE ALL) AS FISCAL_PERIOD_ON_PROJECT_END,\nREPLACE_REGEXPR('\\n|\"' IN FISCAL_YEAR_PERIOD_ON_OPP_CREATED_DATE WITH ' ' OCCURRENCE ALL) AS FISCAL_YEAR_PERIOD_ON_OPP_CREATED_DATE,\nREPLACE_REGEXPR('\\n|\"' IN FISCAL_YEAR_PERIOD_ON_OPP_CREATED_DATE_RPT WITH ' ' OCCURRENCE ALL) AS FISCAL_YEAR_PERIOD_ON_OPP_CREATED_DATE_RPT,\nREPLACE_REGEXPR('\\n|\"' IN FISCAL_YEAR_PERIOD_ON_EXPECTED_CLOSE_DATE_RPT WITH ' ' OCCURRENCE ALL) AS FISCAL_YEAR_PERIOD_ON_EXPECTED_CLOSE_DATE_RPT,\nREPLACE_REGEXPR('\\n|\"' IN FISCAL_YEAR_PERIOD_ON_EXPECTED_CLOSE_DATE WITH ' ' OCCURRENCE ALL) AS FISCAL_YEAR_PERIOD_ON_EXPECTED_CLOSE_DATE,\nREPLACE_REGEXPR('\\n|\"' IN FISCAL_YEAR_PERIOD_ON_OPP_START WITH ' ' OCCURRENCE ALL) AS FISCAL_YEAR_PERIOD_ON_OPP_START,\nREPLACE_REGEXPR('\\n|\"' IN FISCAL_YEAR_PERIOD_ON_OPP_START_RPT WITH ' ' OCCURRENCE ALL) AS FISCAL_YEAR_PERIOD_ON_OPP_START_RPT,\nREPLACE_REGEXPR('\\n|\"' IN FISCAL_YEAR_PERIOD_ON_PHASE WITH ' ' OCCURRENCE ALL) AS FISCAL_YEAR_PERIOD_ON_PHASE,\nREPLACE_REGEXPR('\\n|\"' IN FISCAL_YEAR_PERIOD_ON_PHASE_RPT WITH ' ' OCCURRENCE ALL) AS FISCAL_YEAR_PERIOD_ON_PHASE_RPT,\nREPLACE_REGEXPR('\\n|\"' IN FISCAL_YEAR_PERIOD_ON_PROJECT_START WITH ' ' OCCURRENCE ALL) AS FISCAL_YEAR_PERIOD_ON_PROJECT_START,\nREPLACE_REGEXPR('\\n|\"' IN FISCAL_YEAR_PERIOD_ON_PROJECT_START_RPT WITH ' ' OCCURRENCE ALL) AS FISCAL_YEAR_PERIOD_ON_PROJECT_START_RPT,\nREPLACE_REGEXPR('\\n|\"' IN FISCAL_YEAR_PERIOD_ON_PROJECT_END WITH ' ' OCCURRENCE ALL) AS FISCAL_YEAR_PERIOD_ON_PROJECT_END,\nREPLACE_REGEXPR('\\n|\"' IN FISCAL_YEAR_PERIOD_ON_PROJECT_END_RPT WITH ' ' OCCURRENCE ALL) AS FISCAL_YEAR_PERIOD_ON_PROJECT_END_RPT,\nREPLACE_REGEXPR('\\n|\"' IN FISCAL_VARIANT WITH ' ' OCCURRENCE ALL) AS FISCAL_VARIANT,\nREPLACE_REGEXPR('\\n|\"' IN MO WITH ' ' OCCURRENCE ALL) AS MO,\nREPLACE_REGEXPR('\\n|\"' IN MO_TEXT WITH ' ' OCCURRENCE ALL) AS MO_TEXT,\nREPLACE_REGEXPR('\\n|\"' IN MO_CATEGORY WITH ' ' OCCURRENCE ALL) AS MO_CATEGORY,\nREPLACE_REGEXPR('\\n|\"' IN MO_CATEGORY_TEXT WITH ' ' OCCURRENCE ALL) AS MO_CATEGORY_TEXT,\nREPLACE_REGEXPR('\\n|\"' IN MO_SOLUTION WITH ' ' OCCURRENCE ALL) AS MO_SOLUTION,\nREPLACE_REGEXPR('\\n|\"' IN MO_SOLUTION_TEXT WITH ' ' OCCURRENCE ALL) AS MO_SOLUTION_TEXT,\nREPLACE_REGEXPR('\\n|\"' IN MO_SUB_SOLUTION WITH ' ' OCCURRENCE ALL) AS MO_SUB_SOLUTION,\nREPLACE_REGEXPR('\\n|\"' IN MO_SUB_SOLUTION_TEXT WITH ' ' OCCURRENCE ALL) AS MO_SUB_SOLUTION_TEXT,\nIFNULL(MO_TPNSR_VALUE, 0) AS MO_TPNSR_VALUE,\nIFNULL(MO_VALUE, 0) AS MO_VALUE,\nREPLACE_REGEXPR('\\n|\"' IN PHASE WITH ' ' OCCURRENCE ALL) AS PHASE,\nREPLACE_REGEXPR('\\n|\"' IN PHASE_NAME WITH ' ' OCCURRENCE ALL) AS PHASE_NAME,\nREPLACE_REGEXPR('\\n|\"' IN PHASE_REASON_CODE WITH ' ' OCCURRENCE ALL) AS PHASE_REASON_CODE,\nREPLACE_REGEXPR('\\n|\"' IN PERIOD_WON_LOSS_ABANDONED WITH ' ' OCCURRENCE ALL) AS PERIOD_WON_LOSS_ABANDONED,\nDATE_WON_LOSS_ABANDONED,\nSTART_DATE_OF_CURRENT_PHASE,\nREPLACE_REGEXPR('\\n|\"' IN FSS_LEAD_CODE WITH ' ' OCCURRENCE ALL) AS FSS_LEAD_CODE,\nREPLACE_REGEXPR('\\n|\"' IN FSS_LEAD_PERSONNEL_NAME WITH ' ' OCCURRENCE ALL) AS FSS_LEAD_PERSONNEL_NAME,\nREPLACE_REGEXPR('\\n|\"' IN PURSUIT_COACH_CODE WITH ' ' OCCURRENCE ALL) AS PURSUIT_COACH_CODE,\nREPLACE_REGEXPR('\\n|\"' IN PURSUIT_COACH_NAME WITH ' ' OCCURRENCE ALL) AS PURSUIT_COACH_NAME,\nREPLACE_REGEXPR('\\n|\"' IN PURSUIT_LEADER WITH ' ' OCCURRENCE ALL) AS PURSUIT_LEADER,\nREPLACE_REGEXPR('\\n|\"' IN PURSUIT_LEADER_NAME WITH ' ' OCCURRENCE ALL) AS PURSUIT_LEADER_NAME,\nPURSUIT_START_DATE,\nREPLACE_REGEXPR('\\n|\"' IN REVENUE_RECOGNITION_PATTERN_CODE WITH ' ' OCCURRENCE ALL) AS REVENUE_RECOGNITION_PATTERN_CODE,\nREPLACE_REGEXPR('\\n|\"' IN SUBCONTRACTOR_1_ID WITH ' ' OCCURRENCE ALL) AS SUBCONTRACTOR_1_ID,\nREPLACE_REGEXPR('\\n|\"' IN SUBCONTRACTOR_1_NAME WITH ' ' OCCURRENCE ALL) AS SUBCONTRACTOR_1_NAME,\nREPLACE_REGEXPR('\\n|\"' IN WORK_GEOGRAPHY WITH ' ' OCCURRENCE ALL) AS WORK_GEOGRAPHY,\nREPLACE_REGEXPR('\\n|\"' IN WORK_REGION WITH ' ' OCCURRENCE ALL) AS WORK_REGION,\nREPLACE_REGEXPR('\\n|\"' IN WORK_REGION_TEXT WITH ' ' OCCURRENCE ALL) AS WORK_REGION_TEXT,\nOPP_CLOSE_DATE_EXPECTED,\nPROJECT_END_DATE,\nPROJECT_START_DATE,\nREPLACE_REGEXPR('\\n|\"' IN DPS_CLIENT_ACCNT_GRP WITH ' ' OCCURRENCE ALL) AS DPS_CLIENT_ACCNT_GRP,\nREPLACE_REGEXPR('\\n|\"' IN DPS_CLIENT_ACCNT_GRP_TEXT WITH ' ' OCCURRENCE ALL) AS DPS_CLIENT_ACCNT_GRP_TEXT,\nREPLACE_REGEXPR('\\n|\"' IN DPS_CLIENT_ALT_SECTOR WITH ' ' OCCURRENCE ALL) AS DPS_CLIENT_ALT_SECTOR,\nREPLACE_REGEXPR('\\n|\"' IN DPS_CLIENT_ALT_SECTOR_TEXT WITH ' ' OCCURRENCE ALL) AS DPS_CLIENT_ALT_SECTOR_TEXT,\nREPLACE_REGEXPR('\\n|\"' IN DPS_CLIENT_ATTEST_FLAG WITH ' ' OCCURRENCE ALL) AS DPS_CLIENT_ATTEST_FLAG,\nREPLACE_REGEXPR('\\n|\"' IN DPS_CLIENT_CITY WITH ' ' OCCURRENCE ALL) AS DPS_CLIENT_CITY,\nREPLACE_REGEXPR('\\n|\"' IN DPS_CLIENT_CLIENT_CREATE_DATE WITH ' ' OCCURRENCE ALL) AS DPS_CLIENT_CLIENT_CREATE_DATE,\nREPLACE_REGEXPR('\\n|\"' IN DPS_CLIENT_CONS_ALT_INDUSTRY WITH ' ' OCCURRENCE ALL) AS DPS_CLIENT_CONS_ALT_INDUSTRY,\nREPLACE_REGEXPR('\\n|\"' IN DPS_CLIENT_CONS_ALT_INDUSTRY_TEXT WITH ' ' OCCURRENCE ALL) AS DPS_CLIENT_CONS_ALT_INDUSTRY_TEXT,\nREPLACE_REGEXPR('\\n|\"' IN DPS_CLIENT_CONS_ALT_SECTOR WITH ' ' OCCURRENCE ALL) AS DPS_CLIENT_CONS_ALT_SECTOR,\nREPLACE_REGEXPR('\\n|\"' IN DPS_CLIENT_CONS_ALT_SECTOR_TEXT WITH ' ' OCCURRENCE ALL) AS DPS_CLIENT_CONS_ALT_SECTOR_TEXT,\nREPLACE_REGEXPR('\\n|\"' IN DPS_CLIENT_CONS_ALT_SIC WITH ' ' OCCURRENCE ALL) AS DPS_CLIENT_CONS_ALT_SIC,\nREPLACE_REGEXPR('\\n|\"' IN DPS_CLIENT_CONS_ALT_SIC_TEXT WITH ' ' OCCURRENCE ALL) AS DPS_CLIENT_CONS_ALT_SIC_TEXT,\nREPLACE_REGEXPR('\\n|\"' IN DPS_CLIENT_CONS_ALT_SUB_SECTOR WITH ' ' OCCURRENCE ALL) AS DPS_CLIENT_CONS_ALT_SUB_SECTOR,\nREPLACE_REGEXPR('\\n|\"' IN DPS_CLIENT_CONS_ALT_SUB_SECTOR_TEXT WITH ' ' OCCURRENCE ALL) AS DPS_CLIENT_CONS_ALT_SUB_SECTOR_TEXT,\nREPLACE_REGEXPR('\\n|\"' IN DPS_CLIENT_COUNTRY WITH ' ' OCCURRENCE ALL) AS DPS_CLIENT_COUNTRY,\nREPLACE_REGEXPR('\\n|\"' IN DPS_CLIENT_DGMF_ID WITH ' ' OCCURRENCE ALL) AS DPS_CLIENT_DGMF_ID,\nREPLACE_REGEXPR('\\n|\"' IN DPS_CLIENT_DOM_ULT_DUNS WITH ' ' OCCURRENCE ALL) AS DPS_CLIENT_DOM_ULT_DUNS,\nREPLACE_REGEXPR('\\n|\"' IN DPS_CLIENT_DOM_ULT_DUNS_TEXT WITH ' ' OCCURRENCE ALL) AS DPS_CLIENT_DOM_ULT_DUNS_TEXT,\nREPLACE_REGEXPR('\\n|\"' IN DPS_CLIENT_DUNS WITH ' ' OCCURRENCE ALL) AS DPS_CLIENT_DUNS,\nREPLACE_REGEXPR('\\n|\"' IN DPS_CLIENT_DUNS_TEXT WITH ' ' OCCURRENCE ALL) AS DPS_CLIENT_DUNS_TEXT,\nREPLACE_REGEXPR('\\n|\"' IN DPS_CLIENT_INDEP_STATUS WITH ' ' OCCURRENCE ALL) AS DPS_CLIENT_INDEP_STATUS,\nREPLACE_REGEXPR('\\n|\"' IN DPS_CLIENT_INDUSTRY WITH ' ' OCCURRENCE ALL) AS DPS_CLIENT_INDUSTRY,\nREPLACE_REGEXPR('\\n|\"' IN DPS_CLIENT_INDUSTRY_TEXT WITH ' ' OCCURRENCE ALL) AS DPS_CLIENT_INDUSTRY_TEXT,\nREPLACE_REGEXPR('\\n|\"' IN DPS_CLIENT_LCSP WITH ' ' OCCURRENCE ALL) AS DPS_CLIENT_LCSP,\nREPLACE_REGEXPR('\\n|\"' IN DPS_CLIENT_LCSP_TEXT WITH ' ' OCCURRENCE ALL) AS DPS_CLIENT_LCSP_TEXT,\nREPLACE_REGEXPR('\\n|\"' IN DPS_CLIENT_LEP_A WITH ' ' OCCURRENCE ALL) AS DPS_CLIENT_LEP_A,\nREPLACE_REGEXPR('\\n|\"' IN DPS_CLIENT_LEP_A_TEXT WITH ' ' OCCURRENCE ALL) AS DPS_CLIENT_LEP_A_TEXT,\nREPLACE_REGEXPR('\\n|\"' IN DPS_CLIENT_LEP_C WITH ' ' OCCURRENCE ALL) AS DPS_CLIENT_LEP_C,\nREPLACE_REGEXPR('\\n|\"' IN DPS_CLIENT_LEP_C_TEXT WITH ' ' OCCURRENCE ALL) AS DPS_CLIENT_LEP_C_TEXT,\nREPLACE_REGEXPR('\\n|\"' IN DPS_CLIENT_LEP_F WITH ' ' OCCURRENCE ALL) AS DPS_CLIENT_LEP_F,\nREPLACE_REGEXPR('\\n|\"' IN DPS_CLIENT_LEP_F_TEXT WITH ' ' OCCURRENCE ALL) AS DPS_CLIENT_LEP_F_TEXT,\nREPLACE_REGEXPR('\\n|\"' IN DPS_CLIENT_LEP_T WITH ' ' OCCURRENCE ALL) AS DPS_CLIENT_LEP_T,\nREPLACE_REGEXPR('\\n|\"' IN DPS_CLIENT_LEP_T_TEXT WITH ' ' OCCURRENCE ALL) AS DPS_CLIENT_LEP_T_TEXT,\nREPLACE_REGEXPR('\\n|\"' IN DPS_CLIENT_NAME WITH ' ' OCCURRENCE ALL) AS DPS_CLIENT_NAME,\nREPLACE_REGEXPR('\\n|\"' IN DPS_CLIENT_OFFICE WITH ' ' OCCURRENCE ALL) AS DPS_CLIENT_OFFICE,\nREPLACE_REGEXPR('\\n|\"' IN DPS_CLIENT_OFFICE_TEXT WITH ' ' OCCURRENCE ALL) AS DPS_CLIENT_OFFICE_TEXT,\nREPLACE_REGEXPR('\\n|\"' IN DPS_CLIENT_REGION WITH ' ' OCCURRENCE ALL) AS DPS_CLIENT_REGION,\nREPLACE_REGEXPR('\\n|\"' IN DPS_CLIENT_REGION_TEXT WITH ' ' OCCURRENCE ALL) AS DPS_CLIENT_REGION_TEXT,\nREPLACE_REGEXPR('\\n|\"' IN DPS_CLIENT_SEC_FILER WITH ' ' OCCURRENCE ALL) AS DPS_CLIENT_SEC_FILER,\nREPLACE_REGEXPR('\\n|\"' IN DPS_CLIENT_SIC WITH ' ' OCCURRENCE ALL) AS DPS_CLIENT_SIC,\nREPLACE_REGEXPR('\\n|\"' IN DPS_CLIENT_SIC_TEXT WITH ' ' OCCURRENCE ALL) AS DPS_CLIENT_SIC_TEXT,\nREPLACE_REGEXPR('\\n|\"' IN DPS_CLIENT_STATE WITH ' ' OCCURRENCE ALL) AS DPS_CLIENT_STATE,\nREPLACE_REGEXPR('\\n|\"' IN DPS_CLIENT_SUB_SECTOR WITH ' ' OCCURRENCE ALL) AS DPS_CLIENT_SUB_SECTOR,\nREPLACE_REGEXPR('\\n|\"' IN DPS_CLIENT_SUB_SECTOR_TEXT WITH ' ' OCCURRENCE ALL) AS DPS_CLIENT_SUB_SECTOR_TEXT,\nREPLACE_REGEXPR('\\n|\"' IN DPS_CLIENT_ZIPCODE WITH ' ' OCCURRENCE ALL) AS DPS_CLIENT_ZIPCODE,\nREPLACE_REGEXPR('\\n|\"' IN LEP_AERS_S4_COMP_CODE WITH ' ' OCCURRENCE ALL) AS LEP_AERS_S4_COMP_CODE,\nREPLACE_REGEXPR('\\n|\"' IN LEP_AERS_COMP_CODE_DESC WITH ' ' OCCURRENCE ALL) AS LEP_AERS_COMP_CODE_DESC,\nREPLACE_REGEXPR('\\n|\"' IN LEP_AERS_JOB WITH ' ' OCCURRENCE ALL) AS LEP_AERS_JOB,\nREPLACE_REGEXPR('\\n|\"' IN LEP_AERS_JOB_DESC WITH ' ' OCCURRENCE ALL) AS LEP_AERS_JOB_DESC,\nREPLACE_REGEXPR('\\n|\"' IN LEP_AERS_CCLUSTER WITH ' ' OCCURRENCE ALL) AS LEP_AERS_CCLUSTER,\nREPLACE_REGEXPR('\\n|\"' IN LEP_AERS_PHR_REGION_DESC WITH ' ' OCCURRENCE ALL) AS LEP_AERS_PHR_REGION_DESC,\nREPLACE_REGEXPR('\\n|\"' IN LEP_AERS_PERS_AREA WITH ' ' OCCURRENCE ALL) AS LEP_AERS_PERS_AREA,\nREPLACE_REGEXPR('\\n|\"' IN LEP_AERS_PERS_AREA_DESC WITH ' ' OCCURRENCE ALL) AS LEP_AERS_PERS_AREA_DESC,\nREPLACE_REGEXPR('\\n|\"' IN LEP_AERS_PRIMARY_INDUSTRY WITH ' ' OCCURRENCE ALL) AS LEP_AERS_PRIMARY_INDUSTRY,\nREPLACE_REGEXPR('\\n|\"' IN LEP_AERS_PRIMARY_INDUSTRY_DESC WITH ' ' OCCURRENCE ALL) AS LEP_AERS_PRIMARY_INDUSTRY_DESC,\nREPLACE_REGEXPR('\\n|\"' IN LEP_AERS_PHR_OFFICE WITH ' ' OCCURRENCE ALL) AS LEP_AERS_PHR_OFFICE,\nREPLACE_REGEXPR('\\n|\"' IN LEP_AERS_PHR_OFFICE_DESC WITH ' ' OCCURRENCE ALL) AS LEP_AERS_PHR_OFFICE_DESC,\nREPLACE_REGEXPR('\\n|\"' IN LEP_TAX_S4_COMP_CODE WITH ' ' OCCURRENCE ALL) AS LEP_TAX_S4_COMP_CODE,\nREPLACE_REGEXPR('\\n|\"' IN LEP_TAX_COMP_CODE_DESC WITH ' ' OCCURRENCE ALL) AS LEP_TAX_COMP_CODE_DESC,\nREPLACE_REGEXPR('\\n|\"' IN LEP_TAX_JOB WITH ' ' OCCURRENCE ALL) AS LEP_TAX_JOB,\nREPLACE_REGEXPR('\\n|\"' IN LEP_TAX_JOB_DESC WITH ' ' OCCURRENCE ALL) AS LEP_TAX_JOB_DESC,\nREPLACE_REGEXPR('\\n|\"' IN LEP_TAX_CCLUSTER WITH ' ' OCCURRENCE ALL) AS LEP_TAX_CCLUSTER,\nREPLACE_REGEXPR('\\n|\"' IN LEP_TAX_PHR_REGION_DESC WITH ' ' OCCURRENCE ALL) AS LEP_TAX_PHR_REGION_DESC,\nREPLACE_REGEXPR('\\n|\"' IN LEP_TAX_PERS_AREA WITH ' ' OCCURRENCE ALL) AS LEP_TAX_PERS_AREA,\nREPLACE_REGEXPR('\\n|\"' IN LEP_TAX_PERS_AREA_DESC WITH ' ' OCCURRENCE ALL) AS LEP_TAX_PERS_AREA_DESC,\nREPLACE_REGEXPR('\\n|\"' IN LEP_TAX_PRIMARY_INDUSTRY WITH ' ' OCCURRENCE ALL) AS LEP_TAX_PRIMARY_INDUSTRY,\nREPLACE_REGEXPR('\\n|\"' IN LEP_TAX_PRIMARY_INDUSTRY_DESC WITH ' ' OCCURRENCE ALL) AS LEP_TAX_PRIMARY_INDUSTRY_DESC,\nREPLACE_REGEXPR('\\n|\"' IN LEP_TAX_PHR_OFFICE WITH ' ' OCCURRENCE ALL) AS LEP_TAX_PHR_OFFICE,\nREPLACE_REGEXPR('\\n|\"' IN LEP_TAX_PHR_OFFICE_DESC WITH ' ' OCCURRENCE ALL) AS LEP_TAX_PHR_OFFICE_DESC,\nREPLACE_REGEXPR('\\n|\"' IN LEP_FAS_S4_COMP_CODE WITH ' ' OCCURRENCE ALL) AS LEP_FAS_S4_COMP_CODE,\nREPLACE_REGEXPR('\\n|\"' IN LEP_FAS_COMP_CODE_DESC WITH ' ' OCCURRENCE ALL) AS LEP_FAS_COMP_CODE_DESC,\nREPLACE_REGEXPR('\\n|\"' IN LEP_FAS_JOB WITH ' ' OCCURRENCE ALL) AS LEP_FAS_JOB,\nREPLACE_REGEXPR('\\n|\"' IN LEP_FAS_JOB_DESC WITH ' ' OCCURRENCE ALL) AS LEP_FAS_JOB_DESC,\nREPLACE_REGEXPR('\\n|\"' IN LEP_FAS_CCLUSTER WITH ' ' OCCURRENCE ALL) AS LEP_FAS_CCLUSTER,\nREPLACE_REGEXPR('\\n|\"' IN LEP_FAS_PHR_REGION_DESC WITH ' ' OCCURRENCE ALL) AS LEP_FAS_PHR_REGION_DESC,\nREPLACE_REGEXPR('\\n|\"' IN LEP_FAS_PERS_AREA WITH ' ' OCCURRENCE ALL) AS LEP_FAS_PERS_AREA,\nREPLACE_REGEXPR('\\n|\"' IN LEP_FAS_PERS_AREA_DESC WITH ' ' OCCURRENCE ALL) AS LEP_FAS_PERS_AREA_DESC,\nREPLACE_REGEXPR('\\n|\"' IN LEP_FAS_PRIMARY_INDUSTRY WITH ' ' OCCURRENCE ALL) AS LEP_FAS_PRIMARY_INDUSTRY,\nREPLACE_REGEXPR('\\n|\"' IN LEP_FAS_PRIMARY_INDUSTRY_DESC WITH ' ' OCCURRENCE ALL) AS LEP_FAS_PRIMARY_INDUSTRY_DESC,\nREPLACE_REGEXPR('\\n|\"' IN LEP_FAS_PHR_OFFICE WITH ' ' OCCURRENCE ALL) AS LEP_FAS_PHR_OFFICE,\nREPLACE_REGEXPR('\\n|\"' IN LEP_FAS_PHR_OFFICE_DESC WITH ' ' OCCURRENCE ALL) AS LEP_FAS_PHR_OFFICE_DESC,\nREPLACE_REGEXPR('\\n|\"' IN LEP_DC_S4_COMP_CODE WITH ' ' OCCURRENCE ALL) AS LEP_DC_S4_COMP_CODE,\nREPLACE_REGEXPR('\\n|\"' IN LEP_DC_COMP_CODE_DESC WITH ' ' OCCURRENCE ALL) AS LEP_DC_COMP_CODE_DESC,\nREPLACE_REGEXPR('\\n|\"' IN LEP_DC_JOB WITH ' ' OCCURRENCE ALL) AS LEP_DC_JOB,\nREPLACE_REGEXPR('\\n|\"' IN LEP_DC_JOB_DESC WITH ' ' OCCURRENCE ALL) AS LEP_DC_JOB_DESC,\nREPLACE_REGEXPR('\\n|\"' IN LEP_DC_CCLUSTER WITH ' ' OCCURRENCE ALL) AS LEP_DC_CCLUSTER,\nREPLACE_REGEXPR('\\n|\"' IN LEP_DC_PHR_REGION_DESC WITH ' ' OCCURRENCE ALL) AS LEP_DC_PHR_REGION_DESC,\nREPLACE_REGEXPR('\\n|\"' IN LEP_DC_PERS_AREA WITH ' ' OCCURRENCE ALL) AS LEP_DC_PERS_AREA,\nREPLACE_REGEXPR('\\n|\"' IN LEP_DC_PERS_AREA_DESC WITH ' ' OCCURRENCE ALL) AS LEP_DC_PERS_AREA_DESC,\nREPLACE_REGEXPR('\\n|\"' IN LEP_DC_PRIMARY_INDUSTRY WITH ' ' OCCURRENCE ALL) AS LEP_DC_PRIMARY_INDUSTRY,\nREPLACE_REGEXPR('\\n|\"' IN LEP_DC_PRIMARY_INDUSTRY_DESC WITH ' ' OCCURRENCE ALL) AS LEP_DC_PRIMARY_INDUSTRY_DESC,\nREPLACE_REGEXPR('\\n|\"' IN LEP_DC_PHR_OFFICE WITH ' ' OCCURRENCE ALL) AS LEP_DC_PHR_OFFICE,\nREPLACE_REGEXPR('\\n|\"' IN LEP_DC_PHR_OFFICE_DESC WITH ' ' OCCURRENCE ALL) AS LEP_DC_PHR_OFFICE_DESC,\nREPLACE_REGEXPR('\\n|\"' IN LCSP_S4_COMP_CODE WITH ' ' OCCURRENCE ALL) AS LCSP_S4_COMP_CODE,\nREPLACE_REGEXPR('\\n|\"' IN LCSP_COMP_CODE_DESC WITH ' ' OCCURRENCE ALL) AS LCSP_COMP_CODE_DESC,\nREPLACE_REGEXPR('\\n|\"' IN LCSP_JOB WITH ' ' OCCURRENCE ALL) AS LCSP_JOB,\nREPLACE_REGEXPR('\\n|\"' IN LCSP_JOB_MED_DESC WITH ' ' OCCURRENCE ALL) AS LCSP_JOB_MED_DESC,\nREPLACE_REGEXPR('\\n|\"' IN LCSP_CCLUSTER WITH ' ' OCCURRENCE ALL) AS LCSP_CCLUSTER,\nREPLACE_REGEXPR('\\n|\"' IN LCSP_PHR_REGN_DESC WITH ' ' OCCURRENCE ALL) AS LCSP_PHR_REGN_DESC,\nREPLACE_REGEXPR('\\n|\"' IN LCSP_PERS_AREA WITH ' ' OCCURRENCE ALL) AS LCSP_PERS_AREA,\nREPLACE_REGEXPR('\\n|\"' IN LCSP_PERS_AREA_DESC WITH ' ' OCCURRENCE ALL) AS LCSP_PERS_AREA_DESC,\nREPLACE_REGEXPR('\\n|\"' IN LCSP_PRIMARY_INDUSTRY WITH ' ' OCCURRENCE ALL) AS LCSP_PRIMARY_INDUSTRY,\nREPLACE_REGEXPR('\\n|\"' IN LCSP_PRIMARY_INDUSTRY_DESC WITH ' ' OCCURRENCE ALL) AS LCSP_PRIMARY_INDUSTRY_DESC,\nREPLACE_REGEXPR('\\n|\"' IN LCSP_PHR_OFFICE WITH ' ' OCCURRENCE ALL) AS LCSP_PHR_OFFICE,\nREPLACE_REGEXPR('\\n|\"' IN LCSP_PHR_OFFICE_DESC WITH ' ' OCCURRENCE ALL) AS LCSP_PHR_OFFICE_DESC,\nREPLACE_REGEXPR('\\n|\"' IN PRIORITY_CODE WITH ' ' OCCURRENCE ALL) AS PRIORITY_CODE,\nREPLACE_REGEXPR('\\n|\"' IN PRIORITY WITH ' ' OCCURRENCE ALL) AS PRIORITY,\nREPLACE_REGEXPR('\\n|\"' IN ATTEST_FLAG WITH ' ' OCCURRENCE ALL) AS ATTEST_FLAG,\nPROBABILITY_PRC,\nREPLACE_REGEXPR('\\n|\"' IN REQUEST_CONSULTING_QUALITY_REVIEW WITH ' ' OCCURRENCE ALL) AS REQUEST_CONSULTING_QUALITY_REVIEW,\nREPLACE_REGEXPR('\\n|\"' IN REPROPOSAL_FLG WITH ' ' OCCURRENCE ALL) AS REPROPOSAL_FLG,\nREPLACE_REGEXPR('\\n|\"' IN SM_BD_PURSUIT_MANAGEMENT_INVOLVED_FLG WITH ' ' OCCURRENCE ALL) AS SM_BD_PURSUIT_MANAGEMENT_INVOLVED_FLG,\nCREATED_DATE,\nREPLACE_REGEXPR('\\n|\"' IN RISK_ASSESSMENT_COMPLIANCE_STATUS WITH ' ' OCCURRENCE ALL) AS RISK_ASSESSMENT_COMPLIANCE_STATUS,\nRISK_ASSESSMENT_DATE,\nREPLACE_REGEXPR('\\n|\"' IN RISK_ASSESSMENT_SCORE WITH ' ' OCCURRENCE ALL) AS RISK_ASSESSMENT_SCORE,\nRISK_CONSULTATION_DATE,\nRISK_REVIEW_DATE,\nREPLACE_REGEXPR('\\n|\"' IN RISK_SCORE_DESC WITH ' ' OCCURRENCE ALL) AS RISK_SCORE_DESC,\nREPLACE_REGEXPR('\\n|\"' IN RISK_STATUS WITH ' ' OCCURRENCE ALL) AS RISK_STATUS,\nREPLACE_REGEXPR('\\n|\"' IN LAW_FIRM_CODE WITH ' ' OCCURRENCE ALL) AS LAW_FIRM_CODE,\nREPLACE_REGEXPR('\\n|\"' IN LAW_FIRM_NAME WITH ' ' OCCURRENCE ALL) AS LAW_FIRM_NAME,\nREPLACE_REGEXPR('\\n|\"' IN LAW_FIRM_ON_CLOSE_CODE WITH ' ' OCCURRENCE ALL) AS LAW_FIRM_ON_CLOSE_CODE,\nREPLACE_REGEXPR('\\n|\"' IN LAW_FIRM_ON_CLOSE_NAME WITH ' ' OCCURRENCE ALL) AS LAW_FIRM_ON_CLOSE_NAME,\nREPLACE_REGEXPR('\\n|\"' IN LAW_FIRM_IN_HOUSE_COUNSEL_PEF_CODE WITH ' ' OCCURRENCE ALL) AS LAW_FIRM_IN_HOUSE_COUNSEL_PEF_CODE,\nREPLACE_REGEXPR('\\n|\"' IN LAW_FIRM_IN_HOUSE_COUNSEL_PEF_NAME WITH ' ' OCCURRENCE ALL) AS LAW_FIRM_IN_HOUSE_COUNSEL_PEF_NAME,\nINITIATIVE_CODE,\nREPLACE_REGEXPR('\\n|\"' IN INITIATIVE_1 WITH ' ' OCCURRENCE ALL) AS INITIATIVE_1,\nREPLACE_REGEXPR('\\n|\"' IN INITIATIVE_2 WITH ' ' OCCURRENCE ALL) AS INITIATIVE_2,\nREPLACE_REGEXPR('\\n|\"' IN INITIATIVE_3 WITH ' ' OCCURRENCE ALL) AS INITIATIVE_3,\nREPLACE_REGEXPR('\\n|\"' IN QUALITY_REVIEWER_PERSONAL_NUMBER WITH ' ' OCCURRENCE ALL) AS QUALITY_REVIEWER_PERSONAL_NUMBER,\nREPLACE_REGEXPR('\\n|\"' IN QUALITY_REVIEWER_PERSONAL_NUMBER_DESC WITH ' ' OCCURRENCE ALL) AS QUALITY_REVIEWER_PERSONAL_NUMBER_DESC,\nREPLACE_REGEXPR('\\n|\"' IN TYPE_OF_RECURRING_WORK_CODE WITH ' ' OCCURRENCE ALL) AS TYPE_OF_RECURRING_WORK_CODE,\nREPLACE_REGEXPR('\\n|\"' IN TYPE_OF_RECURRING_WORK WITH ' ' OCCURRENCE ALL) AS TYPE_OF_RECURRING_WORK,\nREPLACE_REGEXPR('\\n|\"' IN CONSULTING_SECTOR_OFFERING_CODE_ID WITH ' ' OCCURRENCE ALL) AS CONSULTING_SECTOR_OFFERING_CODE_ID,\nREPLACE_REGEXPR('\\n|\"' IN CONSULTING_MARKET_SECTOR_OFFERING WITH ' ' OCCURRENCE ALL) AS CONSULTING_MARKET_SECTOR_OFFERING,\nREPLACE_REGEXPR('\\n|\"' IN FEE_TYPE_CODE WITH ' ' OCCURRENCE ALL) AS FEE_TYPE_CODE,\nREPLACE_REGEXPR('\\n|\"' IN FEE_TYPE WITH ' ' OCCURRENCE ALL) AS FEE_TYPE,\nREPLACE_REGEXPR('\\n|\"' IN ISO_CODE WITH ' ' OCCURRENCE ALL) AS ISO_CODE,\nREPLACE_REGEXPR('\\n|\"' IN CROSS_BUSINESS_OFFERING_DESC WITH ' ' OCCURRENCE ALL) AS CROSS_BUSINESS_OFFERING_DESC,\nREPLACE_REGEXPR('\\n|\"' IN STRATEGIC_OPPORTUNITY_CODE WITH ' ' OCCURRENCE ALL) AS STRATEGIC_OPPORTUNITY_CODE,\nREPLACE_REGEXPR('\\n|\"' IN STRATEGIC_OPPORTUNITY WITH ' ' OCCURRENCE ALL) AS STRATEGIC_OPPORTUNITY,\nREPLACE_REGEXPR('\\n|\"' IN PARENT_INDUSTRY WITH ' ' OCCURRENCE ALL) AS PARENT_INDUSTRY,\nREPLACE_REGEXPR('\\n|\"' IN PARENT_INDUSTRY_DESC WITH ' ' OCCURRENCE ALL) AS PARENT_INDUSTRY_DESC,\nREPLACE_REGEXPR('\\n|\"' IN PARENT_SECTOR WITH ' ' OCCURRENCE ALL) AS PARENT_SECTOR,\nREPLACE_REGEXPR('\\n|\"' IN PARENT_SECTOR_DESC WITH ' ' OCCURRENCE ALL) AS PARENT_SECTOR_DESC,\nREPLACE_REGEXPR('\\n|\"' IN PARENT_SUB_SECTOR WITH ' ' OCCURRENCE ALL) AS PARENT_SUB_SECTOR,\nREPLACE_REGEXPR('\\n|\"' IN PARENT_SUB_SECTOR_DESC WITH ' ' OCCURRENCE ALL) AS PARENT_SUB_SECTOR_DESC,\nREPLACE_REGEXPR('\\n|\"' IN PARENT_REGION WITH ' ' OCCURRENCE ALL) AS PARENT_REGION,\nREPLACE_REGEXPR('\\n|\"' IN PARENT_REGION_DESC WITH ' ' OCCURRENCE ALL) AS PARENT_REGION_DESC,\nREPLACE_REGEXPR('\\n|\"' IN PARENT_OFFICE WITH ' ' OCCURRENCE ALL) AS PARENT_OFFICE,\nREPLACE_REGEXPR('\\n|\"' IN PARENT_OFFICE_DESC WITH ' ' OCCURRENCE ALL) AS PARENT_OFFICE_DESC,\nREPLACE_REGEXPR('\\n|\"' IN PARENT_CLIENT WITH ' ' OCCURRENCE ALL) AS PARENT_CLIENT,\nREPLACE_REGEXPR('\\n|\"' IN PARENT_CLIENT_TEXT WITH ' ' OCCURRENCE ALL) AS PARENT_CLIENT_TEXT,\nREPLACE_REGEXPR('\\n|\"' IN PARENT_CLIENT_PROGRAM WITH ' ' OCCURRENCE ALL) AS PARENT_CLIENT_PROGRAM,\nREPLACE_REGEXPR('\\n|\"' IN PARENT_CLIENT_PROGRAM_DESC WITH ' ' OCCURRENCE ALL) AS PARENT_CLIENT_PROGRAM_DESC,\nREPLACE_REGEXPR('\\n|\"' IN PARENT_DGES WITH ' ' OCCURRENCE ALL) AS PARENT_DGES,\nREPLACE_REGEXPR('\\n|\"' IN PARENT_DGES_DESC WITH ' ' OCCURRENCE ALL) AS PARENT_DGES_DESC,\nREPLACE_REGEXPR('\\n|\"' IN PARENT_TAX_PROGRAM WITH ' ' OCCURRENCE ALL) AS PARENT_TAX_PROGRAM,\nREPLACE_REGEXPR('\\n|\"' IN PARENT_FAS_PROGRAM WITH ' ' OCCURRENCE ALL) AS PARENT_FAS_PROGRAM,\nREPLACE_REGEXPR('\\n|\"' IN PARENT_CON_PROGRAM WITH ' ' OCCURRENCE ALL) AS PARENT_CON_PROGRAM,\nREPLACE_REGEXPR('\\n|\"' IN PARENT_DUNS_NBR WITH ' ' OCCURRENCE ALL) AS PARENT_DUNS_NBR,\nREPLACE_REGEXPR('\\n|\"' IN PARENT_ACE WITH ' ' OCCURRENCE ALL) AS PARENT_ACE,\nREPLACE_REGEXPR('\\n|\"' IN PARENT_LCSP WITH ' ' OCCURRENCE ALL) AS PARENT_LCSP,\nREPLACE_REGEXPR('\\n|\"' IN PARENT_LCSP_TEXT WITH ' ' OCCURRENCE ALL) AS PARENT_LCSP_TEXT,\nREPLACE_REGEXPR('\\n|\"' IN PARENT_LEP_A_TYPE WITH ' ' OCCURRENCE ALL) AS PARENT_LEP_A_TYPE,\nREPLACE_REGEXPR('\\n|\"' IN PARENT_DUNS_NBR_TEXT WITH ' ' OCCURRENCE ALL) AS PARENT_DUNS_NBR_TEXT,\nREPLACE_REGEXPR('\\n|\"' IN PARENT_LEP_C_TYPE WITH ' ' OCCURRENCE ALL) AS PARENT_LEP_C_TYPE,\nREPLACE_REGEXPR('\\n|\"' IN PARENT_LEP_A WITH ' ' OCCURRENCE ALL) AS PARENT_LEP_A,\nREPLACE_REGEXPR('\\n|\"' IN PARENT_LEP_A_TEXT WITH ' ' OCCURRENCE ALL) AS PARENT_LEP_A_TEXT,\nREPLACE_REGEXPR('\\n|\"' IN PARENT_LEP_T WITH ' ' OCCURRENCE ALL) AS PARENT_LEP_T,\nREPLACE_REGEXPR('\\n|\"' IN PARENT_LEP_T_TEXT WITH ' ' OCCURRENCE ALL) AS PARENT_LEP_T_TEXT,\nREPLACE_REGEXPR('\\n|\"' IN PARENT_LEP_F WITH ' ' OCCURRENCE ALL) AS PARENT_LEP_F,\nREPLACE_REGEXPR('\\n|\"' IN PARENT_LEP_F_TEXT WITH ' ' OCCURRENCE ALL) AS PARENT_LEP_F_TEXT,\nREPLACE_REGEXPR('\\n|\"' IN PARENT_LEP_C WITH ' ' OCCURRENCE ALL) AS PARENT_LEP_C,\nREPLACE_REGEXPR('\\n|\"' IN PARENT_LEP_C_TEXT WITH ' ' OCCURRENCE ALL) AS PARENT_LEP_C_TEXT,\nREPLACE_REGEXPR('\\n|\"' IN PARENT_ATTEST_FLAG WITH ' ' OCCURRENCE ALL) AS PARENT_ATTEST_FLAG,\nREPLACE_REGEXPR('\\n|\"' IN PARENT_FEDERAL_FLAG WITH ' ' OCCURRENCE ALL) AS PARENT_FEDERAL_FLAG,\nREPLACE_REGEXPR('\\n|\"' IN PARENT_SIC WITH ' ' OCCURRENCE ALL) AS PARENT_SIC,\nREPLACE_REGEXPR('\\n|\"' IN PARENT_SIC_TEXT WITH ' ' OCCURRENCE ALL) AS PARENT_SIC_TEXT,\nREPLACE_REGEXPR('\\n|\"' IN PLP_AERS_CCLUSTER WITH ' ' OCCURRENCE ALL) AS PLP_AERS_CCLUSTER,\nREPLACE_REGEXPR('\\n|\"' IN PLP_AERS_COMP_CODE_TXT WITH ' ' OCCURRENCE ALL) AS PLP_AERS_COMP_CODE_TXT,\nREPLACE_REGEXPR('\\n|\"' IN PLP_AERS_JOB WITH ' ' OCCURRENCE ALL) AS PLP_AERS_JOB,\nREPLACE_REGEXPR('\\n|\"' IN PLP_AERS_JOB_MED_TXT WITH ' ' OCCURRENCE ALL) AS PLP_AERS_JOB_MED_TXT,\nREPLACE_REGEXPR('\\n|\"' IN PLP_AERS_PERS_AREA WITH ' ' OCCURRENCE ALL) AS PLP_AERS_PERS_AREA,\nREPLACE_REGEXPR('\\n|\"' IN PLP_AERS_PERS_AREA_TXT WITH ' ' OCCURRENCE ALL) AS PLP_AERS_PERS_AREA_TXT,\nREPLACE_REGEXPR('\\n|\"' IN PLP_AERS_PHR_OFFICE WITH ' ' OCCURRENCE ALL) AS PLP_AERS_PHR_OFFICE,\nREPLACE_REGEXPR('\\n|\"' IN PLP_AERS_PHR_OFFICE_TXT WITH ' ' OCCURRENCE ALL) AS PLP_AERS_PHR_OFFICE_TXT,\nREPLACE_REGEXPR('\\n|\"' IN PLP_AERS_PHR_REGION_TXT WITH ' ' OCCURRENCE ALL) AS PLP_AERS_PHR_REGION_TXT,\nREPLACE_REGEXPR('\\n|\"' IN PLP_AERS_PRIMARY_INDUSTRY WITH ' ' OCCURRENCE ALL) AS PLP_AERS_PRIMARY_INDUSTRY,\nREPLACE_REGEXPR('\\n|\"' IN PLP_AERS_PRIMARY_INDUSTRY_TXT WITH ' ' OCCURRENCE ALL) AS PLP_AERS_PRIMARY_INDUSTRY_TXT,\nREPLACE_REGEXPR('\\n|\"' IN PLP_AERS_S4_COMP_CODE WITH ' ' OCCURRENCE ALL) AS PLP_AERS_S4_COMP_CODE,\nREPLACE_REGEXPR('\\n|\"' IN PLP_DC_CCLUSTER WITH ' ' OCCURRENCE ALL) AS PLP_DC_CCLUSTER,\nREPLACE_REGEXPR('\\n|\"' IN PLP_DC_COMP_CODE_TXT WITH ' ' OCCURRENCE ALL) AS PLP_DC_COMP_CODE_TXT,\nREPLACE_REGEXPR('\\n|\"' IN PLP_DC_JOB WITH ' ' OCCURRENCE ALL) AS PLP_DC_JOB,\nREPLACE_REGEXPR('\\n|\"' IN PLP_DC_JOB_MED_TXT WITH ' ' OCCURRENCE ALL) AS PLP_DC_JOB_MED_TXT,\nREPLACE_REGEXPR('\\n|\"' IN PLP_DC_PERS_AREA WITH ' ' OCCURRENCE ALL) AS PLP_DC_PERS_AREA,\nREPLACE_REGEXPR('\\n|\"' IN PLP_DC_PERS_AREA_TXT WITH ' ' OCCURRENCE ALL) AS PLP_DC_PERS_AREA_TXT,\nREPLACE_REGEXPR('\\n|\"' IN PLP_DC_PHR_OFFICE WITH ' ' OCCURRENCE ALL) AS PLP_DC_PHR_OFFICE,\nREPLACE_REGEXPR('\\n|\"' IN PLP_DC_PHR_OFFICE_TXT WITH ' ' OCCURRENCE ALL) AS PLP_DC_PHR_OFFICE_TXT,\nREPLACE_REGEXPR('\\n|\"' IN PLP_DC_PHR_REGION_TXT WITH ' ' OCCURRENCE ALL) AS PLP_DC_PHR_REGION_TXT,\nREPLACE_REGEXPR('\\n|\"' IN PLP_DC_PRIMARY_INDUSTRY WITH ' ' OCCURRENCE ALL) AS PLP_DC_PRIMARY_INDUSTRY,\nREPLACE_REGEXPR('\\n|\"' IN PLP_DC_PRIMARY_INDUSTRY_TXT WITH ' ' OCCURRENCE ALL) AS PLP_DC_PRIMARY_INDUSTRY_TXT,\nREPLACE_REGEXPR('\\n|\"' IN PLP_DC_S4_COMP_CODE WITH ' ' OCCURRENCE ALL) AS PLP_DC_S4_COMP_CODE,\nREPLACE_REGEXPR('\\n|\"' IN PLP_FAS_CCLUSTER WITH ' ' OCCURRENCE ALL) AS PLP_FAS_CCLUSTER,\nREPLACE_REGEXPR('\\n|\"' IN PLP_FAS_COMP_CODE_TXT WITH ' ' OCCURRENCE ALL) AS PLP_FAS_COMP_CODE_TXT,\nREPLACE_REGEXPR('\\n|\"' IN PLP_FAS_JOB WITH ' ' OCCURRENCE ALL) AS PLP_FAS_JOB,\nREPLACE_REGEXPR('\\n|\"' IN PLP_FAS_JOB_MED_TXT WITH ' ' OCCURRENCE ALL) AS PLP_FAS_JOB_MED_TXT,\nREPLACE_REGEXPR('\\n|\"' IN PLP_FAS_PERS_AREA WITH ' ' OCCURRENCE ALL) AS PLP_FAS_PERS_AREA,\nREPLACE_REGEXPR('\\n|\"' IN PLP_FAS_PERS_AREA_TXT WITH ' ' OCCURRENCE ALL) AS PLP_FAS_PERS_AREA_TXT,\nREPLACE_REGEXPR('\\n|\"' IN PLP_FAS_PHR_OFFICE WITH ' ' OCCURRENCE ALL) AS PLP_FAS_PHR_OFFICE,\nREPLACE_REGEXPR('\\n|\"' IN PLP_FAS_PHR_OFFICE_TXT WITH ' ' OCCURRENCE ALL) AS PLP_FAS_PHR_OFFICE_TXT,\nREPLACE_REGEXPR('\\n|\"' IN PLP_FAS_PHR_REGION_TXT WITH ' ' OCCURRENCE ALL) AS PLP_FAS_PHR_REGION_TXT,\nREPLACE_REGEXPR('\\n|\"' IN PLP_FAS_PRIMARY_INDUSTRY WITH ' ' OCCURRENCE ALL) AS PLP_FAS_PRIMARY_INDUSTRY,\nREPLACE_REGEXPR('\\n|\"' IN PLP_FAS_PRIMARY_INDUSTRY_TXT WITH ' ' OCCURRENCE ALL) AS PLP_FAS_PRIMARY_INDUSTRY_TXT,\nREPLACE_REGEXPR('\\n|\"' IN PLP_FAS_S4_COMP_CODE WITH ' ' OCCURRENCE ALL) AS PLP_FAS_S4_COMP_CODE,\nREPLACE_REGEXPR('\\n|\"' IN PLP_TAX_CCLUSTER WITH ' ' OCCURRENCE ALL) AS PLP_TAX_CCLUSTER,\nREPLACE_REGEXPR('\\n|\"' IN PLP_TAX_COMP_CODE_TXT WITH ' ' OCCURRENCE ALL) AS PLP_TAX_COMP_CODE_TXT,\nREPLACE_REGEXPR('\\n|\"' IN PLP_TAX_JOB WITH ' ' OCCURRENCE ALL) AS PLP_TAX_JOB,\nREPLACE_REGEXPR('\\n|\"' IN PLP_TAX_JOB_MED_TXT WITH ' ' OCCURRENCE ALL) AS PLP_TAX_JOB_MED_TXT,\nREPLACE_REGEXPR('\\n|\"' IN PLP_TAX_PERS_AREA WITH ' ' OCCURRENCE ALL) AS PLP_TAX_PERS_AREA,\nREPLACE_REGEXPR('\\n|\"' IN PLP_TAX_PERS_AREA_TXT WITH ' ' OCCURRENCE ALL) AS PLP_TAX_PERS_AREA_TXT,\nREPLACE_REGEXPR('\\n|\"' IN PLP_TAX_PHR_OFFICE WITH ' ' OCCURRENCE ALL) AS PLP_TAX_PHR_OFFICE,\nREPLACE_REGEXPR('\\n|\"' IN PLP_TAX_PHR_OFFICE_TXT WITH ' ' OCCURRENCE ALL) AS PLP_TAX_PHR_OFFICE_TXT,\nREPLACE_REGEXPR('\\n|\"' IN PLP_TAX_PHR_REGION_TXT WITH ' ' OCCURRENCE ALL) AS PLP_TAX_PHR_REGION_TXT,\nREPLACE_REGEXPR('\\n|\"' IN PLP_TAX_PRIMARY_INDUSTRY WITH ' ' OCCURRENCE ALL) AS PLP_TAX_PRIMARY_INDUSTRY,\nREPLACE_REGEXPR('\\n|\"' IN PLP_TAX_PRIMARY_INDUSTRY_TXT WITH ' ' OCCURRENCE ALL) AS PLP_TAX_PRIMARY_INDUSTRY_TXT,\nREPLACE_REGEXPR('\\n|\"' IN PLP_TAX_S4_COMP_CODE WITH ' ' OCCURRENCE ALL) AS PLP_TAX_S4_COMP_CODE,\nREPLACE_REGEXPR('\\n|\"' IN COMPETITORS WITH ' ' OCCURRENCE ALL) AS COMPETITORS,\nREPLACE_REGEXPR('\\n|\"' IN WIN_LOSS_REASON WITH ' ' OCCURRENCE ALL) AS WIN_LOSS_REASON,\nREPLACE_REGEXPR('\\n|\"' IN ENGAGEMENT_INDUSTRY_SECTOR_CODE WITH ' ' OCCURRENCE ALL) AS ENGAGEMENT_INDUSTRY_SECTOR_CODE,\nREPLACE_REGEXPR('\\n|\"' IN ENGAGEMENT_INDUSTRY_SECTOR WITH ' ' OCCURRENCE ALL) AS ENGAGEMENT_INDUSTRY_SECTOR,\nREPLACE_REGEXPR('\\n|\"' IN BUYER_ROLE_CODE WITH ' ' OCCURRENCE ALL) AS BUYER_ROLE_CODE,\nREPLACE_REGEXPR('\\n|\"' IN BUYER_ROLE_DESC WITH ' ' OCCURRENCE ALL) AS BUYER_ROLE_DESC,\nREPLACE_REGEXPR('\\n|\"' IN BUYER_NAME WITH ' ' OCCURRENCE ALL) AS BUYER_NAME,\nREPLACE_REGEXPR('\\n|\"' IN DELOITTE_SOLUTION_CENTER_RELATED_FLG WITH ' ' OCCURRENCE ALL) AS DELOITTE_SOLUTION_CENTER_RELATED_FLG,\nREPLACE_REGEXPR('\\n|\"' IN DELOITTE_SOLUTION_CODE WITH ' ' OCCURRENCE ALL) AS DELOITTE_SOLUTION_CODE,\nREPLACE_REGEXPR('\\n|\"' IN DELOITTE_SOLUTION WITH ' ' OCCURRENCE ALL) AS DELOITTE_SOLUTION,\nREPLACE_REGEXPR('\\n|\"' IN CURRENCY WITH ' ' OCCURRENCE ALL) AS CURRENCY,\nREPLACE_REGEXPR('\\n|\"' IN RFP_REASON WITH ' ' OCCURRENCE ALL) AS RFP_REASON,\nREPLACE_REGEXPR('\\n|\"' IN RFP_RELEASE_DATE_FLG WITH ' ' OCCURRENCE ALL) AS RFP_RELEASE_DATE_FLG,\nRFP_RELEASE_DATE,\nREPLACE_REGEXPR('\\n|\"' IN GLOBAL_OPPORTUNITY_FLG WITH ' ' OCCURRENCE ALL) AS GLOBAL_OPPORTUNITY_FLG,\nREPLACE_REGEXPR('\\n|\"' IN WIN_LOSS_DETAILS WITH ' ' OCCURRENCE ALL) AS WIN_LOSS_DETAILS,\nREPLACE_REGEXPR('\\n|\"' IN OPTIONAL_FIELD_1 WITH ' ' OCCURRENCE ALL) AS OPTIONAL_FIELD_1,\nREPLACE_REGEXPR('\\n|\"' IN OPTIONAL_FIELD_2 WITH ' ' OCCURRENCE ALL) AS OPTIONAL_FIELD_2,\nREPLACE_REGEXPR('\\n|\"' IN OPTIONAL_FIELD_3 WITH ' ' OCCURRENCE ALL) AS OPTIONAL_FIELD_3,\nREPLACE_REGEXPR('\\n|\"' IN OPTIONAL_FIELD_4 WITH ' ' OCCURRENCE ALL) AS OPTIONAL_FIELD_4,\nREPLACE_REGEXPR('\\n|\"' IN OPTIONAL_FIELD_5 WITH ' ' OCCURRENCE ALL) AS OPTIONAL_FIELD_5,\nREPLACE_REGEXPR('\\n|\"' IN OPP_CLOSED_LEP_CNSLT_PERSONNELN WITH ' ' OCCURRENCE ALL) AS OPP_CLOSED_LEP_CNSLT_PERSONNELN,\nREPLACE_REGEXPR('\\n|\"' IN OPP_CLOSED_LEP_CNSLT_PERSONNELN_TXT WITH ' ' OCCURRENCE ALL) AS OPP_CLOSED_LEP_CNSLT_PERSONNELN_TXT,\nREPLACE_REGEXPR('\\n|\"' IN OPP_CLOSED_FLAG_ATTEST_OPPORTUNITY WITH ' ' OCCURRENCE ALL) AS OPP_CLOSED_FLAG_ATTEST_OPPORTUNITY,\nREPLACE_REGEXPR('\\n|\"' IN PARENT_PRIORITY_R WITH ' ' OCCURRENCE ALL) AS PARENT_PRIORITY_R,\nREPLACE_REGEXPR('\\n|\"' IN INDIA_RESOURCE_INVOLVED_FLG WITH ' ' OCCURRENCE ALL) AS INDIA_RESOURCE_INVOLVED_FLG,\nREPLACE_REGEXPR('\\n|\"' IN PRIVATE_EQUITY_CODE WITH ' ' OCCURRENCE ALL) AS PRIVATE_EQUITY_CODE,\nREPLACE_REGEXPR('\\n|\"' IN PRIVATE_EQUITY_NAME WITH ' ' OCCURRENCE ALL) AS PRIVATE_EQUITY_NAME,\nIFNULL(OPPORTUNITY_COUNT, 0) AS OPPORTUNITY_COUNT,\nIFNULL(FORECAST_REL_FLG, 0) AS FORECAST_REL_FLG,\nIFNULL(OPP_CLOSED_TOTAL_VALUE, 0) AS OPP_CLOSED_TOTAL_VALUE,\nIFNULL(SERVICE_OFFERING_PRC_OF_TOTAL_VALUE, 0) AS SERVICE_OFFERING_PRC_OF_TOTAL_VALUE,\nIFNULL(WEIGHTED_VALUE, 0) AS WEIGHTED_VALUE,\nIFNULL(GROSS_REVENUE, 0) AS GROSS_REVENUE,\nIFNULL(TOTAL_POTENTIAL_NET_SERVICE_REVENUE, 0) AS TOTAL_POTENTIAL_NET_SERVICE_REVENUE,\nIFNULL(ALLIANCE_PRODUCT_AMOUNT, 0) AS ALLIANCE_PRODUCT_AMOUNT\nFROM \"_SYS_BIC\".\"DTUS.datalake.mercury/MERCURY_OPEN_CLOSE_OPP_SNAPSHOT\"('PLACEHOLDER' = ('$$IP_FISCAL_YEAR_PERIOD$$',\n\t '@{item().FISCAL_YEAR_PERIOD}'))",
										"type": "Expression"
									}
								},
								"sink": {
									"type": "AzureDataLakeStoreSink"
								},
								"enableStaging": false,
								"dataIntegrationUnits": 0
							},
							"inputs": [
								{
									"referenceName": "DS_HANA_MERCURY_OPEN_CLOSE_OPP_SNAPSHOT",
									"type": "DatasetReference"
								}
							],
							"outputs": [
								{
									"referenceName": "DS_ADLS_MERCURY_OPEN_CLOSE_OPP_SNAPSHOT",
									"type": "DatasetReference",
									"parameters": {
										"fileName": {
											"value": "@concat(item().FISCAL_YEAR_PERIOD, '.csv')",
											"type": "Expression"
										},
										"filePath": {
											"value": "@concat('/dtus/core/mercury/snapshot/national/csv/', substring(item().FISCAL_YEAR_PERIOD, 0, 4))",
											"type": "Expression"
										}
									}
								}
							]
						},
						{
							"name": "parquet_conversion_required",
							"type": "IfCondition",
							"dependsOn": [
								{
									"activity": "COPY_MERCURY_OPEN_CLOSE_OPP_SNAPSHOT",
									"dependencyConditions": [
										"Succeeded"
									]
								}
							],
							"userProperties": [],
							"typeProperties": {
								"expression": {
									"value": "@pipeline().parameters.IsPrqRequired",
									"type": "Expression"
								},
								"ifTrueActivities": [
									{
										"name": "ADLS_CSV_to_PRQ",
										"description": "Generic Parquet conversion Notebook",
										"type": "DatabricksNotebook",
										"dependsOn": [],
										"policy": {
											"timeout": "7.00:00:00",
											"retry": 0,
											"retryIntervalInSeconds": 30,
											"secureOutput": false,
											"secureInput": false
										},
										"userProperties": [],
										"typeProperties": {
											"notebookPath": {
												"value": "@pipeline().parameters.DatabricksParquetNotebookPath",
												"type": "Expression"
											},
											"baseParameters": {
												"databricksTable": {
													"value": "@pipeline().parameters.DatabricksParquetNotebookParam_tablename",
													"type": "Expression"
												},
												"headersFile": {
													"value": "'/dtus/core/mercury/snapshot/national/headers.csv'",
													"type": "Expression"
												},
												"sourceFolder": {
													"value": "@concat('/dtus/core/mercury/snapshot/national/csv/', substring(item().FISCAL_YEAR_PERIOD, 0, 4),'/',item().FISCAL_YEAR_PERIOD,'.csv')",
													"type": "Expression"
												},
												"targetFolder": {
													"value": "'/dtus/core/mercury/snapshot/national/parquet/'",
													"type": "Expression"
												},
												"pathDomain": {
													"value": "''",
													"type": "Expression"
												},
												"managementFolderPath": {
													"value": "@pipeline().parameters.DatabricksReconManagementFolderPath",
													"type": "Expression"
												},
												"reconPath": "mercury/snapshot",
												"partitionColumns": {
													"value": "SNAPSHOT_FISCAL_YEAR, SNAPSHOT_FISCAL_YEAR_PERIOD",
													"type": "Expression"
												},
												"partitionValues": {
													"value": "@concat(substring(item().FISCAL_YEAR_PERIOD, 0, 4),',', item().FISCAL_YEAR_PERIOD)",
													"type": "Expression"
												}
											}
										},
										"linkedServiceName": {
											"referenceName": "DSLabParquetDatabricks",
											"type": "LinkedServiceReference"
										}
									}
								]
							}
						},
						{
							"name": "COPY_MERCURY_OPEN_CLOSE_OPP_SNAPSHOT_RECON",
							"type": "Copy",
							"dependsOn": [],
							"policy": {
								"timeout": "7.00:00:00",
								"retry": 0,
								"retryIntervalInSeconds": 30,
								"secureOutput": false,
								"secureInput": false
							},
							"userProperties": [],
							"typeProperties": {
								"source": {
									"type": "RelationalSource",
									"query": {
										"value": "SELECT \n\tSNAPSHOT_FISCAL_YEAR_PERIOD \"$GRP$SNAPSHOT_FISCAL_YEAR_PERIOD\",\n\tOPPORTUNITY_OPEN_CLOSED_INDICATOR AS \"$GRP$OPPORTUNITY_OPEN_CLOSED_INDICATOR\",\n\tCOUNT(*)  AS RECORDCOUNT,\n\tIFNULL(SUM(\"MO_TPNSR_VALUE\"), 0) AS MO_TPNSR_VALUE,\n\tIFNULL(SUM(\"MO_VALUE\"), 0) AS MO_VALUE,\n\tIFNULL(SUM(\"OPPORTUNITY_COUNT\"), 0) AS OPPORTUNITY_COUNT,\n\tIFNULL(SUM(\"FORECAST_REL_FLG\"), 0) AS FORECAST_REL_FLG,\n\tIFNULL(SUM(\"OPP_CLOSED_TOTAL_VALUE\"), 0) AS OPP_CLOSED_TOTAL_VALUE,\n\tIFNULL(SUM(\"SERVICE_OFFERING_PRC_OF_TOTAL_VALUE\"), 0) AS SERVICE_OFFERING_PRC_OF_TOTAL_VALUE,\n\tIFNULL(SUM(\"WEIGHTED_VALUE\"), 0) AS WEIGHTED_VALUE,\n\tIFNULL(SUM(\"GROSS_REVENUE\"), 0) AS GROSS_REVENUE,\n\tIFNULL(SUM(\"TOTAL_POTENTIAL_NET_SERVICE_REVENUE\"), 0) AS TOTAL_POTENTIAL_NET_SERVICE_REVENUE,\n\tIFNULL(SUM(\"ALLIANCE_PRODUCT_AMOUNT\"), 0) AS ALLIANCE_PRODUCT_AMOUNT\nFROM (\n\tSELECT\n\t\tSNAPSHOT_START_DATE,\n\t\tSNAPSHOT_TS,\n\t\tSNAPSHOT_FISCAL_YEAR,\n\t\tSNAPSHOT_FISCAL_YEAR_PERIOD,\n\t\tOPPORTUNITY_OPEN_CLOSED_INDICATOR,\n\t\tOPPORTUNITY_ID,\n\t\tOPPORTUNITY_NAME,\n\t\tOPPORTUNITY_DESC,\n\t\tCOMPETITOR_ID,\n\t\tCLIENT_ID,\n\t\tCLIENT_ID_ON_OPP_CLOSE_DATE,\n\t\tCLIENT_NAME_ON_OPP_CLOSE_DATE,\n\t\tCLONED_OPPORTUNITY_ID,\n\t\tORIGINAL_OPPORTUNITY_ID_FOLLOW_ON,\n\t\tPULL_THROUGH_OPPORTUNITY_FLG,\n\t\tORIGINAL_OPPORTUNITY_ID_PULL_THROUGH,\n\t\tORIGINAL_OPPORTUNITY_NAME_PULL_THROUGH,\n\t\tRECURRING_OPPORTUNITY_FLG,\n\t\tFOLLOW_ON_OPPORTUNITY_FLG,\n\t\tRTRAK_ID,\n\t\tFISCAL_YEAR,\n\t\tFISCAL_YEAR_ON_CREATED_DATE,\n\t\tFISCAL_YEAR_ON_EXPECTED_CLOSED_DATE,\n\t\tFISCAL_YEAR_ON_OPP_START,\n\t\tFISCAL_YEAR_ON_PHASE,\n\t\tFISCAL_YEAR_ON_PROJECT_START,\n\t\tFISCAL_YEAR_ON_PROJECT_END,\n\t\tFISCAL_YEAR_PERIOD,\n\t\tFISCAL_YEAR_PERIOD_RPT,\n\t\tFISCAL_PERIOD_ON_OPP_CREATED_DATE,\n\t\tFISCAL_PERIOD_ON_EXPECTED_CLOSE_DATE,\n\t\tFISCAL_PERIOD_ON_OPP_START,\n\t\tFISCAL_PERIOD_ON_PHASE_SINCE,\n\t\tFISCAL_PERIOD_ON_PROJECT_START,\n\t\tFISCAL_PERIOD_ON_PROJECT_END,\n\t\tFISCAL_YEAR_PERIOD_ON_OPP_CREATED_DATE,\n\t\tFISCAL_YEAR_PERIOD_ON_OPP_CREATED_DATE_RPT,\n\t\tFISCAL_YEAR_PERIOD_ON_EXPECTED_CLOSE_DATE_RPT,\n\t\tFISCAL_YEAR_PERIOD_ON_EXPECTED_CLOSE_DATE,\n\t\tFISCAL_YEAR_PERIOD_ON_OPP_START,\n\t\tFISCAL_YEAR_PERIOD_ON_OPP_START_RPT,\n\t\tFISCAL_YEAR_PERIOD_ON_PHASE,\n\t\tFISCAL_YEAR_PERIOD_ON_PHASE_RPT,\n\t\tFISCAL_YEAR_PERIOD_ON_PROJECT_START,\n\t\tFISCAL_YEAR_PERIOD_ON_PROJECT_START_RPT,\n\t\tFISCAL_YEAR_PERIOD_ON_PROJECT_END,\n\t\tFISCAL_YEAR_PERIOD_ON_PROJECT_END_RPT,\n\t\tFISCAL_VARIANT,\n\t\tMO,\n\t\tMO_TEXT,\n\t\tMO_CATEGORY,\n\t\tMO_CATEGORY_TEXT,\n\t\tMO_SOLUTION,\n\t\tMO_SOLUTION_TEXT,\n\t\tMO_SUB_SOLUTION,\n\t\tMO_SUB_SOLUTION_TEXT,\n\t\tMO_TPNSR_VALUE,\n\t\tMO_VALUE,\n\t\tPHASE,\n\t\tPHASE_NAME,\n\t\tPHASE_REASON_CODE,\n\t\tPERIOD_WON_LOSS_ABANDONED,\n\t\tDATE_WON_LOSS_ABANDONED,\n\t\tSTART_DATE_OF_CURRENT_PHASE,\n\t\tFSS_LEAD_CODE,\n\t\tFSS_LEAD_PERSONNEL_NAME,\n\t\tPURSUIT_COACH_CODE,\n\t\tPURSUIT_COACH_NAME,\n\t\tPURSUIT_LEADER,\n\t\tPURSUIT_LEADER_NAME,\n\t\tPURSUIT_START_DATE,\n\t\tREVENUE_RECOGNITION_PATTERN_CODE,\n\t\tSUBCONTRACTOR_1_ID,\n\t\tSUBCONTRACTOR_1_NAME,\n\t\tWORK_GEOGRAPHY,\n\t\tWORK_REGION,\n\t\tWORK_REGION_TEXT,\n\t\tOPP_CLOSE_DATE_EXPECTED,\n\t\tPROJECT_END_DATE,\n\t\tPROJECT_START_DATE,\n\t\tDPS_CLIENT_ACCNT_GRP,\n\t\tDPS_CLIENT_ACCNT_GRP_TEXT,\n\t\tDPS_CLIENT_ALT_SECTOR,\n\t\tDPS_CLIENT_ALT_SECTOR_TEXT,\n\t\tDPS_CLIENT_ATTEST_FLAG,\n\t\tDPS_CLIENT_CITY,\n\t\tDPS_CLIENT_CLIENT_CREATE_DATE,\n\t\tDPS_CLIENT_CONS_ALT_INDUSTRY,\n\t\tDPS_CLIENT_CONS_ALT_INDUSTRY_TEXT,\n\t\tDPS_CLIENT_CONS_ALT_SECTOR,\n\t\tDPS_CLIENT_CONS_ALT_SECTOR_TEXT,\n\t\tDPS_CLIENT_CONS_ALT_SIC,\n\t\tDPS_CLIENT_CONS_ALT_SIC_TEXT,\n\t\tDPS_CLIENT_CONS_ALT_SUB_SECTOR,\n\t\tDPS_CLIENT_CONS_ALT_SUB_SECTOR_TEXT,\n\t\tDPS_CLIENT_COUNTRY,\n\t\tDPS_CLIENT_DGMF_ID,\n\t\tDPS_CLIENT_DOM_ULT_DUNS,\n\t\tDPS_CLIENT_DOM_ULT_DUNS_TEXT,\n\t\tDPS_CLIENT_DUNS,\n\t\tDPS_CLIENT_DUNS_TEXT,\n\t\tDPS_CLIENT_INDEP_STATUS,\n\t\tDPS_CLIENT_INDUSTRY,\n\t\tDPS_CLIENT_INDUSTRY_TEXT,\n\t\tDPS_CLIENT_LCSP,\n\t\tDPS_CLIENT_LCSP_TEXT,\n\t\tDPS_CLIENT_LEP_A,\n\t\tDPS_CLIENT_LEP_A_TEXT,\n\t\tDPS_CLIENT_LEP_C,\n\t\tDPS_CLIENT_LEP_C_TEXT,\n\t\tDPS_CLIENT_LEP_F,\n\t\tDPS_CLIENT_LEP_F_TEXT,\n\t\tDPS_CLIENT_LEP_T,\n\t\tDPS_CLIENT_LEP_T_TEXT,\n\t\tDPS_CLIENT_NAME,\n\t\tDPS_CLIENT_OFFICE,\n\t\tDPS_CLIENT_OFFICE_TEXT,\n\t\tDPS_CLIENT_REGION,\n\t\tDPS_CLIENT_REGION_TEXT,\n\t\tDPS_CLIENT_SEC_FILER,\n\t\tDPS_CLIENT_SIC,\n\t\tDPS_CLIENT_SIC_TEXT,\n\t\tDPS_CLIENT_STATE,\n\t\tDPS_CLIENT_SUB_SECTOR,\n\t\tDPS_CLIENT_SUB_SECTOR_TEXT,\n\t\tDPS_CLIENT_ZIPCODE,\n\t\tLEP_AERS_S4_COMP_CODE,\n\t\tLEP_AERS_COMP_CODE_DESC,\n\t\tLEP_AERS_JOB,\n\t\tLEP_AERS_JOB_DESC,\n\t\tLEP_AERS_CCLUSTER,\n\t\tLEP_AERS_PHR_REGION_DESC,\n\t\tLEP_AERS_PERS_AREA,\n\t\tLEP_AERS_PERS_AREA_DESC,\n\t\tLEP_AERS_PRIMARY_INDUSTRY,\n\t\tLEP_AERS_PRIMARY_INDUSTRY_DESC,\n\t\tLEP_AERS_PHR_OFFICE,\n\t\tLEP_AERS_PHR_OFFICE_DESC,\n\t\tLEP_TAX_S4_COMP_CODE,\n\t\tLEP_TAX_COMP_CODE_DESC,\n\t\tLEP_TAX_JOB,\n\t\tLEP_TAX_JOB_DESC,\n\t\tLEP_TAX_CCLUSTER,\n\t\tLEP_TAX_PHR_REGION_DESC,\n\t\tLEP_TAX_PERS_AREA,\n\t\tLEP_TAX_PERS_AREA_DESC,\n\t\tLEP_TAX_PRIMARY_INDUSTRY,\n\t\tLEP_TAX_PRIMARY_INDUSTRY_DESC,\n\t\tLEP_TAX_PHR_OFFICE,\n\t\tLEP_TAX_PHR_OFFICE_DESC,\n\t\tLEP_FAS_S4_COMP_CODE,\n\t\tLEP_FAS_COMP_CODE_DESC,\n\t\tLEP_FAS_JOB,\n\t\tLEP_FAS_JOB_DESC,\n\t\tLEP_FAS_CCLUSTER,\n\t\tLEP_FAS_PHR_REGION_DESC,\n\t\tLEP_FAS_PERS_AREA,\n\t\tLEP_FAS_PERS_AREA_DESC,\n\t\tLEP_FAS_PRIMARY_INDUSTRY,\n\t\tLEP_FAS_PRIMARY_INDUSTRY_DESC,\n\t\tLEP_FAS_PHR_OFFICE,\n\t\tLEP_FAS_PHR_OFFICE_DESC,\n\t\tLEP_DC_S4_COMP_CODE,\n\t\tLEP_DC_COMP_CODE_DESC,\n\t\tLEP_DC_JOB,\n\t\tLEP_DC_JOB_DESC,\n\t\tLEP_DC_CCLUSTER,\n\t\tLEP_DC_PHR_REGION_DESC,\n\t\tLEP_DC_PERS_AREA,\n\t\tLEP_DC_PERS_AREA_DESC,\n\t\tLEP_DC_PRIMARY_INDUSTRY,\n\t\tLEP_DC_PRIMARY_INDUSTRY_DESC,\n\t\tLEP_DC_PHR_OFFICE,\n\t\tLEP_DC_PHR_OFFICE_DESC,\n\t\tLCSP_S4_COMP_CODE,\n\t\tLCSP_COMP_CODE_DESC,\n\t\tLCSP_JOB,\n\t\tLCSP_JOB_MED_DESC,\n\t\tLCSP_CCLUSTER,\n\t\tLCSP_PHR_REGN_DESC,\n\t\tLCSP_PERS_AREA,\n\t\tLCSP_PERS_AREA_DESC,\n\t\tLCSP_PRIMARY_INDUSTRY,\n\t\tLCSP_PRIMARY_INDUSTRY_DESC,\n\t\tLCSP_PHR_OFFICE,\n\t\tLCSP_PHR_OFFICE_DESC,\n\t\tPRIORITY_CODE,\n\t\tPRIORITY,\n\t\tATTEST_FLAG,\n\t\tPROBABILITY_PRC,\n\t\tREQUEST_CONSULTING_QUALITY_REVIEW,\n\t\tREPROPOSAL_FLG,\n\t\tSM_BD_PURSUIT_MANAGEMENT_INVOLVED_FLG,\n\t\tCREATED_DATE,\n\t\tRISK_ASSESSMENT_COMPLIANCE_STATUS,\n\t\tRISK_ASSESSMENT_DATE,\n\t\tRISK_ASSESSMENT_SCORE,\n\t\tRISK_CONSULTATION_DATE,\n\t\tRISK_REVIEW_DATE,\n\t\tRISK_SCORE_DESC,\n\t\tRISK_STATUS,\n\t\tLAW_FIRM_CODE,\n\t\tLAW_FIRM_NAME,\n\t\tLAW_FIRM_ON_CLOSE_CODE,\n\t\tLAW_FIRM_ON_CLOSE_NAME,\n\t\tLAW_FIRM_IN_HOUSE_COUNSEL_PEF_CODE,\n\t\tLAW_FIRM_IN_HOUSE_COUNSEL_PEF_NAME,\n\t\tINITIATIVE_CODE,\n\t\tINITIATIVE_1,\n\t\tINITIATIVE_2,\n\t\tINITIATIVE_3,\n\t\tQUALITY_REVIEWER_PERSONAL_NUMBER,\n\t\tQUALITY_REVIEWER_PERSONAL_NUMBER_DESC,\n\t\tTYPE_OF_RECURRING_WORK_CODE,\n\t\tTYPE_OF_RECURRING_WORK,\n\t\tCONSULTING_SECTOR_OFFERING_CODE_ID,\n\t\tCONSULTING_MARKET_SECTOR_OFFERING,\n\t\tFEE_TYPE_CODE,\n\t\tFEE_TYPE,\n\t\tISO_CODE,\n\t\tCROSS_BUSINESS_OFFERING_DESC,\n\t\tSTRATEGIC_OPPORTUNITY_CODE,\n\t\tSTRATEGIC_OPPORTUNITY,\n\t\tPARENT_INDUSTRY,\n\t\tPARENT_INDUSTRY_DESC,\n\t\tPARENT_SECTOR,\n\t\tPARENT_SECTOR_DESC,\n\t\tPARENT_SUB_SECTOR,\n\t\tPARENT_SUB_SECTOR_DESC,\n\t\tPARENT_REGION,\n\t\tPARENT_REGION_DESC,\n\t\tPARENT_OFFICE,\n\t\tPARENT_OFFICE_DESC,\n\t\tPARENT_CLIENT,\n\t\tPARENT_CLIENT_TEXT,\n\t\tPARENT_CLIENT_PROGRAM,\n\t\tPARENT_CLIENT_PROGRAM_DESC,\n\t\tPARENT_DGES,\n\t\tPARENT_DGES_DESC,\n\t\tPARENT_TAX_PROGRAM,\n\t\tPARENT_FAS_PROGRAM,\n\t\tPARENT_CON_PROGRAM,\n\t\tPARENT_DUNS_NBR,\n\t\tPARENT_ACE,\n\t\tPARENT_LCSP,\n\t\tPARENT_LCSP_TEXT,\n\t\tPARENT_LEP_A_TYPE,\n\t\tPARENT_DUNS_NBR_TEXT,\n\t\tPARENT_LEP_C_TYPE,\n\t\tPARENT_LEP_A,\n\t\tPARENT_LEP_A_TEXT,\n\t\tPARENT_LEP_T,\n\t\tPARENT_LEP_T_TEXT,\n\t\tPARENT_LEP_F,\n\t\tPARENT_LEP_F_TEXT,\n\t\tPARENT_LEP_C,\n\t\tPARENT_LEP_C_TEXT,\n\t\tPARENT_ATTEST_FLAG,\n\t\tPARENT_FEDERAL_FLAG,\n\t\tPARENT_SIC,\n\t\tPARENT_SIC_TEXT,\n\t\tPLP_AERS_CCLUSTER,\n\t\tPLP_AERS_COMP_CODE_TXT,\n\t\tPLP_AERS_JOB,\n\t\tPLP_AERS_JOB_MED_TXT,\n\t\tPLP_AERS_PERS_AREA,\n\t\tPLP_AERS_PERS_AREA_TXT,\n\t\tPLP_AERS_PHR_OFFICE,\n\t\tPLP_AERS_PHR_OFFICE_TXT,\n\t\tPLP_AERS_PHR_REGION_TXT,\n\t\tPLP_AERS_PRIMARY_INDUSTRY,\n\t\tPLP_AERS_PRIMARY_INDUSTRY_TXT,\n\t\tPLP_AERS_S4_COMP_CODE,\n\t\tPLP_DC_CCLUSTER,\n\t\tPLP_DC_COMP_CODE_TXT,\n\t\tPLP_DC_JOB,\n\t\tPLP_DC_JOB_MED_TXT,\n\t\tPLP_DC_PERS_AREA,\n\t\tPLP_DC_PERS_AREA_TXT,\n\t\tPLP_DC_PHR_OFFICE,\n\t\tPLP_DC_PHR_OFFICE_TXT,\n\t\tPLP_DC_PHR_REGION_TXT,\n\t\tPLP_DC_PRIMARY_INDUSTRY,\n\t\tPLP_DC_PRIMARY_INDUSTRY_TXT,\n\t\tPLP_DC_S4_COMP_CODE,\n\t\tPLP_FAS_CCLUSTER,\n\t\tPLP_FAS_COMP_CODE_TXT,\n\t\tPLP_FAS_JOB,\n\t\tPLP_FAS_JOB_MED_TXT,\n\t\tPLP_FAS_PERS_AREA,\n\t\tPLP_FAS_PERS_AREA_TXT,\n\t\tPLP_FAS_PHR_OFFICE,\n\t\tPLP_FAS_PHR_OFFICE_TXT,\n\t\tPLP_FAS_PHR_REGION_TXT,\n\t\tPLP_FAS_PRIMARY_INDUSTRY,\n\t\tPLP_FAS_PRIMARY_INDUSTRY_TXT,\n\t\tPLP_FAS_S4_COMP_CODE,\n\t\tPLP_TAX_CCLUSTER,\n\t\tPLP_TAX_COMP_CODE_TXT,\n\t\tPLP_TAX_JOB,\n\t\tPLP_TAX_JOB_MED_TXT,\n\t\tPLP_TAX_PERS_AREA,\n\t\tPLP_TAX_PERS_AREA_TXT,\n\t\tPLP_TAX_PHR_OFFICE,\n\t\tPLP_TAX_PHR_OFFICE_TXT,\n\t\tPLP_TAX_PHR_REGION_TXT,\n\t\tPLP_TAX_PRIMARY_INDUSTRY,\n\t\tPLP_TAX_PRIMARY_INDUSTRY_TXT,\n\t\tPLP_TAX_S4_COMP_CODE,\n\t\tCOMPETITORS,\n\t\tWIN_LOSS_REASON,\n\t\tENGAGEMENT_INDUSTRY_SECTOR_CODE,\n\t\tENGAGEMENT_INDUSTRY_SECTOR,\n\t\tBUYER_ROLE_CODE,\n\t\tBUYER_ROLE_DESC,\n\t\tBUYER_NAME,\n\t\tDELOITTE_SOLUTION_CENTER_RELATED_FLG,\n\t\tDELOITTE_SOLUTION_CODE,\n\t\tDELOITTE_SOLUTION,\n\t\tCURRENCY,\n\t\tRFP_REASON,\n\t\tRFP_RELEASE_DATE_FLG,\n\t\tRFP_RELEASE_DATE,\n\t\tGLOBAL_OPPORTUNITY_FLG,\n\t\tWIN_LOSS_DETAILS,\n\t\tOPTIONAL_FIELD_1,\n\t\tOPTIONAL_FIELD_2,\n\t\tOPTIONAL_FIELD_3,\n\t\tOPTIONAL_FIELD_4,\n\t\tOPTIONAL_FIELD_5,\n\t\tOPP_CLOSED_LEP_CNSLT_PERSONNELN,\n\t\tOPP_CLOSED_LEP_CNSLT_PERSONNELN_TXT,\n\t\tOPP_CLOSED_FLAG_ATTEST_OPPORTUNITY,\n\t\tPARENT_PRIORITY_R,\n\t\tINDIA_RESOURCE_INVOLVED_FLG,\n\t\tPRIVATE_EQUITY_CODE,\n\t\tPRIVATE_EQUITY_NAME,\n\t\tOPPORTUNITY_COUNT,\n\t\tFORECAST_REL_FLG,\n\t\tOPP_CLOSED_TOTAL_VALUE,\n\t\tSERVICE_OFFERING_PRC_OF_TOTAL_VALUE,\n\t\tWEIGHTED_VALUE,\n\t\tGROSS_REVENUE,\n\t\tTOTAL_POTENTIAL_NET_SERVICE_REVENUE,\n\t\tALLIANCE_PRODUCT_AMOUNT\n\tFROM \n\t\t\"_SYS_BIC\".\"DTUS.datalake.mercury/MERCURY_OPEN_CLOSE_OPP_SNAPSHOT\"(\n\t\t\t'PLACEHOLDER' = ('$$IP_FISCAL_YEAR_PERIOD$$', '@{item().FISCAL_YEAR_PERIOD}')\n\t\t)\n\tGROUP BY\n\t\tSNAPSHOT_START_DATE,\n\t\tSNAPSHOT_TS,\n\t\tSNAPSHOT_FISCAL_YEAR,\n\t\tSNAPSHOT_FISCAL_YEAR_PERIOD,\n\t\tOPPORTUNITY_OPEN_CLOSED_INDICATOR,\n\t\tOPPORTUNITY_ID,\n\t\tOPPORTUNITY_NAME,\n\t\tOPPORTUNITY_DESC,\n\t\tCOMPETITOR_ID,\n\t\tCLIENT_ID,\n\t\tCLIENT_ID_ON_OPP_CLOSE_DATE,\n\t\tCLIENT_NAME_ON_OPP_CLOSE_DATE,\n\t\tCLONED_OPPORTUNITY_ID,\n\t\tORIGINAL_OPPORTUNITY_ID_FOLLOW_ON,\n\t\tPULL_THROUGH_OPPORTUNITY_FLG,\n\t\tORIGINAL_OPPORTUNITY_ID_PULL_THROUGH,\n\t\tORIGINAL_OPPORTUNITY_NAME_PULL_THROUGH,\n\t\tRECURRING_OPPORTUNITY_FLG,\n\t\tFOLLOW_ON_OPPORTUNITY_FLG,\n\t\tRTRAK_ID,\n\t\tFISCAL_YEAR,\n\t\tFISCAL_YEAR_ON_CREATED_DATE,\n\t\tFISCAL_YEAR_ON_EXPECTED_CLOSED_DATE,\n\t\tFISCAL_YEAR_ON_OPP_START,\n\t\tFISCAL_YEAR_ON_PHASE,\n\t\tFISCAL_YEAR_ON_PROJECT_START,\n\t\tFISCAL_YEAR_ON_PROJECT_END,\n\t\tFISCAL_YEAR_PERIOD,\n\t\tFISCAL_YEAR_PERIOD_RPT,\n\t\tFISCAL_PERIOD_ON_OPP_CREATED_DATE,\n\t\tFISCAL_PERIOD_ON_EXPECTED_CLOSE_DATE,\n\t\tFISCAL_PERIOD_ON_OPP_START,\n\t\tFISCAL_PERIOD_ON_PHASE_SINCE,\n\t\tFISCAL_PERIOD_ON_PROJECT_START,\n\t\tFISCAL_PERIOD_ON_PROJECT_END,\n\t\tFISCAL_YEAR_PERIOD_ON_OPP_CREATED_DATE,\n\t\tFISCAL_YEAR_PERIOD_ON_OPP_CREATED_DATE_RPT,\n\t\tFISCAL_YEAR_PERIOD_ON_EXPECTED_CLOSE_DATE_RPT,\n\t\tFISCAL_YEAR_PERIOD_ON_EXPECTED_CLOSE_DATE,\n\t\tFISCAL_YEAR_PERIOD_ON_OPP_START,\n\t\tFISCAL_YEAR_PERIOD_ON_OPP_START_RPT,\n\t\tFISCAL_YEAR_PERIOD_ON_PHASE,\n\t\tFISCAL_YEAR_PERIOD_ON_PHASE_RPT,\n\t\tFISCAL_YEAR_PERIOD_ON_PROJECT_START,\n\t\tFISCAL_YEAR_PERIOD_ON_PROJECT_START_RPT,\n\t\tFISCAL_YEAR_PERIOD_ON_PROJECT_END,\n\t\tFISCAL_YEAR_PERIOD_ON_PROJECT_END_RPT,\n\t\tFISCAL_VARIANT,\n\t\tMO,\n\t\tMO_TEXT,\n\t\tMO_CATEGORY,\n\t\tMO_CATEGORY_TEXT,\n\t\tMO_SOLUTION,\n\t\tMO_SOLUTION_TEXT,\n\t\tMO_SUB_SOLUTION,\n\t\tMO_SUB_SOLUTION_TEXT,\n\t\tMO_TPNSR_VALUE,\n\t\tMO_VALUE,\n\t\tPHASE,\n\t\tPHASE_NAME,\n\t\tPHASE_REASON_CODE,\n\t\tPERIOD_WON_LOSS_ABANDONED,\n\t\tDATE_WON_LOSS_ABANDONED,\n\t\tSTART_DATE_OF_CURRENT_PHASE,\n\t\tFSS_LEAD_CODE,\n\t\tFSS_LEAD_PERSONNEL_NAME,\n\t\tPURSUIT_COACH_CODE,\n\t\tPURSUIT_COACH_NAME,\n\t\tPURSUIT_LEADER,\n\t\tPURSUIT_LEADER_NAME,\n\t\tPURSUIT_START_DATE,\n\t\tREVENUE_RECOGNITION_PATTERN_CODE,\n\t\tSUBCONTRACTOR_1_ID,\n\t\tSUBCONTRACTOR_1_NAME,\n\t\tWORK_GEOGRAPHY,\n\t\tWORK_REGION,\n\t\tWORK_REGION_TEXT,\n\t\tOPP_CLOSE_DATE_EXPECTED,\n\t\tPROJECT_END_DATE,\n\t\tPROJECT_START_DATE,\n\t\tDPS_CLIENT_ACCNT_GRP,\n\t\tDPS_CLIENT_ACCNT_GRP_TEXT,\n\t\tDPS_CLIENT_ALT_SECTOR,\n\t\tDPS_CLIENT_ALT_SECTOR_TEXT,\n\t\tDPS_CLIENT_ATTEST_FLAG,\n\t\tDPS_CLIENT_CITY,\n\t\tDPS_CLIENT_CLIENT_CREATE_DATE,\n\t\tDPS_CLIENT_CONS_ALT_INDUSTRY,\n\t\tDPS_CLIENT_CONS_ALT_INDUSTRY_TEXT,\n\t\tDPS_CLIENT_CONS_ALT_SECTOR,\n\t\tDPS_CLIENT_CONS_ALT_SECTOR_TEXT,\n\t\tDPS_CLIENT_CONS_ALT_SIC,\n\t\tDPS_CLIENT_CONS_ALT_SIC_TEXT,\n\t\tDPS_CLIENT_CONS_ALT_SUB_SECTOR,\n\t\tDPS_CLIENT_CONS_ALT_SUB_SECTOR_TEXT,\n\t\tDPS_CLIENT_COUNTRY,\n\t\tDPS_CLIENT_DGMF_ID,\n\t\tDPS_CLIENT_DOM_ULT_DUNS,\n\t\tDPS_CLIENT_DOM_ULT_DUNS_TEXT,\n\t\tDPS_CLIENT_DUNS,\n\t\tDPS_CLIENT_DUNS_TEXT,\n\t\tDPS_CLIENT_INDEP_STATUS,\n\t\tDPS_CLIENT_INDUSTRY,\n\t\tDPS_CLIENT_INDUSTRY_TEXT,\n\t\tDPS_CLIENT_LCSP,\n\t\tDPS_CLIENT_LCSP_TEXT,\n\t\tDPS_CLIENT_LEP_A,\n\t\tDPS_CLIENT_LEP_A_TEXT,\n\t\tDPS_CLIENT_LEP_C,\n\t\tDPS_CLIENT_LEP_C_TEXT,\n\t\tDPS_CLIENT_LEP_F,\n\t\tDPS_CLIENT_LEP_F_TEXT,\n\t\tDPS_CLIENT_LEP_T,\n\t\tDPS_CLIENT_LEP_T_TEXT,\n\t\tDPS_CLIENT_NAME,\n\t\tDPS_CLIENT_OFFICE,\n\t\tDPS_CLIENT_OFFICE_TEXT,\n\t\tDPS_CLIENT_REGION,\n\t\tDPS_CLIENT_REGION_TEXT,\n\t\tDPS_CLIENT_SEC_FILER,\n\t\tDPS_CLIENT_SIC,\n\t\tDPS_CLIENT_SIC_TEXT,\n\t\tDPS_CLIENT_STATE,\n\t\tDPS_CLIENT_SUB_SECTOR,\n\t\tDPS_CLIENT_SUB_SECTOR_TEXT,\n\t\tDPS_CLIENT_ZIPCODE,\n\t\tLEP_AERS_S4_COMP_CODE,\n\t\tLEP_AERS_COMP_CODE_DESC,\n\t\tLEP_AERS_JOB,\n\t\tLEP_AERS_JOB_DESC,\n\t\tLEP_AERS_CCLUSTER,\n\t\tLEP_AERS_PHR_REGION_DESC,\n\t\tLEP_AERS_PERS_AREA,\n\t\tLEP_AERS_PERS_AREA_DESC,\n\t\tLEP_AERS_PRIMARY_INDUSTRY,\n\t\tLEP_AERS_PRIMARY_INDUSTRY_DESC,\n\t\tLEP_AERS_PHR_OFFICE,\n\t\tLEP_AERS_PHR_OFFICE_DESC,\n\t\tLEP_TAX_S4_COMP_CODE,\n\t\tLEP_TAX_COMP_CODE_DESC,\n\t\tLEP_TAX_JOB,\n\t\tLEP_TAX_JOB_DESC,\n\t\tLEP_TAX_CCLUSTER,\n\t\tLEP_TAX_PHR_REGION_DESC,\n\t\tLEP_TAX_PERS_AREA,\n\t\tLEP_TAX_PERS_AREA_DESC,\n\t\tLEP_TAX_PRIMARY_INDUSTRY,\n\t\tLEP_TAX_PRIMARY_INDUSTRY_DESC,\n\t\tLEP_TAX_PHR_OFFICE,\n\t\tLEP_TAX_PHR_OFFICE_DESC,\n\t\tLEP_FAS_S4_COMP_CODE,\n\t\tLEP_FAS_COMP_CODE_DESC,\n\t\tLEP_FAS_JOB,\n\t\tLEP_FAS_JOB_DESC,\n\t\tLEP_FAS_CCLUSTER,\n\t\tLEP_FAS_PHR_REGION_DESC,\n\t\tLEP_FAS_PERS_AREA,\n\t\tLEP_FAS_PERS_AREA_DESC,\n\t\tLEP_FAS_PRIMARY_INDUSTRY,\n\t\tLEP_FAS_PRIMARY_INDUSTRY_DESC,\n\t\tLEP_FAS_PHR_OFFICE,\n\t\tLEP_FAS_PHR_OFFICE_DESC,\n\t\tLEP_DC_S4_COMP_CODE,\n\t\tLEP_DC_COMP_CODE_DESC,\n\t\tLEP_DC_JOB,\n\t\tLEP_DC_JOB_DESC,\n\t\tLEP_DC_CCLUSTER,\n\t\tLEP_DC_PHR_REGION_DESC,\n\t\tLEP_DC_PERS_AREA,\n\t\tLEP_DC_PERS_AREA_DESC,\n\t\tLEP_DC_PRIMARY_INDUSTRY,\n\t\tLEP_DC_PRIMARY_INDUSTRY_DESC,\n\t\tLEP_DC_PHR_OFFICE,\n\t\tLEP_DC_PHR_OFFICE_DESC,\n\t\tLCSP_S4_COMP_CODE,\n\t\tLCSP_COMP_CODE_DESC,\n\t\tLCSP_JOB,\n\t\tLCSP_JOB_MED_DESC,\n\t\tLCSP_CCLUSTER,\n\t\tLCSP_PHR_REGN_DESC,\n\t\tLCSP_PERS_AREA,\n\t\tLCSP_PERS_AREA_DESC,\n\t\tLCSP_PRIMARY_INDUSTRY,\n\t\tLCSP_PRIMARY_INDUSTRY_DESC,\n\t\tLCSP_PHR_OFFICE,\n\t\tLCSP_PHR_OFFICE_DESC,\n\t\tPRIORITY_CODE,\n\t\tPRIORITY,\n\t\tATTEST_FLAG,\n\t\tPROBABILITY_PRC,\n\t\tREQUEST_CONSULTING_QUALITY_REVIEW,\n\t\tREPROPOSAL_FLG,\n\t\tSM_BD_PURSUIT_MANAGEMENT_INVOLVED_FLG,\n\t\tCREATED_DATE,\n\t\tRISK_ASSESSMENT_COMPLIANCE_STATUS,\n\t\tRISK_ASSESSMENT_DATE,\n\t\tRISK_ASSESSMENT_SCORE,\n\t\tRISK_CONSULTATION_DATE,\n\t\tRISK_REVIEW_DATE,\n\t\tRISK_SCORE_DESC,\n\t\tRISK_STATUS,\n\t\tLAW_FIRM_CODE,\n\t\tLAW_FIRM_NAME,\n\t\tLAW_FIRM_ON_CLOSE_CODE,\n\t\tLAW_FIRM_ON_CLOSE_NAME,\n\t\tLAW_FIRM_IN_HOUSE_COUNSEL_PEF_CODE,\n\t\tLAW_FIRM_IN_HOUSE_COUNSEL_PEF_NAME,\n\t\tINITIATIVE_CODE,\n\t\tINITIATIVE_1,\n\t\tINITIATIVE_2,\n\t\tINITIATIVE_3,\n\t\tQUALITY_REVIEWER_PERSONAL_NUMBER,\n\t\tQUALITY_REVIEWER_PERSONAL_NUMBER_DESC,\n\t\tTYPE_OF_RECURRING_WORK_CODE,\n\t\tTYPE_OF_RECURRING_WORK,\n\t\tCONSULTING_SECTOR_OFFERING_CODE_ID,\n\t\tCONSULTING_MARKET_SECTOR_OFFERING,\n\t\tFEE_TYPE_CODE,\n\t\tFEE_TYPE,\n\t\tISO_CODE,\n\t\tCROSS_BUSINESS_OFFERING_DESC,\n\t\tSTRATEGIC_OPPORTUNITY_CODE,\n\t\tSTRATEGIC_OPPORTUNITY,\n\t\tPARENT_INDUSTRY,\n\t\tPARENT_INDUSTRY_DESC,\n\t\tPARENT_SECTOR,\n\t\tPARENT_SECTOR_DESC,\n\t\tPARENT_SUB_SECTOR,\n\t\tPARENT_SUB_SECTOR_DESC,\n\t\tPARENT_REGION,\n\t\tPARENT_REGION_DESC,\n\t\tPARENT_OFFICE,\n\t\tPARENT_OFFICE_DESC,\n\t\tPARENT_CLIENT,\n\t\tPARENT_CLIENT_TEXT,\n\t\tPARENT_CLIENT_PROGRAM,\n\t\tPARENT_CLIENT_PROGRAM_DESC,\n\t\tPARENT_DGES,\n\t\tPARENT_DGES_DESC,\n\t\tPARENT_TAX_PROGRAM,\n\t\tPARENT_FAS_PROGRAM,\n\t\tPARENT_CON_PROGRAM,\n\t\tPARENT_DUNS_NBR,\n\t\tPARENT_ACE,\n\t\tPARENT_LCSP,\n\t\tPARENT_LCSP_TEXT,\n\t\tPARENT_LEP_A_TYPE,\n\t\tPARENT_DUNS_NBR_TEXT,\n\t\tPARENT_LEP_C_TYPE,\n\t\tPARENT_LEP_A,\n\t\tPARENT_LEP_A_TEXT,\n\t\tPARENT_LEP_T,\n\t\tPARENT_LEP_T_TEXT,\n\t\tPARENT_LEP_F,\n\t\tPARENT_LEP_F_TEXT,\n\t\tPARENT_LEP_C,\n\t\tPARENT_LEP_C_TEXT,\n\t\tPARENT_ATTEST_FLAG,\n\t\tPARENT_FEDERAL_FLAG,\n\t\tPARENT_SIC,\n\t\tPARENT_SIC_TEXT,\n\t\tPLP_AERS_CCLUSTER,\n\t\tPLP_AERS_COMP_CODE_TXT,\n\t\tPLP_AERS_JOB,\n\t\tPLP_AERS_JOB_MED_TXT,\n\t\tPLP_AERS_PERS_AREA,\n\t\tPLP_AERS_PERS_AREA_TXT,\n\t\tPLP_AERS_PHR_OFFICE,\n\t\tPLP_AERS_PHR_OFFICE_TXT,\n\t\tPLP_AERS_PHR_REGION_TXT,\n\t\tPLP_AERS_PRIMARY_INDUSTRY,\n\t\tPLP_AERS_PRIMARY_INDUSTRY_TXT,\n\t\tPLP_AERS_S4_COMP_CODE,\n\t\tPLP_DC_CCLUSTER,\n\t\tPLP_DC_COMP_CODE_TXT,\n\t\tPLP_DC_JOB,\n\t\tPLP_DC_JOB_MED_TXT,\n\t\tPLP_DC_PERS_AREA,\n\t\tPLP_DC_PERS_AREA_TXT,\n\t\tPLP_DC_PHR_OFFICE,\n\t\tPLP_DC_PHR_OFFICE_TXT,\n\t\tPLP_DC_PHR_REGION_TXT,\n\t\tPLP_DC_PRIMARY_INDUSTRY,\n\t\tPLP_DC_PRIMARY_INDUSTRY_TXT,\n\t\tPLP_DC_S4_COMP_CODE,\n\t\tPLP_FAS_CCLUSTER,\n\t\tPLP_FAS_COMP_CODE_TXT,\n\t\tPLP_FAS_JOB,\n\t\tPLP_FAS_JOB_MED_TXT,\n\t\tPLP_FAS_PERS_AREA,\n\t\tPLP_FAS_PERS_AREA_TXT,\n\t\tPLP_FAS_PHR_OFFICE,\n\t\tPLP_FAS_PHR_OFFICE_TXT,\n\t\tPLP_FAS_PHR_REGION_TXT,\n\t\tPLP_FAS_PRIMARY_INDUSTRY,\n\t\tPLP_FAS_PRIMARY_INDUSTRY_TXT,\n\t\tPLP_FAS_S4_COMP_CODE,\n\t\tPLP_TAX_CCLUSTER,\n\t\tPLP_TAX_COMP_CODE_TXT,\n\t\tPLP_TAX_JOB,\n\t\tPLP_TAX_JOB_MED_TXT,\n\t\tPLP_TAX_PERS_AREA,\n\t\tPLP_TAX_PERS_AREA_TXT,\n\t\tPLP_TAX_PHR_OFFICE,\n\t\tPLP_TAX_PHR_OFFICE_TXT,\n\t\tPLP_TAX_PHR_REGION_TXT,\n\t\tPLP_TAX_PRIMARY_INDUSTRY,\n\t\tPLP_TAX_PRIMARY_INDUSTRY_TXT,\n\t\tPLP_TAX_S4_COMP_CODE,\n\t\tCOMPETITORS,\n\t\tWIN_LOSS_REASON,\n\t\tENGAGEMENT_INDUSTRY_SECTOR_CODE,\n\t\tENGAGEMENT_INDUSTRY_SECTOR,\n\t\tBUYER_ROLE_CODE,\n\t\tBUYER_ROLE_DESC,\n\t\tBUYER_NAME,\n\t\tDELOITTE_SOLUTION_CENTER_RELATED_FLG,\n\t\tDELOITTE_SOLUTION_CODE,\n\t\tDELOITTE_SOLUTION,\n\t\tCURRENCY,\n\t\tRFP_REASON,\n\t\tRFP_RELEASE_DATE_FLG,\n\t\tRFP_RELEASE_DATE,\n\t\tGLOBAL_OPPORTUNITY_FLG,\n\t\tWIN_LOSS_DETAILS,\n\t\tOPTIONAL_FIELD_1,\n\t\tOPTIONAL_FIELD_2,\n\t\tOPTIONAL_FIELD_3,\n\t\tOPTIONAL_FIELD_4,\n\t\tOPTIONAL_FIELD_5,\n\t\tOPP_CLOSED_LEP_CNSLT_PERSONNELN,\n\t\tOPP_CLOSED_LEP_CNSLT_PERSONNELN_TXT,\n\t\tOPP_CLOSED_FLAG_ATTEST_OPPORTUNITY,\n\t\tPARENT_PRIORITY_R,\n\t\tINDIA_RESOURCE_INVOLVED_FLG,\n\t\tPRIVATE_EQUITY_CODE,\n\t\tPRIVATE_EQUITY_NAME,\n\t\tOPPORTUNITY_COUNT,\n\t\tFORECAST_REL_FLG,\n\t\tOPP_CLOSED_TOTAL_VALUE,\n\t\tSERVICE_OFFERING_PRC_OF_TOTAL_VALUE,\n\t\tWEIGHTED_VALUE,\n\t\tGROSS_REVENUE,\n\t\tTOTAL_POTENTIAL_NET_SERVICE_REVENUE,\n\t\tALLIANCE_PRODUCT_AMOUNT\t\n\t)\nGROUP BY\n\tSNAPSHOT_FISCAL_YEAR_PERIOD,\n\tOPPORTUNITY_OPEN_CLOSED_INDICATOR",
										"type": "Expression"
									}
								},
								"sink": {
									"type": "DelimitedTextSink",
									"storeSettings": {
										"type": "AzureDataLakeStoreWriteSettings"
									},
									"formatSettings": {
										"type": "DelimitedTextWriteSettings",
										"quoteAllText": true,
										"fileExtension": ".csv"
									}
								},
								"enableStaging": false
							},
							"inputs": [
								{
									"referenceName": "DS_HANA",
									"type": "DatasetReference"
								}
							],
							"outputs": [
								{
									"referenceName": "DS_ADLS_RECON",
									"type": "DatasetReference",
									"parameters": {
										"filePath": {
											"value": "@concat('/dtus/core/management/reconciliation/mercury/snapshot/', substring(item().FISCAL_YEAR_PERIOD, 0, 4))",
											"type": "Expression"
										},
										"fileName": {
											"value": "@concat(item().FISCAL_YEAR_PERIOD, '.csv')",
											"type": "Expression"
										}
									}
								}
							]
						}
					]
				}
			},
			{
				"name": "IF_CSV_TABLE_REQUIRED",
				"type": "IfCondition",
				"dependsOn": [
					{
						"activity": "FOREACH_FISC_PERIOD",
						"dependencyConditions": [
							"Succeeded"
						]
					}
				],
				"userProperties": [],
				"typeProperties": {
					"expression": {
						"value": "@pipeline().parameters.IsPrqRequired",
						"type": "Expression"
					},
					"ifTrueActivities": [
						{
							"name": "CREATE_CSV_TABLE",
							"description": "Create CSV Table",
							"type": "DatabricksNotebook",
							"dependsOn": [],
							"policy": {
								"timeout": "7.00:00:00",
								"retry": 0,
								"retryIntervalInSeconds": 30,
								"secureOutput": false,
								"secureInput": false
							},
							"userProperties": [],
							"typeProperties": {
								"notebookPath": {
									"value": "@pipeline().parameters.DatabricksCreateTableNotebookPath",
									"type": "Expression"
								},
								"baseParameters": {
									"databricksTable": {
										"value": "@pipeline().parameters.DatabricksParquetNotebookParam_CSV_tablename",
										"type": "Expression"
									},
									"headersFile": {
										"value": "'/dtus/core/mercury/snapshot/national/headers.csv'",
										"type": "Expression"
									},
									"sourceFolder": {
										"value": "'/dtus/core/mercury/snapshot/national/csv/*/'",
										"type": "Expression"
									},
									"tableDataSource": "CSV"
								}
							},
							"linkedServiceName": {
								"referenceName": "DSLabParquetDatabricks",
								"type": "LinkedServiceReference"
							}
						},
						{
							"name": "CSV_RECON_RUN",
							"description": "Run CSV table Recon",
							"type": "DatabricksNotebook",
							"dependsOn": [
								{
									"activity": "CREATE_CSV_TABLE",
									"dependencyConditions": [
										"Succeeded"
									]
								}
							],
							"policy": {
								"timeout": "7.00:00:00",
								"retry": 0,
								"retryIntervalInSeconds": 30,
								"secureOutput": false,
								"secureInput": false
							},
							"userProperties": [],
							"typeProperties": {
								"notebookPath": {
									"value": "@pipeline().parameters.DatabricksReconNotebookPath",
									"type": "Expression"
								},
								"baseParameters": {
									"CoreTableName": {
										"value": "@pipeline().parameters.DatabricksParquetNotebookParam_CSV_tablename",
										"type": "Expression"
									},
									"ReconPath": "mercury/snapshot",
									"PathDomain": {
										"value": "''",
										"type": "Expression"
									},
									"ManagementFolderPath": {
										"value": "@pipeline().parameters.DatabricksReconManagementFolderPath",
										"type": "Expression"
									},
									"WhereClause": {
										"value": "@concat(' where SNAPSHOT_FISCAL_YEAR_PERIOD >= ', variables('firstItem'), ' and SNAPSHOT_FISCAL_YEAR_PERIOD <= ', variables('lastItem'))",
										"type": "Expression"
									}
								}
							},
							"linkedServiceName": {
								"referenceName": "DSLabParquetDatabricks",
								"type": "LinkedServiceReference"
							}
						}
					]
				}
			},
			{
				"name": "IF_PARQUET_TABLE_REQUIRED",
				"type": "IfCondition",
				"dependsOn": [
					{
						"activity": "FOREACH_FISC_PERIOD",
						"dependencyConditions": [
							"Succeeded"
						]
					}
				],
				"userProperties": [],
				"typeProperties": {
					"expression": {
						"value": "@pipeline().parameters.IsPrqRequired",
						"type": "Expression"
					},
					"ifTrueActivities": [
						{
							"name": "CREATE_PARQUET_TABLE",
							"description": "Create Parquet Table",
							"type": "DatabricksNotebook",
							"dependsOn": [],
							"policy": {
								"timeout": "7.00:00:00",
								"retry": 0,
								"retryIntervalInSeconds": 30,
								"secureOutput": false,
								"secureInput": false
							},
							"userProperties": [],
							"typeProperties": {
								"notebookPath": {
									"value": "@pipeline().parameters.DatabricksCreateTableNotebookPath",
									"type": "Expression"
								},
								"baseParameters": {
									"databricksTable": {
										"value": "@pipeline().parameters.DatabricksParquetNotebookParam_tablename",
										"type": "Expression"
									},
									"headersFile": {
										"value": "'/dtus/core/mercury/snapshot/national/headers.csv'",
										"type": "Expression"
									},
									"sourceFolder": {
										"value": "'/dtus/core/mercury/snapshot/national/parquet/'",
										"type": "Expression"
									},
									"partitionColumns": "SNAPSHOT_FISCAL_YEAR, SNAPSHOT_FISCAL_YEAR_PERIOD",
									"tableDataSource": "PARQUET"
								}
							},
							"linkedServiceName": {
								"referenceName": "DSLabParquetDatabricks",
								"type": "LinkedServiceReference"
							}
						},
						{
							"name": "PARQUET_RECON_RUN",
							"description": "Run PARQUET table Recon",
							"type": "DatabricksNotebook",
							"dependsOn": [
								{
									"activity": "CREATE_PARQUET_TABLE",
									"dependencyConditions": [
										"Succeeded"
									]
								}
							],
							"policy": {
								"timeout": "7.00:00:00",
								"retry": 0,
								"retryIntervalInSeconds": 30,
								"secureOutput": false,
								"secureInput": false
							},
							"userProperties": [],
							"typeProperties": {
								"notebookPath": {
									"value": "@pipeline().parameters.DatabricksReconNotebookPath",
									"type": "Expression"
								},
								"baseParameters": {
									"CoreTableName": {
										"value": "@pipeline().parameters.DatabricksParquetNotebookParam_tablename",
										"type": "Expression"
									},
									"ReconPath": "mercury/snapshot",
									"PathDomain": {
										"value": "''",
										"type": "Expression"
									},
									"ManagementFolderPath": {
										"value": "@pipeline().parameters.DatabricksReconManagementFolderPath",
										"type": "Expression"
									},
									"WhereClause": {
										"value": "@concat(' where SNAPSHOT_FISCAL_YEAR_PERIOD >= ', variables('firstItem'), ' and SNAPSHOT_FISCAL_YEAR_PERIOD <= ', variables('lastItem'))",
										"type": "Expression"
									}
								}
							},
							"linkedServiceName": {
								"referenceName": "DSLabParquetDatabricks",
								"type": "LinkedServiceReference"
							}
						}
					]
				}
			}
		],
		"parameters": {
			"IsPrqRequired": {
				"type": "bool",
				"defaultValue": true
			},
			"IsCsvRequired": {
				"type": "bool",
				"defaultValue": true
			},
			"DatabricksParquetNotebookPath": {
				"type": "string",
				"defaultValue": "/DSLabManagement/refactor/csv2parquet"
			},
			"DatabricksCreateTableNotebookPath": {
				"type": "string",
				"defaultValue": "/DSLabManagement/refactor/create-table"
			},
			"DatabricksReconNotebookPath": {
				"type": "string",
				"defaultValue": "/DSLabManagement/refactor/ReconciliationV3"
			},
			"DatabricksParquetNotebookParam_tablename": {
				"type": "string",
				"defaultValue": "parquet_mercurydata.snapshot"
			},
			"DatabricksParquetNotebookParam_CSV_tablename": {
				"type": "string",
				"defaultValue": "core_mercurydata.snapshot"
			},
			"DatabricksReconManagementFolderPath": {
				"type": "string",
				"defaultValue": "/dtus/core/management"
			}
		},
		"variables": {
			"firstItem": {
				"type": "String"
			},
			"lastItem": {
				"type": "String"
			}
		},
		"annotations": []
	},
	"type": "Microsoft.DataFactory/factories/pipelines"
}