{
	"name": "PL_COPY_HANA_MERCURY_ALLIANCE_PRODUCT",
	"properties": {
		"activities": [
			{
				"name": "COPY_MERCURY_ALLIANCE_PRODUCT_HEADER",
				"type": "Copy",
				"dependsOn": [],
				"policy": {
					"timeout": "7.00:00:00",
					"retry": 0,
					"retryIntervalInSeconds": 30,
					"secureOutput": false
				},
				"userProperties": [],
				"typeProperties": {
					"source": {
						"type": "RelationalSource",
						"query": "call \"DS_LAB\".\"DTUS.datalake.sp::DSLAB_GET_HEADERS\" ('MERCURY_MASTER_ALLIANCE_PRODUCT_EXTRACT')"
					},
					"sink": {
						"type": "AzureDataLakeStoreSink"
					},
					"enableStaging": false,
					"dataIntegrationUnits": 0
				},
				"inputs": [
					{
						"referenceName": "DS_HANA",
						"type": "DatasetReference"
					}
				],
				"outputs": [
					{
						"referenceName": "DS_ADLS_HEADER",
						"type": "DatasetReference",
						"parameters": {
							"filePath": "/dtus/core/mercury/alliance_product/national",
							"fileName": "headers.csv"
						}
					}
				]
			},
			{
				"name": "COPY_MERCURY_ALLIANCE_PRODUCT",
				"type": "Copy",
				"dependsOn": [
					{
						"activity": "COPY_MERCURY_ALLIANCE_PRODUCT_HEADER",
						"dependencyConditions": [
							"Succeeded"
						]
					}
				],
				"policy": {
					"timeout": "7.00:00:00",
					"retry": 0,
					"retryIntervalInSeconds": 30,
					"secureOutput": false
				},
				"userProperties": [],
				"typeProperties": {
					"source": {
						"type": "RelationalSource",
						"query": "SELECT\n\t \"ALLIANCE_PRODUCT_RECORD_ID\",\n\t \"ALLIANCE_PRODUCT_ID\",\n\t \"ALLIANCE_PRODUCT_NAME\",\n\t \"DELETED_FLG\",\n\t \"ACTIVE_FLG\",\n\t \"CREATED_DATE\",\n\t \"CREATED_BY\",\n\t \"LAST_MODIFIED_DATE\",\n\t \"LAST_MODIFIED_BY\",\n\t \"SYSTEM_MOD_STAMP\" \nFROM \"_SYS_BIC\".\"DTUS.datalake.mercury/MERCURY_MASTER_ALLIANCE_PRODUCT_EXTRACT\""
					},
					"sink": {
						"type": "AzureDataLakeStoreSink"
					},
					"enableStaging": false,
					"dataIntegrationUnits": 0
				},
				"inputs": [
					{
						"referenceName": "DS_HANA",
						"type": "DatasetReference"
					}
				],
				"outputs": [
					{
						"referenceName": "DS_ADLS_MERCURY_ALLIANCE_PRODUCT",
						"type": "DatasetReference"
					}
				]
			},
			{
				"name": "COPY_MERCURY_ALLIANCE_PRODUCT_RECON",
				"type": "Copy",
				"dependsOn": [
					{
						"activity": "COPY_MERCURY_ALLIANCE_PRODUCT",
						"dependencyConditions": [
							"Succeeded"
						]
					}
				],
				"policy": {
					"timeout": "7.00:00:00",
					"retry": 0,
					"retryIntervalInSeconds": 30,
					"secureOutput": false
				},
				"userProperties": [],
				"typeProperties": {
					"source": {
						"type": "RelationalSource",
						"query": "SELECT\n\tCOUNT(*) AS RECORDCOUNT\nFROM \n\t\"_SYS_BIC\".\"DTUS.datalake.mercury/MERCURY_MASTER_ALLIANCE_PRODUCT_EXTRACT\""
					},
					"sink": {
						"type": "AzureDataLakeStoreSink"
					},
					"enableStaging": false,
					"dataIntegrationUnits": 0
				},
				"inputs": [
					{
						"referenceName": "DS_HANA",
						"type": "DatasetReference"
					}
				],
				"outputs": [
					{
						"referenceName": "DS_ADLS_RECON",
						"type": "DatasetReference",
						"parameters": {
							"filePath": {
								"value": "/dtus/core/management/reconciliation/mercury/alliance_product",
								"type": "Expression"
							},
							"fileName": {
								"value": "alliance_product.csv",
								"type": "Expression"
							}
						}
					}
				]
			},
			{
				"name": "PARQUET_REQUIRED",
				"description": "If parquet table required, perform parquet conversion and AutoRecon",
				"type": "IfCondition",
				"dependsOn": [
					{
						"activity": "COPY_MERCURY_ALLIANCE_PRODUCT_RECON",
						"dependencyConditions": [
							"Succeeded"
						]
					}
				],
				"userProperties": [],
				"typeProperties": {
					"expression": {
						"value": "@pipeline().parameters.IsPrqRequired",
						"type": "Expression"
					},
					"ifTrueActivities": [
						{
							"name": "ADLS_CSV_to_PRQ",
							"description": "Generic Parquet conversion Notebook",
							"type": "DatabricksNotebook",
							"dependsOn": [],
							"policy": {
								"timeout": "7.00:00:00",
								"retry": 0,
								"retryIntervalInSeconds": 30,
								"secureOutput": false,
								"secureInput": false
							},
							"userProperties": [],
							"typeProperties": {
								"notebookPath": {
									"value": "@pipeline().parameters.DatabricksParquetNotebookPath",
									"type": "Expression"
								},
								"baseParameters": {
									"databricksTable": {
										"value": "@pipeline().parameters.DatabricksParquetNotebookParam_tablename",
										"type": "Expression"
									},
									"headersFile": {
										"value": "'/dtus/core/mercury/alliance_product/national/headers.csv'",
										"type": "Expression"
									},
									"sourceFolder": {
										"value": "'/dtus/core/mercury/alliance_product/national/csv'",
										"type": "Expression"
									},
									"targetFolder": {
										"value": "'/dtus/core/mercury/alliance_product/national/parquet/'",
										"type": "Expression"
									},
									"pathDomain": {
										"value": "''",
										"type": "Expression"
									},
									"managementFolderPath": {
										"value": "@pipeline().parameters.DatabricksReconManagementFolderPath",
										"type": "Expression"
									},
									"reconPath": "/mercury/alliance_product"
								}
							},
							"linkedServiceName": {
								"referenceName": "DSLabParquetDatabricks",
								"type": "LinkedServiceReference"
							}
						},
						{
							"name": "CREATE_PARQUET_TABLE",
							"description": "Create Parquet Table",
							"type": "DatabricksNotebook",
							"dependsOn": [
								{
									"activity": "ADLS_CSV_to_PRQ",
									"dependencyConditions": [
										"Succeeded"
									]
								}
							],
							"policy": {
								"timeout": "7.00:00:00",
								"retry": 0,
								"retryIntervalInSeconds": 30,
								"secureOutput": false,
								"secureInput": false
							},
							"userProperties": [],
							"typeProperties": {
								"notebookPath": {
									"value": "@pipeline().parameters.DatabricksCreateTableNotebookPath",
									"type": "Expression"
								},
								"baseParameters": {
									"databricksTable": {
										"value": "@pipeline().parameters.DatabricksParquetNotebookParam_tablename",
										"type": "Expression"
									},
									"headersFile": {
										"value": "'/dtus/core/mercury/alliance_product/national/headers.csv'",
										"type": "Expression"
									},
									"sourceFolder": {
										"value": "'/dtus/core/mercury/alliance_product/national/parquet/'",
										"type": "Expression"
									},
									"tableDataSource": "PARQUET"
								}
							},
							"linkedServiceName": {
								"referenceName": "DSLabParquetDatabricks",
								"type": "LinkedServiceReference"
							}
						},
						{
							"name": "PARQUET_RECON_RUN",
							"description": "Run PRQ table Recon",
							"type": "DatabricksNotebook",
							"dependsOn": [
								{
									"activity": "CREATE_PARQUET_TABLE",
									"dependencyConditions": [
										"Succeeded"
									]
								}
							],
							"policy": {
								"timeout": "7.00:00:00",
								"retry": 0,
								"retryIntervalInSeconds": 30,
								"secureOutput": false,
								"secureInput": false
							},
							"userProperties": [],
							"typeProperties": {
								"notebookPath": {
									"value": "@pipeline().parameters.DatabricksReconNotebookPath",
									"type": "Expression"
								},
								"baseParameters": {
									"CoreTableName": {
										"value": "@pipeline().parameters.DatabricksParquetNotebookParam_tablename",
										"type": "Expression"
									},
									"ReconPath": {
										"value": "mercury/alliance_product",
										"type": "Expression"
									},
									"PathDomain": {
										"value": "''",
										"type": "Expression"
									},
									"ManagementFolderPath": {
										"value": "@pipeline().parameters.DatabricksReconManagementFolderPath",
										"type": "Expression"
									}
								}
							},
							"linkedServiceName": {
								"referenceName": "DSLabParquetDatabricks",
								"type": "LinkedServiceReference"
							}
						}
					]
				}
			},
			{
				"name": "CSV_REQUIRED",
				"type": "IfCondition",
				"dependsOn": [
					{
						"activity": "COPY_MERCURY_ALLIANCE_PRODUCT_RECON",
						"dependencyConditions": [
							"Succeeded"
						]
					}
				],
				"userProperties": [],
				"typeProperties": {
					"expression": {
						"value": "@pipeline().parameters.IsCsvRequired",
						"type": "Expression"
					},
					"ifTrueActivities": [
						{
							"name": "CREATE_CSV_TABLE",
							"description": "Create CSV Table",
							"type": "DatabricksNotebook",
							"dependsOn": [],
							"policy": {
								"timeout": "7.00:00:00",
								"retry": 0,
								"retryIntervalInSeconds": 30,
								"secureOutput": false,
								"secureInput": false
							},
							"userProperties": [],
							"typeProperties": {
								"notebookPath": {
									"value": "@pipeline().parameters.DatabricksCreateTableNotebookPath",
									"type": "Expression"
								},
								"baseParameters": {
									"databricksTable": {
										"value": "@pipeline().parameters.DatabricksParquetNotebookParam_CSV_tablename",
										"type": "Expression"
									},
									"headersFile": {
										"value": "'/dtus/core/mercury/alliance_product/national/headers.csv'",
										"type": "Expression"
									},
									"sourceFolder": {
										"value": "'/dtus/core/mercury/alliance_product/national/csv/*/'",
										"type": "Expression"
									},
									"tableDataSource": "CSV"
								}
							},
							"linkedServiceName": {
								"referenceName": "DSLabParquetDatabricks",
								"type": "LinkedServiceReference"
							}
						},
						{
							"name": "CSV_RECON_RUN",
							"description": "Run CSV table Recon",
							"type": "DatabricksNotebook",
							"dependsOn": [
								{
									"activity": "CREATE_CSV_TABLE",
									"dependencyConditions": [
										"Succeeded"
									]
								}
							],
							"policy": {
								"timeout": "7.00:00:00",
								"retry": 0,
								"retryIntervalInSeconds": 30,
								"secureOutput": false,
								"secureInput": false
							},
							"userProperties": [],
							"typeProperties": {
								"notebookPath": {
									"value": "@pipeline().parameters.DatabricksReconNotebookPath",
									"type": "Expression"
								},
								"baseParameters": {
									"CoreTableName": {
										"value": "@pipeline().parameters.DatabricksParquetNotebookParam_CSV_tablename",
										"type": "Expression"
									},
									"ReconPath": {
										"value": "mercury/alliance_product",
										"type": "Expression"
									},
									"PathDomain": {
										"value": "''",
										"type": "Expression"
									},
									"ManagementFolderPath": {
										"value": "@pipeline().parameters.DatabricksReconManagementFolderPath",
										"type": "Expression"
									}
								}
							},
							"linkedServiceName": {
								"referenceName": "DSLabParquetDatabricks",
								"type": "LinkedServiceReference"
							}
						}
					]
				}
			}
		],
		"parameters": {
			"IsPrqRequired": {
				"type": "bool",
				"defaultValue": true
			},
			"IsCsvRequired": {
				"type": "bool",
				"defaultValue": true
			},
			"DatabricksParquetNotebookPath": {
				"type": "string",
				"defaultValue": "/DSLabManagement/refactor/csv2parquet"
			},
			"DatabricksReconNotebookPath": {
				"type": "string",
				"defaultValue": "/DSLabManagement/refactor/ReconciliationV2"
			},
			"DatabricksParquetNotebookParam_tablename": {
				"type": "string",
				"defaultValue": "parquet_mercurydata.alliance_product"
			},
			"DatabricksParquetNotebookParam_CSV_tablename": {
				"type": "string",
				"defaultValue": "core_mercurydata.alliance_product"
			},
			"DatabricksReconManagementFolderPath": {
				"type": "string",
				"defaultValue": "/dtus/core/management"
			},
			"DatabricksCreateTableNotebookPath": {
				"type": "string",
				"defaultValue": "/DSLabManagement/create-table"
			}
		},
		"annotations": []
	},
	"type": "Microsoft.DataFactory/factories/pipelines"
}