{
	"name": "PL_COPY_HANA_DTE_TIME",
	"properties": {
		"description": "Copy DTE Time data to Azure Data Lake Store   ",
		"activities": [
			{
				"name": "LogPipelineSTARTED",
				"type": "Lookup",
				"dependsOn": [],
				"policy": {
					"timeout": "7.00:00:00",
					"retry": 0,
					"retryIntervalInSeconds": 30,
					"secureOutput": false
				},
				"userProperties": [],
				"typeProperties": {
					"source": {
						"type": "RelationalSource",
						"query": {
							"value": "call \"DS_LAB\".\"DTUS.datalake.sp::DSLAB_LOG\" (\n'@{pipeline().DataFactory}',\n'@{pipeline().Pipeline}',\n'@{pipeline().TriggerName}', \n'@{pipeline().TriggerType}',\n'STARTED',\n 'Pipeline'\n)",
							"type": "Expression"
						}
					},
					"dataset": {
						"referenceName": "DS_HANA",
						"type": "DatasetReference"
					}
				}
			},
			{
				"name": "COPY_DTE_TIME_HEADERS",
				"type": "Copy",
				"dependsOn": [
					{
						"activity": "LogPipelineSTARTED",
						"dependencyConditions": [
							"Succeeded"
						]
					}
				],
				"policy": {
					"timeout": "7.00:00:00",
					"retry": 0,
					"retryIntervalInSeconds": 30,
					"secureOutput": false
				},
				"userProperties": [],
				"typeProperties": {
					"source": {
						"type": "RelationalSource",
						"query": "call \"DS_LAB\".\"DTUS.datalake.sp::DSLAB_GET_HEADERS\" ('TIME_EXTRACT')"
					},
					"sink": {
						"type": "AzureDataLakeStoreSink"
					},
					"enableStaging": false,
					"dataIntegrationUnits": 0
				},
				"inputs": [
					{
						"referenceName": "DS_HANA",
						"type": "DatasetReference"
					}
				],
				"outputs": [
					{
						"referenceName": "DS_ADLS_HEADER",
						"type": "DatasetReference",
						"parameters": {
							"filePath": "/dtus/core/dte/time/national/",
							"fileName": "headers.csv"
						}
					}
				]
			},
			{
				"name": "LP_GET_FISC_PERIODS",
				"description": "Get fiscal periods list from HANA",
				"type": "Lookup",
				"dependsOn": [
					{
						"activity": "COPY_DTE_TIME_HEADERS",
						"dependencyConditions": [
							"Succeeded"
						]
					}
				],
				"policy": {
					"timeout": "7.00:00:00",
					"retry": 0,
					"retryIntervalInSeconds": 30,
					"secureOutput": false
				},
				"userProperties": [],
				"typeProperties": {
					"source": {
						"type": "RelationalSource",
						"query": {
							"value": "CALL \"DS_LAB\".\"DTUS.datalake.sp::DSLAB_GET_FISCAL_PERIOD_RANGES\" ('DTE_TIME','@{pipeline().parameters.DateFrom}','@{pipeline().parameters.DateTo}') ;",
							"type": "Expression"
						}
					},
					"dataset": {
						"referenceName": "DS_HANA",
						"type": "DatasetReference"
					},
					"firstRowOnly": false
				}
			},
			{
				"name": "FOREACH_FISC_PERIOD",
				"type": "ForEach",
				"dependsOn": [
					{
						"activity": "LP_GET_FISC_PERIODS",
						"dependencyConditions": [
							"Succeeded"
						]
					}
				],
				"userProperties": [],
				"typeProperties": {
					"items": {
						"value": "@activity('LP_GET_FISC_PERIODS').output.value",
						"type": "Expression"
					},
					"isSequential": false,
					"batchCount": 10,
					"activities": [
						{
							"name": "LogStepSTARTED",
							"type": "Lookup",
							"dependsOn": [],
							"policy": {
								"timeout": "7.00:00:00",
								"retry": 0,
								"retryIntervalInSeconds": 30,
								"secureOutput": false
							},
							"userProperties": [],
							"typeProperties": {
								"source": {
									"type": "RelationalSource",
									"query": {
										"value": "call \"DS_LAB\".\"DTUS.datalake.sp::DSLAB_LOG\" (\n'@{pipeline().DataFactory}',\n'@{pipeline().Pipeline}',\n'@{pipeline().TriggerName}', \n'@{pipeline().TriggerType}',\n'STARTED',\n 'Step loading data for period @{item().FISCALYEARPERIOD}'\n)",
										"type": "Expression"
									}
								},
								"dataset": {
									"referenceName": "DS_HANA_GL_SHARED",
									"type": "DatasetReference"
								}
							}
						},
						{
							"name": "COPY_DTE_TIME",
							"type": "Copy",
							"dependsOn": [
								{
									"activity": "LogStepSTARTED",
									"dependencyConditions": [
										"Succeeded"
									]
								}
							],
							"policy": {
								"timeout": "7.00:00:00",
								"retry": 0,
								"retryIntervalInSeconds": 30,
								"secureOutput": false
							},
							"userProperties": [],
							"typeProperties": {
								"source": {
									"type": "RelationalSource",
									"query": {
										"value": "SELECT \"EMPLOYEE\", \"DOC_DATE\", \"TIME_SENDER_COST_CENTER\", \"TIME_RECEIVER_COST_CENTER\", \"WBS\", \"TIME_MEASURE_UNIT\", \"TIME_TASK_COMPONENT\", \"TIME_CREATED_AT\",\"TIME_CHANGED_AT\",\"TIME_APPROVED_AT\", \"TIME_REJECTION_REASON\", \"TIME_DOC_NBR\", \"TIME_OTJ_AUTH\", \"TIME_LATE_TIME_DAYS\", \"TIME_FED_TIME_CHANGE_REASON\", \"TIME_BOOLEAN_VARIABLE\", \"TIME_COMMENTS\", \"TIME_GL_ACCOUNT_LEDGER\", \"TIME_DOC_FY\", \"TIME_ACCOUNT_DOC_NBR\", \"TIME_RESERVE_OTHER_IND\", \"TIME_RESERVED_IND\", \"TIME_QTY\", \"TIME_DEBIT_IND\", \"POST_DATE\", \"TIME_ORIGINAL_IND\", \"TIME_APPROVER_EMPLOYEE\", \"TIME_LATE_IND\", \"TIME_CORE_BORROWED_IND\", \"TIME_ZEMCATSFI_CHANGED_AT\", \"TIME_TRIP_NUMBER\" FROM \"_SYS_BIC\".\"DTUS.datalake.dte/TIME_EXTRACT\" WHERE DOC_DATE BETWEEN '@{item().DATE_FROM}' and '@{item().DATE_TO}'",
										"type": "Expression"
									}
								},
								"sink": {
									"type": "AzureDataLakeStoreSink"
								},
								"enableStaging": false,
								"dataIntegrationUnits": 0
							},
							"inputs": [
								{
									"referenceName": "DS_HANA",
									"type": "DatasetReference"
								}
							],
							"outputs": [
								{
									"referenceName": "DS_ADLS_DTE_TIME",
									"type": "DatasetReference",
									"parameters": {
										"filePath": {
											"value": "@concat(variables('baseRootPath'),'/national/csv/',item().FISCALYEAR)",
											"type": "Expression"
										},
										"fileName": {
											"value": "@concat(item().FISCALYEARPERIOD, '.csv')",
											"type": "Expression"
										}
									}
								}
							]
						},
						{
							"name": "isParquetGen",
							"type": "IfCondition",
							"dependsOn": [
								{
									"activity": "COPY_DTE_TIME",
									"dependencyConditions": [
										"Succeeded"
									]
								}
							],
							"userProperties": [],
							"typeProperties": {
								"expression": {
									"value": "@pipeline().parameters.IsPrqRequired",
									"type": "Expression"
								},
								"ifTrueActivities": [
									{
										"name": "ADLS_CSV_to_PRQ",
										"description": "Generic Parquet conversion Notebook",
										"type": "DatabricksNotebook",
										"dependsOn": [],
										"policy": {
											"timeout": "7.00:00:00",
											"retry": 0,
											"retryIntervalInSeconds": 30,
											"secureOutput": false,
											"secureInput": false
										},
										"userProperties": [],
										"typeProperties": {
											"notebookPath": {
												"value": "@pipeline().parameters.DatabricksParquetNotebookPath",
												"type": "Expression"
											},
											"baseParameters": {
												"databricksTable": {
													"value": "@pipeline().parameters.DatabricksParquetNotebookParam_tablename",
													"type": "Expression"
												},
												"headersFile": {
													"value": "'/dtus/core/dte/time/national/headers.csv'",
													"type": "Expression"
												},
												"sourceFolder": {
													"value": "@concat('/dtus/core/dte/time/national/csv/', item().FISCALYEAR, '/', item().FISCALYEARPERIOD,'.csv')",
													"type": "Expression"
												},
												"targetFolder": {
													"value": "@concat('/dtus/core/dte/time/national/parquet/', item().FISCALYEAR, '/', item().FISCALYEARPERIOD)",
													"type": "Expression"
												}
											}
										},
										"linkedServiceName": {
											"referenceName": "DSLabParquetDatabricks",
											"type": "LinkedServiceReference"
										}
									}
								]
							}
						},
						{
							"name": "LogStepSUCCESS",
							"type": "Lookup",
							"dependsOn": [
								{
									"activity": "isParquetGen",
									"dependencyConditions": [
										"Succeeded"
									]
								}
							],
							"policy": {
								"timeout": "7.00:00:00",
								"retry": 0,
								"retryIntervalInSeconds": 30,
								"secureOutput": false
							},
							"userProperties": [],
							"typeProperties": {
								"source": {
									"type": "RelationalSource",
									"query": {
										"value": "call \"DS_LAB\".\"DTUS.datalake.sp::DSLAB_LOG\" (\n'@{pipeline().DataFactory}',\n'@{pipeline().Pipeline}',\n'@{pipeline().TriggerName}', \n'@{pipeline().TriggerType}',\n'SUCCESS',\n 'Step loading data for period @{item().FISCALYEARPERIOD}'\n)",
										"type": "Expression"
									}
								},
								"dataset": {
									"referenceName": "DS_HANA",
									"type": "DatasetReference"
								}
							}
						},
						{
							"name": "LogStepFAILURE",
							"type": "Lookup",
							"dependsOn": [
								{
									"activity": "isParquetGen",
									"dependencyConditions": [
										"Failed"
									]
								}
							],
							"policy": {
								"timeout": "7.00:00:00",
								"retry": 0,
								"retryIntervalInSeconds": 30,
								"secureOutput": false
							},
							"userProperties": [],
							"typeProperties": {
								"source": {
									"type": "RelationalSource",
									"query": {
										"value": "call \"DS_LAB\".\"DTUS.datalake.sp::DSLAB_LOG\" (\n'@{pipeline().DataFactory}',\n'@{pipeline().Pipeline}',\n'@{pipeline().TriggerName}', \n'@{pipeline().TriggerType}',\n'FAILURE',\n 'Step loading data for period @{item().FISCALYEARPERIOD}'\n)",
										"type": "Expression"
									}
								},
								"dataset": {
									"referenceName": "DS_HANA",
									"type": "DatasetReference"
								}
							}
						}
					]
				}
			},
			{
				"name": "LogPipelineSUCCESS",
				"type": "Lookup",
				"dependsOn": [
					{
						"activity": "FOREACH_FISC_PERIOD",
						"dependencyConditions": [
							"Succeeded"
						]
					}
				],
				"policy": {
					"timeout": "7.00:00:00",
					"retry": 0,
					"retryIntervalInSeconds": 30,
					"secureOutput": false
				},
				"userProperties": [],
				"typeProperties": {
					"source": {
						"type": "RelationalSource",
						"query": {
							"value": "call \"DS_LAB\".\"DTUS.datalake.sp::DSLAB_LOG\" (\n'@{pipeline().DataFactory}',\n'@{pipeline().Pipeline}',\n'@{pipeline().TriggerName}', \n'@{pipeline().TriggerType}',\n'SUCCESS',\n 'Pipeline'\n)",
							"type": "Expression"
						}
					},
					"dataset": {
						"referenceName": "DS_HANA",
						"type": "DatasetReference"
					}
				}
			}
		],
		"parameters": {
			"DateFrom": {
				"type": "String",
				"defaultValue": "1900-01-01"
			},
			"DateTo": {
				"type": "String",
				"defaultValue": "9999-12-31"
			},
			"isPrqRequired": {
				"type": "bool",
				"defaultValue": true
			},
			"DatabricksParquetNotebookPath": {
				"type": "string",
				"defaultValue": "/DSLabManagement/refactor/csv2parquet"
			},
			"DatabricksParquetNotebookParam_tablename": {
				"type": "string",
				"defaultValue": "dslab_dte.time"
			}
		},
		"variables": {
			"baseRootPath": {
				"type": "String",
				"defaultValue": "/dtus/core/dte/time"
			}
		},
		"annotations": []
	},
	"type": "Microsoft.DataFactory/factories/pipelines"
}