{
	"name": "PL_COPY_FILE_GL_SHARED",
	"properties": {
		"description": "Binary copy GL_SHARED CSV files from File Share to Azure Data Lake Store ",
		"activities": [
			{
				"name": "COPY_GL_SHARED_HEADERS",
				"type": "Copy",
				"dependsOn": [],
				"policy": {
					"timeout": "7.00:00:00",
					"retry": 0,
					"retryIntervalInSeconds": 30,
					"secureOutput": false
				},
				"userProperties": [],
				"typeProperties": {
					"source": {
						"type": "RelationalSource",
						"query": "call \"DS_LAB\".\"DTUS.datalake.sp::DSLAB_GET_HEADERS\" ('GL_SHARED_EXTRACT')"
					},
					"sink": {
						"type": "AzureDataLakeStoreSink"
					},
					"enableStaging": false,
					"dataIntegrationUnits": 0
				},
				"inputs": [
					{
						"referenceName": "DS_HANA_GL_SHARED",
						"type": "DatasetReference"
					}
				],
				"outputs": [
					{
						"referenceName": "DS_ADLS_HEADER",
						"type": "DatasetReference",
						"parameters": {
							"filePath": "/dtus/core/finance/general_ledger/national",
							"fileName": "headers.csv"
						}
					}
				]
			},
			{
				"name": "LP_GET_FISC_PERIODS",
				"description": "Get fiscal periods list from HANA",
				"type": "Lookup",
				"dependsOn": [
					{
						"activity": "COPY_GL_SHARED_HEADERS",
						"dependencyConditions": [
							"Succeeded"
						]
					}
				],
				"policy": {
					"timeout": "7.00:00:00",
					"retry": 0,
					"retryIntervalInSeconds": 30,
					"secureOutput": false
				},
				"userProperties": [],
				"typeProperties": {
					"source": {
						"type": "RelationalSource",
						"query": {
							"value": "call \"DS_LAB\".\"DTUS.datalake.sp::DSLAB_GET_FISCAL_PERIODS\" ('@{pipeline().TriggerName}', '@{pipeline().Pipeline}')",
							"type": "Expression"
						}
					},
					"dataset": {
						"referenceName": "DS_HANA",
						"type": "DatasetReference"
					},
					"firstRowOnly": false
				}
			},
			{
				"name": "SET_VAL_FIRST",
				"type": "SetVariable",
				"dependsOn": [
					{
						"activity": "LP_GET_FISC_PERIODS",
						"dependencyConditions": [
							"Succeeded"
						]
					}
				],
				"userProperties": [],
				"typeProperties": {
					"variableName": "firstItem",
					"value": {
						"value": "@string(first(activity('LP_GET_FISC_PERIODS').output.value).FISCAL_YEAR_PERIOD)",
						"type": "Expression"
					}
				}
			},
			{
				"name": "SET_VAL_LAST",
				"type": "SetVariable",
				"dependsOn": [
					{
						"activity": "LP_GET_FISC_PERIODS",
						"dependencyConditions": [
							"Succeeded"
						]
					}
				],
				"userProperties": [],
				"typeProperties": {
					"variableName": "lastItem",
					"value": {
						"value": "@string(last(activity('LP_GET_FISC_PERIODS').output.value).FISCAL_YEAR_PERIOD)",
						"type": "Expression"
					}
				}
			},
			{
				"name": "DEL_OLD_RECON_FILES",
				"type": "Delete",
				"dependsOn": [],
				"policy": {
					"timeout": "7.00:00:00",
					"retry": 0,
					"retryIntervalInSeconds": 30,
					"secureOutput": false,
					"secureInput": false
				},
				"userProperties": [],
				"typeProperties": {
					"dataset": {
						"referenceName": "DS_ADLS_HEADER",
						"type": "DatasetReference",
						"parameters": {
							"filePath": "/dtus/core/management/reconciliation/finance/general_ledger",
							"fileName": "*.*"
						}
					},
					"enableLogging": false,
					"recursive": true
				}
			},
			{
				"name": "FOREACH_FISC_PERIOD",
				"type": "ForEach",
				"dependsOn": [
					{
						"activity": "LP_GET_FISC_PERIODS",
						"dependencyConditions": [
							"Succeeded"
						]
					},
					{
						"activity": "DEL_OLD_RECON_FILES",
						"dependencyConditions": [
							"Completed"
						]
					}
				],
				"userProperties": [],
				"typeProperties": {
					"items": {
						"value": "@activity('LP_GET_FISC_PERIODS').output.value",
						"type": "Expression"
					},
					"isSequential": true,
					"activities": [
						{
							"name": "COPY_FILE_GL_SHARED",
							"type": "Copy",
							"dependsOn": [],
							"policy": {
								"timeout": "7.00:00:00",
								"retry": 2,
								"retryIntervalInSeconds": 3600,
								"secureOutput": false
							},
							"userProperties": [],
							"typeProperties": {
								"source": {
									"type": "FileSystemSource",
									"recursive": false
								},
								"sink": {
									"type": "AzureDataLakeStoreSink"
								},
								"enableStaging": false,
								"dataIntegrationUnits": 0
							},
							"inputs": [
								{
									"referenceName": "DS_FILE_GL_SHARED",
									"type": "DatasetReference",
									"parameters": {
										"fileName": {
											"value": "@concat(item().FISCAL_YEAR_PERIOD, '.csv')",
											"type": "Expression"
										}
									}
								}
							],
							"outputs": [
								{
									"referenceName": "DS_ADLS_BIN_GL_SHARED",
									"type": "DatasetReference",
									"parameters": {
										"filePath": {
											"value": "@concat('/dtus/core/finance/general_ledger/national/csv/', substring(item().FISCAL_YEAR_PERIOD, 0, 4))",
											"type": "Expression"
										},
										"fileName": {
											"value": "@concat(item().FISCAL_YEAR_PERIOD, '.csv')",
											"type": "Expression"
										}
									}
								}
							]
						},
						{
							"name": "parquet_conversion_required",
							"type": "IfCondition",
							"dependsOn": [
								{
									"activity": "COPY_FILE_GL_SHARED",
									"dependencyConditions": [
										"Succeeded"
									]
								}
							],
							"userProperties": [],
							"typeProperties": {
								"expression": {
									"value": "@pipeline().parameters.IsPrqRequired",
									"type": "Expression"
								},
								"ifTrueActivities": [
									{
										"name": "ADLS_CSV_to_PRQ",
										"description": "Generic Parquet conversion Notebook",
										"type": "DatabricksNotebook",
										"dependsOn": [],
										"policy": {
											"timeout": "7.00:00:00",
											"retry": 0,
											"retryIntervalInSeconds": 30,
											"secureOutput": false,
											"secureInput": false
										},
										"userProperties": [],
										"typeProperties": {
											"notebookPath": {
												"value": "@pipeline().parameters.DatabricksParquetNotebookPath",
												"type": "Expression"
											},
											"baseParameters": {
												"databricksTable": {
													"value": "@pipeline().parameters.DatabricksParquetNotebookParam_tablename",
													"type": "Expression"
												},
												"headersFile": {
													"value": "'/dtus/core/finance/general_ledger/national/headers.csv'",
													"type": "Expression"
												},
												"sourceFolder": {
													"value": "@concat('/dtus/core/finance/general_ledger/national/csv/', substring(item().FISCAL_YEAR_PERIOD, 0, 4),'/',item().FISCAL_YEAR_PERIOD,'.csv')",
													"type": "Expression"
												},
												"targetFolder": {
													"value": "'/dtus/core/finance/general_ledger/national/parquet/'",
													"type": "Expression"
												},
												"pathDomain": {
													"value": "''",
													"type": "Expression"
												},
												"managementFolderPath": {
													"value": "@pipeline().parameters.DatabricksReconManagementFolderPath",
													"type": "Expression"
												},
												"reconPath": "finance/general_ledger",
												"partitionColumns": {
													"value": "FISCAL_YEAR, FISCAL_YEAR_PERIOD",
													"type": "Expression"
												},
												"partitionValues": {
													"value": "@concat(substring(item().FISCAL_YEAR_PERIOD, 0, 4),',', item().FISCAL_YEAR_PERIOD)",
													"type": "Expression"
												}
											}
										},
										"linkedServiceName": {
											"referenceName": "DSLabParquetDatabricks",
											"type": "LinkedServiceReference"
										}
									}
								]
							}
						},
						{
							"name": "SetTmpYearList",
							"description": "Store current list of affected years in the tmp variable",
							"type": "SetVariable",
							"dependsOn": [],
							"userProperties": [],
							"typeProperties": {
								"variableName": "tmpYearList",
								"value": {
									"value": "@variables('YearList')",
									"type": "Expression"
								}
							}
						},
						{
							"name": "SetYearList",
							"description": "Adds current list of affected years with year from iterator",
							"type": "SetVariable",
							"dependsOn": [
								{
									"activity": "SetTmpYearList",
									"dependencyConditions": [
										"Succeeded"
									]
								}
							],
							"userProperties": [],
							"typeProperties": {
								"variableName": "YearList",
								"value": {
									"value": "@union(variables('tmpYearList'), array(substring(item().FISCAL_YEAR_PERIOD, 0, 4)))",
									"type": "Expression"
								}
							}
						},
						{
							"name": "COPY_GL_SHARED_RECON",
							"type": "Copy",
							"dependsOn": [],
							"policy": {
								"timeout": "7.00:00:00",
								"retry": 0,
								"retryIntervalInSeconds": 30,
								"secureOutput": false,
								"secureInput": false
							},
							"userProperties": [],
							"typeProperties": {
								"source": {
									"type": "RelationalSource",
									"query": {
										"value": "SELECT \n\tFISCAL_YEAR_PERIOD AS \"$GRP$FISCAL_YEAR_PERIOD\",\n\tCOUNT(*) AS RECORDCOUNT,\n\tIFNULL(SUM(\"ADJ_UTIL_CONS_PERC_NUMERATOR\"), 0) AS ADJ_UTIL_CONS_PERC_NUMERATOR,\n\tIFNULL(SUM(\"ADJ_UTIL_FED_PERC_NUMERATOR\"), 0) AS ADJ_UTIL_FED_PERC_NUMERATOR,\n\tIFNULL(SUM(\"ADM_RES_REV\"), 0) AS ADM_RES_REV,\n\tIFNULL(SUM(\"ADM_SVC_HRS\"), 0) AS ADM_SVC_HRS,\n\tIFNULL(SUM(\"ADV_MO_IND_PLAN\"), 0) AS ADV_MO_IND_PLAN,\n\tIFNULL(SUM(\"CL_FACE_HRS\"), 0) AS CL_FACE_HRS,\n\tIFNULL(SUM(\"CS_COST_SERVICES\"), 0) AS CS_COST_SERVICES,\n\tIFNULL(SUM(\"CS_EXP\"), 0) AS CS_EXP,\n\tIFNULL(SUM(\"CS_HRS\"), 0) AS CS_HRS,\n\tIFNULL(SUM(\"CS_STD_HRS\"), 0) AS CS_STD_HRS,\n\tIFNULL(SUM(\"DC_VBB\"), 0) AS DC_VBB,\n\tIFNULL(SUM(\"ENGMT_MARGN\"), 0) AS ENGMT_MARGN,\n\tIFNULL(SUM(\"ENGMT_SVC_REV\"), 0) AS ENGMT_SVC_REV,\n\tIFNULL(SUM(\"GAA_HRS\"), 0) AS GAA_HRS,\n\tIFNULL(SUM(\"GEN_PRD_HRS\"), 0) AS GEN_PRD_HRS,\n\tIFNULL(SUM(\"GROSS_REV\"), 0) AS GROSS_REV,\n\tIFNULL(SUM(\"INT_JRN_OTH_HRS\"), 0) AS INT_JRN_OTH_HRS,\n\tIFNULL(SUM(\"INT_PROJ_LABOR_COST\"), 0) AS INT_PROJ_LABOR_COST,\n\tIFNULL(SUM(\"INTER_PROJ_ACTL_EXP\"), 0) AS INTER_PROJ_ACTL_EXP,\n\tIFNULL(SUM(\"INTER_PROJ_ACTL_HRS\"), 0) AS INTER_PROJ_ACTL_HRS,\n\tIFNULL(SUM(\"INTRS_ON_RECV\"), 0) AS INTRS_ON_RECV,\n\tIFNULL(SUM(\"LEG_ADJ_HRS\"), 0) AS LEG_ADJ_HRS,\n\tIFNULL(SUM(\"NET_ADM_REV\"), 0) AS NET_ADM_REV,\n\tIFNULL(SUM(\"NET_PROD_REV\"), 0) AS NET_PROD_REV,\n\tIFNULL(SUM(\"NET_REV\"), 0) AS NET_REV,\n\tIFNULL(SUM(\"NET_REV_DC_VBB\"), 0) AS NET_REV_DC_VBB,\n\tIFNULL(SUM(\"NET_SVC_REV\"), 0) AS NET_SVC_REV,\n\tIFNULL(SUM(\"OTH_AA_TYPE_HRS\"), 0) AS OTH_AA_TYPE_HRS,\n\tIFNULL(SUM(\"OTH_ADJ\"), 0) AS OTH_ADJ,\n\tIFNULL(SUM(\"OTHER_HRS\"), 0) AS OTHER_HRS,\n\tIFNULL(SUM(\"PERS_HRS\"), 0) AS PERS_HRS,\n\tIFNULL(SUM(\"PRA_HRS\"), 0) AS PRA_HRS,\n\tIFNULL(SUM(\"PRD_EXP\"), 0) AS PRD_EXP,\n\tIFNULL(SUM(\"PRD_HRS\"), 0) AS PRD_HRS,\n\tIFNULL(SUM(\"PRD_LABOR_COST\"), 0) AS PRD_LABOR_COST,\n\tIFNULL(SUM(\"PROJ_CLOS_UNBILL_TIME_ADJ\"), 0) AS PROJ_CLOS_UNBILL_TIME_ADJ,\n\tIFNULL(SUM(\"PROV_BAD_DEBT\"), 0) AS PROV_BAD_DEBT,\n\tIFNULL(SUM(\"PRTNR_LABOR_COST\"), 0) AS PRTNR_LABOR_COST,\n\tIFNULL(SUM(\"PRTNR_PRD_LABOR_COST\"), 0) AS PRTNR_PRD_LABOR_COST,\n\tIFNULL(SUM(\"PRTNR_SVC_COST\"), 0) AS PRTNR_SVC_COST,\n\tIFNULL(SUM(\"RECRT_HRS\"), 0) AS RECRT_HRS,\n\tIFNULL(SUM(\"STD_HRS\"), 0) AS STD_HRS,\n\tIFNULL(SUM(\"SVC_ADM_COST\"), 0) AS SVC_ADM_COST,\n\tIFNULL(SUM(\"SVC_COST\"), 0) AS SVC_COST,\n\tIFNULL(SUM(\"TECH_HRS\"), 0) AS TECH_HRS,\n\tIFNULL(SUM(\"TIME_OFF_HRS\"), 0) AS TIME_OFF_HRS,\n\tIFNULL(SUM(\"TOT_FIRM_PROJ_HRS\"), 0) AS TOT_FIRM_PROJ_HRS,\n\tIFNULL(SUM(\"TOT_HRS\"), 0) AS TOT_HRS,\n\tIFNULL(SUM(\"TOT_LOCAL_PROJ_HRS\"), 0) AS TOT_LOCAL_PROJ_HRS,\n\tIFNULL(SUM(\"TOT_OTH_REV\"), 0) AS TOT_OTH_REV,\n\tIFNULL(SUM(\"TOT_WRK_HRS\"), 0) AS TOT_WRK_HRS,\n\tIFNULL(SUM(\"TRNG_HRS\"), 0) AS TRNG_HRS,\n\tIFNULL(SUM(\"ZUORA_HRS\"), 0) AS ZUORA_HRS,\n\tIFNULL(SUM(\"FTE_TREND_NOT_TOT\"), 0) AS FTE_TREND_NOT_TOT,\n\tIFNULL(SUM(\"QUANTITY\"), 0) AS QUANTITY,\n\tIFNULL(SUM(\"BAL_TRX_CUR_AMOUNT\"), 0) AS BAL_TRX_CUR_AMOUNT,\n\tIFNULL(SUM(\"TRX_CUR_AMOUNT\"), 0) AS TRX_CUR_AMOUNT,\n\tIFNULL(SUM(\"COMP_CODE_CUR_AMOUNT\"), 0) AS COMP_CODE_CUR_AMOUNT,\n\tIFNULL(SUM(\"GLOBAL_CUR_AMOUNT\"), 0) AS GLOBAL_CUR_AMOUNT\nFROM (\n\tSELECT\n\t\tAA_TYPE,\n\t\tACCOUNT,\n\t\tCLIENT,\n\t\tCOMPANY_CODE,\n\t\tCONTROLLING_AREA,\n\t\tDOC_CAL_MO,\n\t\tDOC_CAL_WK,\n\t\tDOC_CAL_YR,\n\t\tDOC_CAL_YR_MO,\n\t\tDOC_CAL_YR_WK,\n\t\tDOC_DATE,\n\t\tDOC_FISC_BIWK_PD,\n\t\tDOC_FISC_BIWK_PD_END,\n\t\tDOC_FISC_BIWK_PD_YR,\n\t\tDOC_FISC_PD,\n\t\tDOC_FISC_PD_END,\n\t\tDOC_FISC_QTR,\n\t\tDOC_FISC_QTR_YR,\n\t\tDOC_FISC_WK,\n\t\tDOC_FISC_WK_END,\n\t\tDOC_FISC_YR,\n\t\tDOC_FISC_YR_PD,\n\t\tDOC_FISC_YR_WK,\n\t\tDOCUMENT_TYPE,\n\t\tDOCUMENT_TYPE_TEXT,\n\t\tEMP_AT_POST_PC_CONTROLLING_AREA,\n\t\tEMP_AT_POST_PROFIT_CENTER,\n\t\tEMP_JOB_LEVEL_SUMMARY_AT_WORK_DATE,\n\t\tEMPLOYEE,\n\t\tFISCAL_PERIOD,\n\t\tFISCAL_PERIOD_SPECIAL,\n\t\tFISCAL_YEAR,\n\t\tFISCAL_YEAR_PERIOD,\n\t\tFISCAL_YEAR_PERIOD_SPECIAL,\n\t\tPARENT_CLIENT,\n\t\tPC_CONTROLLING_AREA,\n\t\tPOST_CAL_MO,\n\t\tPOST_CAL_WK,\n\t\tPOST_CAL_YR,\n\t\tPOST_CAL_YR_MO,\n\t\tPOST_CAL_YR_WK,\n\t\tPOST_DATE,\n\t\tPOST_FISC_BIWK_PD,\n\t\tPOST_FISC_BIWK_PD_END,\n\t\tPOST_FISC_BIWK_PD_YR,\n\t\tPOST_FISC_PD_END,\n\t\tPOST_FISC_QTR,\n\t\tPOST_FISC_QTR_YR,\n\t\tPOST_FISC_WK,\n\t\tPOST_FISC_WK_END,\n\t\tPOST_FISC_YR_WK,\n\t\tPROFIT_CENTER,\n\t\tREPORT_ID,\n\t\tREV_REC_CAT,\n\t\tVERSION,\n\t\tWBS,\n\t\tWBS_LEGACY,\n\t\tWBS_LEVEL,\n\t\tWBS_LEVEL1,\n\t\tWBS_LEVEL2,\n\t\tWBS_LEVEL3,\n\t\tWBS_LEVEL4,\n\t\tSUM(ADJ_UTIL_CONS_PERC_NUMERATOR) AS ADJ_UTIL_CONS_PERC_NUMERATOR,\n\t\tSUM(ADJ_UTIL_FED_PERC_NUMERATOR) AS ADJ_UTIL_FED_PERC_NUMERATOR,\n\t\tSUM(ADM_RES_REV) AS ADM_RES_REV,\n\t\tSUM(ADM_SVC_HRS) AS ADM_SVC_HRS,\n\t\tSUM(ADV_MO_IND_PLAN) AS ADV_MO_IND_PLAN,\n\t\tSUM(CL_FACE_HRS) AS CL_FACE_HRS,\n\t\tSUM(CS_COST_SERVICES) AS CS_COST_SERVICES,\n\t\tSUM(CS_EXP) AS CS_EXP,\n\t\tSUM(CS_HRS) AS CS_HRS,\n\t\tSUM(CS_STD_HRS) AS CS_STD_HRS,\n\t\tSUM(DC_VBB) AS DC_VBB,\n\t\tSUM(ENGMT_MARGN) AS ENGMT_MARGN,\n\t\tSUM(ENGMT_SVC_REV) AS ENGMT_SVC_REV,\n\t\tSUM(GAA_HRS) AS GAA_HRS,\n\t\tSUM(GEN_PRD_HRS) AS GEN_PRD_HRS,\n\t\tSUM(GROSS_REV) AS GROSS_REV,\n\t\tSUM(INT_JRN_OTH_HRS) AS INT_JRN_OTH_HRS,\n\t\tSUM(INT_PROJ_LABOR_COST) AS INT_PROJ_LABOR_COST,\n\t\tSUM(INTER_PROJ_ACTL_EXP) AS INTER_PROJ_ACTL_EXP,\n\t\tSUM(INTER_PROJ_ACTL_HRS) AS INTER_PROJ_ACTL_HRS,\n\t\tSUM(INTRS_ON_RECV) AS INTRS_ON_RECV,\n\t\tSUM(LEG_ADJ_HRS) AS LEG_ADJ_HRS,\n\t\tSUM(NET_ADM_REV) AS NET_ADM_REV,\n\t\tSUM(NET_PROD_REV) AS NET_PROD_REV,\n\t\tSUM(NET_REV) AS NET_REV,\n\t\tSUM(NET_REV_DC_VBB) AS NET_REV_DC_VBB,\n\t\tSUM(NET_SVC_REV) AS NET_SVC_REV,\n\t\tSUM(OTH_AA_TYPE_HRS) AS OTH_AA_TYPE_HRS,\n\t\tSUM(OTH_ADJ) AS OTH_ADJ,\n\t\tSUM(OTHER_HRS) AS OTHER_HRS,\n\t\tSUM(PERS_HRS) AS PERS_HRS,\n\t\tSUM(PRA_HRS) AS PRA_HRS,\n\t\tSUM(PRD_EXP) AS PRD_EXP,\n\t\tSUM(PRD_HRS) AS PRD_HRS,\n\t\tSUM(PRD_LABOR_COST) AS PRD_LABOR_COST,\n\t\tSUM(PROJ_CLOS_UNBILL_TIME_ADJ) AS PROJ_CLOS_UNBILL_TIME_ADJ,\n\t\tSUM(PROV_BAD_DEBT) AS PROV_BAD_DEBT,\n\t\tSUM(PRTNR_LABOR_COST) AS PRTNR_LABOR_COST,\n\t\tSUM(PRTNR_PRD_LABOR_COST) AS PRTNR_PRD_LABOR_COST,\n\t\tSUM(PRTNR_SVC_COST) AS PRTNR_SVC_COST,\n\t\tSUM(RECRT_HRS) AS RECRT_HRS,\n\t\tSUM(STD_HRS) AS STD_HRS,\n\t\tSUM(SVC_ADM_COST) AS SVC_ADM_COST,\n\t\tSUM(SVC_COST) AS SVC_COST,\n\t\tSUM(TECH_HRS) AS TECH_HRS,\n\t\tSUM(TIME_OFF_HRS) AS TIME_OFF_HRS,\n\t\tSUM(TOT_FIRM_PROJ_HRS) AS TOT_FIRM_PROJ_HRS,\n\t\tSUM(TOT_HRS) AS TOT_HRS,\n\t\tSUM(TOT_LOCAL_PROJ_HRS) AS TOT_LOCAL_PROJ_HRS,\n\t\tSUM(TOT_OTH_REV) AS TOT_OTH_REV,\n\t\tSUM(TOT_WRK_HRS) AS TOT_WRK_HRS,\n\t\tSUM(TRNG_HRS) AS TRNG_HRS,\n\t\tSUM(ZUORA_HRS) AS ZUORA_HRS,\n\t\tSUM(FTE_TREND_NOT_TOT) AS FTE_TREND_NOT_TOT,\n\t\tSUM(QUANTITY) AS QUANTITY,\n\t\tSUM(BAL_TRX_CUR_AMOUNT) AS BAL_TRX_CUR_AMOUNT,\n\t\tSUM(TRX_CUR_AMOUNT) AS TRX_CUR_AMOUNT,\n\t\tSUM(COMP_CODE_CUR_AMOUNT) AS COMP_CODE_CUR_AMOUNT,\n\t\tSUM(GLOBAL_CUR_AMOUNT) AS GLOBAL_CUR_AMOUNT \n\tFROM \n\t\t\"_SYS_BIC\".\"DTUS.datalake.finance/GL_SHARED_EXTRACT\" (\n\t\t\t'PLACEHOLDER' = ('$$IP_PCS_REPORT_ID_INFO$$', 'Current Fiscal Year PCS'),\n\t\t\t'PLACEHOLDER' = ('$$IP_SNAPSHOT_TS_TEXT$$', 'Daily Default')\n\t\t) \n\tWHERE \n\t\tVERSION = 'ACTUAL' \n\t\tAND FISCAL_YEAR_PERIOD = '@{item().FISCAL_YEAR_PERIOD}' \n\tGROUP BY \n\t\tAA_TYPE,\n\t\tACCOUNT,\n\t\tCLIENT,\n\t\tCOMPANY_CODE,\n\t\tCONTROLLING_AREA,\n\t\tDOC_CAL_MO,\n\t\tDOC_CAL_WK,\n\t\tDOC_CAL_YR,\n\t\tDOC_CAL_YR_MO,\n\t\tDOC_CAL_YR_WK,\n\t\tDOC_DATE,\n\t\tDOC_FISC_BIWK_PD,\n\t\tDOC_FISC_BIWK_PD_END,\n\t\tDOC_FISC_BIWK_PD_YR,\n\t\tDOC_FISC_PD,\n\t\tDOC_FISC_PD_END,\n\t\tDOC_FISC_QTR,\n\t\tDOC_FISC_QTR_YR,\n\t\tDOC_FISC_WK,\n\t\tDOC_FISC_WK_END,\n\t\tDOC_FISC_YR,\n\t\tDOC_FISC_YR_PD,\n\t\tDOC_FISC_YR_WK,\n\t\tDOCUMENT_TYPE,\n\t\tDOCUMENT_TYPE_TEXT,\n\t\tEMP_AT_POST_PC_CONTROLLING_AREA,\n\t\tEMP_AT_POST_PROFIT_CENTER,\n\t\tEMP_JOB_LEVEL_SUMMARY_AT_WORK_DATE,\n\t\tEMPLOYEE,\n\t\tFISCAL_PERIOD,\n\t\tFISCAL_PERIOD_SPECIAL,\n\t\tFISCAL_YEAR,\n\t\tFISCAL_YEAR_PERIOD,\n\t\tFISCAL_YEAR_PERIOD_SPECIAL,\n\t\tPARENT_CLIENT,\n\t\tPC_CONTROLLING_AREA,\n\t\tPOST_CAL_MO,\n\t\tPOST_CAL_WK,\n\t\tPOST_CAL_YR,\n\t\tPOST_CAL_YR_MO,\n\t\tPOST_CAL_YR_WK,\n\t\tPOST_DATE,\n\t\tPOST_FISC_BIWK_PD,\n\t\tPOST_FISC_BIWK_PD_END,\n\t\tPOST_FISC_BIWK_PD_YR,\n\t\tPOST_FISC_PD_END,\n\t\tPOST_FISC_QTR,\n\t\tPOST_FISC_QTR_YR,\n\t\tPOST_FISC_WK,\n\t\tPOST_FISC_WK_END,\n\t\tPOST_FISC_YR_WK,\n\t\tPROFIT_CENTER,\n\t\tREPORT_ID,\n\t\tREV_REC_CAT,\n\t\tVERSION,\n\t\tWBS,\n\t\tWBS_LEGACY,\n\t\tWBS_LEVEL,\n\t\tWBS_LEVEL1,\n\t\tWBS_LEVEL2,\n\t\tWBS_LEVEL3,\n\t\tWBS_LEVEL4\n\t)\nGROUP BY \n\tFISCAL_YEAR_PERIOD",
										"type": "Expression"
									}
								},
								"sink": {
									"type": "DelimitedTextSink",
									"storeSettings": {
										"type": "AzureDataLakeStoreWriteSettings"
									},
									"formatSettings": {
										"type": "DelimitedTextWriteSettings",
										"quoteAllText": true,
										"fileExtension": ".csv"
									}
								},
								"enableStaging": false
							},
							"inputs": [
								{
									"referenceName": "DS_HANA",
									"type": "DatasetReference"
								}
							],
							"outputs": [
								{
									"referenceName": "DS_ADLS_RECON",
									"type": "DatasetReference",
									"parameters": {
										"filePath": {
											"value": "@concat('dtus/core/management/reconciliation/finance/general_ledger',substring(item().FISCAL_YEAR_PERIOD,0,4))",
											"type": "Expression"
										},
										"fileName": {
											"value": "concat(item().FISCAL_YEAR_PERIOD,'.csv')",
											"type": "Expression"
										}
									}
								}
							]
						}
					]
				}
			},
			{
				"name": "IF_PARQUET_TABLE_REQUIRED",
				"type": "IfCondition",
				"dependsOn": [
					{
						"activity": "FOREACH_FISC_PERIOD",
						"dependencyConditions": [
							"Succeeded"
						]
					}
				],
				"userProperties": [],
				"typeProperties": {
					"expression": {
						"value": "@pipeline().parameters.IsPrqRequired",
						"type": "Expression"
					},
					"ifTrueActivities": [
						{
							"name": "CREATE_PARQUET_TABLE",
							"description": "Create Parquet Table",
							"type": "DatabricksNotebook",
							"dependsOn": [],
							"policy": {
								"timeout": "7.00:00:00",
								"retry": 0,
								"retryIntervalInSeconds": 30,
								"secureOutput": false,
								"secureInput": false
							},
							"userProperties": [],
							"typeProperties": {
								"notebookPath": {
									"value": "@pipeline().parameters.DatabricksCreateTableNotebookPath",
									"type": "Expression"
								},
								"baseParameters": {
									"databricksTable": {
										"value": "@pipeline().parameters.DatabricksParquetNotebookParam_tablename",
										"type": "Expression"
									},
									"headersFile": {
										"value": "'/dtus/core/finance/general_ledger/national/headers.csv'",
										"type": "Expression"
									},
									"sourceFolder": {
										"value": "'/dtus/core/finance/general_ledger/national/parquet/'",
										"type": "Expression"
									},
									"partitionColumns": "FISCAL_YEAR, FISCAL_YEAR_PERIOD",
									"tableDataSource": "PARQUET"
								}
							},
							"linkedServiceName": {
								"referenceName": "DSLabParquetDatabricks",
								"type": "LinkedServiceReference"
							}
						},
						{
							"name": "PARQUET_RECON_RUN",
							"description": "Run PARQUET table Recon",
							"type": "DatabricksNotebook",
							"dependsOn": [
								{
									"activity": "CREATE_PARQUET_TABLE",
									"dependencyConditions": [
										"Succeeded"
									]
								}
							],
							"policy": {
								"timeout": "7.00:00:00",
								"retry": 0,
								"retryIntervalInSeconds": 30,
								"secureOutput": false,
								"secureInput": false
							},
							"userProperties": [],
							"typeProperties": {
								"notebookPath": {
									"value": "@pipeline().parameters.DatabricksReconNotebookPath",
									"type": "Expression"
								},
								"baseParameters": {
									"CoreTableName": {
										"value": "@pipeline().parameters.DatabricksParquetNotebookParam_tablename",
										"type": "Expression"
									},
									"ReconPath": "finance/general_ledger",
									"PathDomain": {
										"value": "''",
										"type": "Expression"
									},
									"ManagementFolderPath": {
										"value": "@pipeline().parameters.DatabricksReconManagementFolderPath",
										"type": "Expression"
									},
									"WhereClause": {
										"value": "@concat(' where FISCAL_YEAR_PERIOD >= ', variables('firstItem'), ' and FISCAL_YEAR_PERIOD <= ', variables('lastItem'))",
										"type": "Expression"
									}
								}
							},
							"linkedServiceName": {
								"referenceName": "DSLabParquetDatabricks",
								"type": "LinkedServiceReference"
							}
						}
					]
				}
			},
			{
				"name": "CSV_FOR_EACH_YEAR",
				"type": "ForEach",
				"dependsOn": [
					{
						"activity": "FOREACH_FISC_PERIOD",
						"dependencyConditions": [
							"Succeeded"
						]
					}
				],
				"userProperties": [],
				"typeProperties": {
					"items": {
						"value": "@variables('YearList')",
						"type": "Expression"
					},
					"isSequential": true,
					"activities": [
						{
							"name": "IF_CSV_TABLE_REQUIRED",
							"type": "IfCondition",
							"dependsOn": [],
							"userProperties": [],
							"typeProperties": {
								"expression": {
									"value": "@pipeline().parameters.IsCsvRequired",
									"type": "Expression"
								},
								"ifTrueActivities": [
									{
										"name": "CREATE_CSV_TABLE_BY_YEAR",
										"description": "Create CSV Table",
										"type": "DatabricksNotebook",
										"dependsOn": [],
										"policy": {
											"timeout": "7.00:00:00",
											"retry": 0,
											"retryIntervalInSeconds": 30,
											"secureOutput": false,
											"secureInput": false
										},
										"userProperties": [],
										"typeProperties": {
											"notebookPath": {
												"value": "@pipeline().parameters.DatabricksCreateTableNotebookPath",
												"type": "Expression"
											},
											"baseParameters": {
												"databricksTable": {
													"value": "@concat(pipeline().parameters.DatabricksParquetNotebookParam_CSV_tablename, '_', item())",
													"type": "Expression"
												},
												"headersFile": {
													"value": "'/dtus/core/finance/general_ledger/national/headers.csv'",
													"type": "Expression"
												},
												"sourceFolder": {
													"value": "@concat('/dtus/core/finance/general_ledger/national/csv/', item())",
													"type": "Expression"
												},
												"tableDataSource": "CSV"
											}
										},
										"linkedServiceName": {
											"referenceName": "DSLabParquetDatabricks",
											"type": "LinkedServiceReference"
										}
									},
									{
										"name": "CSV_RECON_RUN_BY_YEAR",
										"description": "Run CSV table Recon",
										"type": "DatabricksNotebook",
										"dependsOn": [
											{
												"activity": "CREATE_CSV_TABLE_BY_YEAR",
												"dependencyConditions": [
													"Succeeded"
												]
											}
										],
										"policy": {
											"timeout": "7.00:00:00",
											"retry": 0,
											"retryIntervalInSeconds": 30,
											"secureOutput": false,
											"secureInput": false
										},
										"userProperties": [],
										"typeProperties": {
											"notebookPath": {
												"value": "@pipeline().parameters.DatabricksReconNotebookPath",
												"type": "Expression"
											},
											"baseParameters": {
												"CoreTableName": {
													"value": "@concat(pipeline().parameters.DatabricksParquetNotebookParam_CSV_tablename, '_', item())",
													"type": "Expression"
												},
												"ReconPath": {
													"value": "@concat('finance/general_ledger/', item())",
													"type": "Expression"
												},
												"PathDomain": {
													"value": "''",
													"type": "Expression"
												},
												"ManagementFolderPath": {
													"value": "@pipeline().parameters.DatabricksReconManagementFolderPath",
													"type": "Expression"
												},
												"WhereClause": {
													"value": "@concat(' where FISCAL_YEAR_PERIOD >= ', variables('firstItem'), ' and FISCAL_YEAR_PERIOD <= ', variables('lastItem'))",
													"type": "Expression"
												}
											}
										},
										"linkedServiceName": {
											"referenceName": "DSLabParquetDatabricks",
											"type": "LinkedServiceReference"
										}
									}
								]
							}
						}
					]
				}
			}
		],
		"parameters": {
			"IsPrqRequired": {
				"type": "bool",
				"defaultValue": true
			},
			"IsCsvRequired": {
				"type": "bool",
				"defaultValue": true
			},
			"DatabricksParquetNotebookPath": {
				"type": "string",
				"defaultValue": "/DSLabManagement/refactor/csv2parquet"
			},
			"DatabricksCreateTableNotebookPath": {
				"type": "string",
				"defaultValue": "/DSLabManagement/refactor/create-table"
			},
			"DatabricksReconNotebookPath": {
				"type": "string",
				"defaultValue": "/DSLabManagement/refactor/ReconciliationV3"
			},
			"DatabricksParquetNotebookParam_tablename": {
				"type": "string",
				"defaultValue": "parquet_financedata.general_ledger"
			},
			"DatabricksParquetNotebookParam_CSV_tablename": {
				"type": "string",
				"defaultValue": "core_financedata.general_ledger"
			},
			"DatabricksReconManagementFolderPath": {
				"type": "string",
				"defaultValue": "/dtus/core/management"
			}
		},
		"variables": {
			"rootFolder": {
				"type": "String"
			},
			"firstItem": {
				"type": "String"
			},
			"lastItem": {
				"type": "String"
			},
			"YearList": {
				"type": "Array"
			},
			"tmpYearList": {
				"type": "Array"
			}
		},
		"annotations": []
	},
	"type": "Microsoft.DataFactory/factories/pipelines"
}