{
	"name": "PL_COPY_HANA_STAFFIT_APPLICANT",
	"properties": {
		"activities": [
			{
				"name": "COPY_STAFFIT_APPLICANT_HEADER",
				"type": "Copy",
				"dependsOn": [],
				"policy": {
					"timeout": "7.00:00:00",
					"retry": 0,
					"retryIntervalInSeconds": 30,
					"secureOutput": false
				},
				"userProperties": [],
				"typeProperties": {
					"source": {
						"type": "RelationalSource",
						"query": "call \"DS_LAB\".\"DTUS.datalake.sp::DSLAB_GET_HEADERS\" ('APPLICANT_EXTRACT')"
					},
					"sink": {
						"type": "AzureDataLakeStoreSink"
					},
					"enableStaging": false,
					"dataIntegrationUnits": 0
				},
				"inputs": [
					{
						"referenceName": "DS_HANA",
						"type": "DatasetReference"
					}
				],
				"outputs": [
					{
						"referenceName": "DS_ADLS_HEADER",
						"type": "DatasetReference",
						"parameters": {
							"filePath": "/dtus/core/staffit/applicant/national/",
							"fileName": "headers.csv"
						}
					}
				]
			},
			{
				"name": "COPY_STAFFIT_APPLICANT",
				"type": "Copy",
				"dependsOn": [
					{
						"activity": "COPY_STAFFIT_APPLICANT_HEADER",
						"dependencyConditions": [
							"Succeeded"
						]
					}
				],
				"policy": {
					"timeout": "7.00:00:00",
					"retry": 0,
					"retryIntervalInSeconds": 30,
					"secureOutput": false,
					"secureInput": false
				},
				"userProperties": [],
				"typeProperties": {
					"source": {
						"type": "RelationalSource",
						"query": {
							"value": "SELECT\n\t\"DEMAND\",\n\t\"ROLE\",\n\t\"EMP_STAFFIT_ID\",\n\t\"DATE_FROM\",\n\t\"DATE_TO\",\n\t\"CANDIDATE_STATUS_TD\",\n\t\"CANDIDATE_STATUS_TEXT_TD\",\n\t\"CANDIDATE_STATUS_SHORT_TEXT_TD\",\n\t\"CANDIDATE_REJECTION_TD\",\n\t\"CANDIDATE_REJECTION_TEXT_TD\",\n\t\"CANDIDATE_STAFFED_DAY_TD\",\n\t\"CANDIDATE_ISX_ASSIGNMENT_FLG_TD\",\n\t\"CALENDAR_DATE_TD\",\n\t\"LOAD_TIMESTAMP\"\nFROM \"_SYS_BIC\".\"DTUS.datalake.staffit/APPLICANT_EXTRACT\"",
							"type": "Expression"
						}
					},
					"sink": {
						"type": "AzureDataLakeStoreSink"
					},
					"enableStaging": false
				},
				"inputs": [
					{
						"referenceName": "DS_HANA",
						"type": "DatasetReference"
					}
				],
				"outputs": [
					{
						"referenceName": "DS_ADLS_STAFFIT_APPLICANT",
						"type": "DatasetReference",
						"parameters": {
							"filePath": {
								"value": "/dtus/core/staffit/applicant/national/csv",
								"type": "Expression"
							},
							"fileName": {
								"value": "applicant.csv",
								"type": "Expression"
							}
						}
					}
				]
			},
			{
				"name": "COPY_STAFFIT_APPLICANT_RECON",
				"type": "Copy",
				"dependsOn": [
					{
						"activity": "COPY_STAFFIT_APPLICANT",
						"dependencyConditions": [
							"Succeeded"
						]
					}
				],
				"policy": {
					"timeout": "7.00:00:00",
					"retry": 0,
					"retryIntervalInSeconds": 30,
					"secureOutput": false
				},
				"userProperties": [],
				"typeProperties": {
					"source": {
						"type": "RelationalSource",
						"query": "select COUNT(*) AS RECORDCOUNT FROM \"_SYS_BIC\".\"DTUS.datalake.staffit/APPLICANT_EXTRACT\""
					},
					"sink": {
						"type": "AzureDataLakeStoreSink"
					},
					"enableStaging": false,
					"dataIntegrationUnits": 0
				},
				"inputs": [
					{
						"referenceName": "DS_HANA",
						"type": "DatasetReference"
					}
				],
				"outputs": [
					{
						"referenceName": "DS_ADLS_RECON",
						"type": "DatasetReference",
						"parameters": {
							"filePath": {
								"value": "/dtus/core/management/reconciliation/staffit/applicant",
								"type": "Expression"
							},
							"fileName": {
								"value": "applicant.csv",
								"type": "Expression"
							}
						}
					}
				]
			},
			{
				"name": "PARQUET_REQUIRED",
				"type": "IfCondition",
				"dependsOn": [
					{
						"activity": "COPY_STAFFIT_APPLICANT_RECON",
						"dependencyConditions": [
							"Succeeded"
						]
					}
				],
				"userProperties": [],
				"typeProperties": {
					"expression": {
						"value": "@pipeline().parameters.IsPrqRequired",
						"type": "Expression"
					},
					"ifTrueActivities": [
						{
							"name": "ADLS_CSV_to_PRQ",
							"description": "Generic Parquet conversion Notebook",
							"type": "DatabricksNotebook",
							"dependsOn": [],
							"policy": {
								"timeout": "7.00:00:00",
								"retry": 0,
								"retryIntervalInSeconds": 30,
								"secureOutput": false,
								"secureInput": false
							},
							"userProperties": [],
							"typeProperties": {
								"notebookPath": {
									"value": "@pipeline().parameters.DatabricksParquetNotebookPath",
									"type": "Expression"
								},
								"baseParameters": {
									"databricksTable": {
										"value": "@pipeline().parameters.DatabricksParquetNotebookParam_tablename",
										"type": "Expression"
									},
									"headersFile": {
										"value": "'/dtus/core/staffit/applicant/national/headers.csv'",
										"type": "Expression"
									},
									"sourceFolder": {
										"value": "'/dtus/core/staffit/applicant/national/csv'",
										"type": "Expression"
									},
									"targetFolder": {
										"value": "'/dtus/core/staffit/applicant/national/parquet/'",
										"type": "Expression"
									},
									"pathDomain": {
										"value": "''",
										"type": "Expression"
									},
									"managementFolderPath": {
										"value": "@pipeline().parameters.DatabricksReconManagementFolderPath",
										"type": "Expression"
									},
									"reconPath": "/staffit/applicant"
								}
							},
							"linkedServiceName": {
								"referenceName": "DSLabParquetDatabricks",
								"type": "LinkedServiceReference"
							}
						},
						{
							"name": "CREATE_PARQUET_TABLE",
							"description": "Create Parquet Table",
							"type": "DatabricksNotebook",
							"dependsOn": [
								{
									"activity": "ADLS_CSV_to_PRQ",
									"dependencyConditions": [
										"Succeeded"
									]
								}
							],
							"policy": {
								"timeout": "7.00:00:00",
								"retry": 0,
								"retryIntervalInSeconds": 30,
								"secureOutput": false,
								"secureInput": false
							},
							"userProperties": [],
							"typeProperties": {
								"notebookPath": {
									"value": "@pipeline().parameters.DatabricksCreateTableNotebookPath",
									"type": "Expression"
								},
								"baseParameters": {
									"databricksTable": {
										"value": "@pipeline().parameters.DatabricksParquetNotebookParam_tablename",
										"type": "Expression"
									},
									"headersFile": {
										"value": "'/dtus/core/staffit/applicant/national/headers.csv'",
										"type": "Expression"
									},
									"sourceFolder": {
										"value": "'/dtus/core/staffit/applicant/national/parquet/'",
										"type": "Expression"
									},
									"tableDataSource": "PARQUET"
								}
							},
							"linkedServiceName": {
								"referenceName": "DSLabParquetDatabricks",
								"type": "LinkedServiceReference"
							}
						},
						{
							"name": "PARQUET_RECON_RUN",
							"description": "Run PRQ table Recon",
							"type": "DatabricksNotebook",
							"dependsOn": [
								{
									"activity": "CREATE_PARQUET_TABLE",
									"dependencyConditions": [
										"Succeeded"
									]
								}
							],
							"policy": {
								"timeout": "7.00:00:00",
								"retry": 0,
								"retryIntervalInSeconds": 30,
								"secureOutput": false,
								"secureInput": false
							},
							"userProperties": [],
							"typeProperties": {
								"notebookPath": {
									"value": "@pipeline().parameters.DatabricksReconNotebookPath",
									"type": "Expression"
								},
								"baseParameters": {
									"PathDomain": {
										"value": "''",
										"type": "Expression"
									},
									"ManagementFolderPath": {
										"value": "@pipeline().parameters.DatabricksReconManagementFolderPath",
										"type": "Expression"
									},
									"CoreTableName": {
										"value": "@pipeline().parameters.DatabricksParquetNotebookParam_tablename",
										"type": "Expression"
									},
									"ReconPath": {
										"value": "staffit/applicant",
										"type": "Expression"
									}
								}
							},
							"linkedServiceName": {
								"referenceName": "DSLabParquetDatabricks",
								"type": "LinkedServiceReference"
							}
						}
					]
				}
			},
			{
				"name": "CSV_REQUIRED",
				"type": "IfCondition",
				"dependsOn": [
					{
						"activity": "COPY_STAFFIT_APPLICANT_RECON",
						"dependencyConditions": [
							"Succeeded"
						]
					}
				],
				"userProperties": [],
				"typeProperties": {
					"expression": {
						"value": "@pipeline().parameters.IsCsvRequired",
						"type": "Expression"
					},
					"ifTrueActivities": [
						{
							"name": "CREATE_CSV_TABLE",
							"description": "Create CSV Table",
							"type": "DatabricksNotebook",
							"dependsOn": [],
							"policy": {
								"timeout": "7.00:00:00",
								"retry": 0,
								"retryIntervalInSeconds": 30,
								"secureOutput": false,
								"secureInput": false
							},
							"userProperties": [],
							"typeProperties": {
								"notebookPath": {
									"value": "@pipeline().parameters.DatabricksCreateTableNotebookPath",
									"type": "Expression"
								},
								"baseParameters": {
									"databricksTable": {
										"value": "@pipeline().parameters.DatabricksParquetNotebookParam_CSV_tablename",
										"type": "Expression"
									},
									"headersFile": {
										"value": "'/dtus/core/staffit/applicant/national/headers.csv'",
										"type": "Expression"
									},
									"sourceFolder": {
										"value": "'/dtus/core/staffit/applicant/national/csv/*/'",
										"type": "Expression"
									},
									"tableDataSource": "CSV"
								}
							},
							"linkedServiceName": {
								"referenceName": "DSLabParquetDatabricks",
								"type": "LinkedServiceReference"
							}
						},
						{
							"name": "CSV_RECON_RUN",
							"description": "Run CSV table Recon",
							"type": "DatabricksNotebook",
							"dependsOn": [
								{
									"activity": "CREATE_CSV_TABLE",
									"dependencyConditions": [
										"Succeeded"
									]
								}
							],
							"policy": {
								"timeout": "7.00:00:00",
								"retry": 0,
								"retryIntervalInSeconds": 30,
								"secureOutput": false,
								"secureInput": false
							},
							"userProperties": [],
							"typeProperties": {
								"notebookPath": {
									"value": "@pipeline().parameters.DatabricksReconNotebookPath",
									"type": "Expression"
								},
								"baseParameters": {
									"PathDomain": {
										"value": "''",
										"type": "Expression"
									},
									"ManagementFolderPath": {
										"value": "@pipeline().parameters.DatabricksReconManagementFolderPath",
										"type": "Expression"
									},
									"CoreTableName": {
										"value": "@pipeline().parameters.DatabricksParquetNotebookParam_CSV_tablename",
										"type": "Expression"
									},
									"ReconPath": {
										"value": "staffit/applicant",
										"type": "Expression"
									}
								}
							},
							"linkedServiceName": {
								"referenceName": "DSLabParquetDatabricks",
								"type": "LinkedServiceReference"
							}
						}
					]
				}
			}
		],
		"parameters": {
			"IsPrqRequired": {
				"type": "bool",
				"defaultValue": true
			},
			"IsCsvRequired": {
				"type": "bool",
				"defaultValue": true
			},
			"DatabricksParquetNotebookPath": {
				"type": "string",
				"defaultValue": "/DSLabManagement/refactor/csv2parquet"
			},
			"DatabricksCreateTableNotebookPath": {
				"type": "string",
				"defaultValue": "/DSLabManagement/refactor/create-table"
			},
			"DatabricksReconNotebookPath": {
				"type": "string",
				"defaultValue": "/DSLabManagement/refactor/ReconciliationV2"
			},
			"DatabricksParquetNotebookParam_tablename": {
				"type": "string",
				"defaultValue": "parquet_staffit.applicant"
			},
			"DatabricksParquetNotebookParam_CSV_tablename": {
				"type": "string",
				"defaultValue": "core_staffit.applicant"
			},
			"DatabricksReconManagementFolderPath": {
				"type": "string",
				"defaultValue": "/dtus/core/management"
			}
		},
		"annotations": []
	},
	"type": "Microsoft.DataFactory/factories/pipelines"
}