{
	"name": "PL_COPY_HANA_DTE_EXPENSE_TYPE",
	"properties": {
		"description": "Add_description_parallel1",
		"activities": [
			{
				"name": "COPY_DTE_EXPENSE_TYPE_HEADER",
				"type": "Copy",
				"dependsOn": [],
				"policy": {
					"timeout": "7.00:00:00",
					"retry": 0,
					"retryIntervalInSeconds": 30,
					"secureOutput": false
				},
				"userProperties": [],
				"typeProperties": {
					"source": {
						"type": "RelationalSource",
						"query": "call \"DS_LAB\".\"DTUS.datalake.sp::DSLAB_GET_HEADERS\" ('EXPENSE_TYPE_EXTRACT')"
					},
					"sink": {
						"type": "AzureDataLakeStoreSink"
					},
					"enableStaging": false,
					"dataIntegrationUnits": 0
				},
				"inputs": [
					{
						"referenceName": "DS_HANA",
						"type": "DatasetReference"
					}
				],
				"outputs": [
					{
						"referenceName": "DS_ADLS_HEADER",
						"type": "DatasetReference",
						"parameters": {
							"filePath": "/dtus/core/dte/expense_type/national/",
							"fileName": "headers.csv"
						}
					}
				]
			}
		],
		"annotations": []
	}
}