{
	"name": "PL_COPY_HANA_SABA_LEARNING_RECON",
	"properties": {
		"activities": [
			{
				"name": "LogPipelineSTARTED",
				"type": "Lookup",
				"dependsOn": [],
				"policy": {
					"timeout": "7.00:00:00",
					"retry": 0,
					"retryIntervalInSeconds": 30,
					"secureOutput": false
				},
				"userProperties": [],
				"typeProperties": {
					"source": {
						"type": "RelationalSource",
						"query": {
							"value": "call \"DS_LAB\".\"DTUS.datalake.sp::DSLAB_LOG\" (\n'@{pipeline().DataFactory}',\n'@{pipeline().Pipeline}',\n'@{pipeline().TriggerName}', \n'@{pipeline().TriggerType}',\n'STARTED',\n 'Pipeline'\n)",
							"type": "Expression"
						}
					},
					"dataset": {
						"referenceName": "DS_HANA",
						"type": "DatasetReference"
					}
				}
			},
			{
				"name": "COPY_HANA_SABA_LEARNING_RECON",
				"type": "Copy",
				"dependsOn": [
					{
						"activity": "LogPipelineSTARTED",
						"dependencyConditions": [
							"Succeeded"
						]
					}
				],
				"policy": {
					"timeout": "7.00:00:00",
					"retry": 0,
					"retryIntervalInSeconds": 30,
					"secureOutput": false,
					"secureInput": false
				},
				"userProperties": [],
				"typeProperties": {
					"source": {
						"type": "RelationalSource",
						"query": "SELECT Count(*) as RowsCount, 'CATALOG_ITEM' as TableName  FROM \"_SYS_BIC\".\"DTUS.datalake.saba/CV_CATALOGITEM_MASTERDATA\" UNION SELECT Count(*) as RowsCount, 'FACILITATOR_HOURS' as TableName  FROM \"_SYS_BIC\".\"DTUS.datalake.saba/CV_FACILITATOR_HOURS\""
					},
					"sink": {
						"type": "AzureDataLakeStoreSink"
					},
					"enableStaging": false,
					"dataIntegrationUnits": 0
				},
				"inputs": [
					{
						"referenceName": "DS_HANA",
						"type": "DatasetReference"
					}
				],
				"outputs": [
					{
						"referenceName": "DS_ADLS_SABA_LEARNING_RECON",
						"type": "DatasetReference"
					}
				]
			},
			{
				"name": "COPY_HANA_SABA_LEARNING_OFFERING_RECON",
				"type": "Copy",
				"dependsOn": [
					{
						"activity": "COPY_HANA_SABA_LEARNING_RECON",
						"dependencyConditions": [
							"Succeeded"
						]
					}
				],
				"policy": {
					"timeout": "7.00:00:00",
					"retry": 0,
					"retryIntervalInSeconds": 30,
					"secureOutput": false,
					"secureInput": false
				},
				"userProperties": [],
				"typeProperties": {
					"source": {
						"type": "RelationalSource",
						"query": {
							"value": "SELECT FISCALYEAR as FiscalYear,Count(*) as RowsCount,'OFFERING_ACTIONS' as TableName FROM (SELECT  ACCOUNTINGPERIOD, CATALOGITEM_COURSE_CONTACT, CATALOGITEM_COURSE_OWNER, CATALOGITEM_COURSE_CATEGORY, CATALOGITEM_COURSE_VENDOR_NAME, CATALOGITEM_CPE_HOURS, CATALOGITEM_CPE_SUBJECT_AREA, CATALOGITEM_DEVELOP_DELIV_TYPE, CATALOGITEM_SECURITY_DOMAIN, LEARNER_COST_CENTER, LEARNER_EMP_GBL_PERS_NBR, LEARNER_EMAIL, LEARNER_SYSTEM_STATUS, OFF_ACT_ADHOC_OFF_LOCATION, OFF_ACT_COMPLETION_DATE, OFF_ACT_COURSE_NUMBER, OFF_ACT_COURSE_TITLE, OFF_ACT_CUSTOM4, OFF_ACT_DELIVERY_METHOD, OFFERING_DOMAIN_NAME, OFFERING_FACILITY, OFFERING_IS_DU, OFFERING_NUMBER, OFFERING_START_DATE, SABA_ANNIVERSARY_DATE, LEARNER_REGION, CATALOGITEM_AUDIENCE, CATALOGITEM_COURSE_AUDIENCE_TYPE, CATALOGITEM_COURSE_TITLE, CATALOGITEM_INTENDED_AUDIENCE, IS_BEARINGPOINT_COURSE, LEARNER_ID, OFFERING_REGION, OFFERING_LANGUAGE, OFF_ACT_COURSE_VENDOR_NAME, OFFERING_EMPLOYEE, OFFERING_DELIVERY_METHOD, CATALOGITEM_ID, CATALOGITEM_ACTIVE_STATUS, CATALOGITEM_AVAILABLE_DATE, CATALOGITEM_COURSE_NUMBER, CATALOGITEM_COURSE_SPONSOR, DT_LEARNER_FLAG, OFFERING_LOCATION, FISCALYEAR, sum(TIPL_LEADERSHIP_HOURS) AS TIPL_LEADERSHIP_HOURS, sum(OFF_ACT_LEARNING_HOURS) AS OFF_ACT_LEARNING_HOURS, sum(TIPL_INDUSTRY_HOURS) AS TIPL_INDUSTRY_HOURS, sum(TIPL_TECHNICAL_HOURS) AS TIPL_TECHNICAL_HOURS, sum(TIPL_PROFESSIONAL_HOURS) AS TIPL_PROFESSIONAL_HOURS FROM \"_SYS_BIC\".\"DTUS.datalake.saba/CV_OFFERING_ACTION_CURR\"('PLACEHOLDER' = ('$$FISCALYEAR_END$$','@{pipeline().parameters.fiscalYearTo}'),'PLACEHOLDER' = ('$$FISCALYEAR_START$$', '@{pipeline().parameters.fiscalYearFrom}'))GROUP BY ACCOUNTINGPERIOD, CATALOGITEM_COURSE_CONTACT, CATALOGITEM_COURSE_OWNER, CATALOGITEM_COURSE_CATEGORY, CATALOGITEM_COURSE_VENDOR_NAME, CATALOGITEM_CPE_HOURS, CATALOGITEM_CPE_SUBJECT_AREA, CATALOGITEM_DEVELOP_DELIV_TYPE, CATALOGITEM_SECURITY_DOMAIN, LEARNER_COST_CENTER, LEARNER_EMP_GBL_PERS_NBR, LEARNER_EMAIL, LEARNER_SYSTEM_STATUS, OFF_ACT_ADHOC_OFF_LOCATION, OFF_ACT_COMPLETION_DATE, OFF_ACT_COURSE_NUMBER, OFF_ACT_COURSE_TITLE, OFF_ACT_CUSTOM4, OFF_ACT_DELIVERY_METHOD, OFFERING_DOMAIN_NAME, OFFERING_FACILITY, OFFERING_IS_DU, OFFERING_NUMBER, OFFERING_START_DATE, SABA_ANNIVERSARY_DATE, LEARNER_REGION, CATALOGITEM_AUDIENCE, CATALOGITEM_COURSE_AUDIENCE_TYPE, CATALOGITEM_COURSE_TITLE, CATALOGITEM_INTENDED_AUDIENCE, IS_BEARINGPOINT_COURSE, LEARNER_ID, OFFERING_REGION, OFFERING_LANGUAGE, OFF_ACT_COURSE_VENDOR_NAME, OFFERING_EMPLOYEE, OFFERING_DELIVERY_METHOD, CATALOGITEM_ID, CATALOGITEM_ACTIVE_STATUS, CATALOGITEM_AVAILABLE_DATE, CATALOGITEM_COURSE_NUMBER, CATALOGITEM_COURSE_SPONSOR, DT_LEARNER_FLAG, OFFERING_LOCATION, FISCALYEAR)GROUP BY FISCALYEAR ORDER BY FISCALYEAR ASC",
							"type": "Expression"
						}
					},
					"sink": {
						"type": "AzureDataLakeStoreSink"
					},
					"enableStaging": false,
					"dataIntegrationUnits": 0
				},
				"inputs": [
					{
						"referenceName": "DS_HANA",
						"type": "DatasetReference"
					}
				],
				"outputs": [
					{
						"referenceName": "DS_ADLS_SABA_LEARNING_OFFERING_RECON",
						"type": "DatasetReference"
					}
				]
			},
			{
				"name": "LogPipelineSUCCESS",
				"type": "Lookup",
				"dependsOn": [
					{
						"activity": "COPY_HANA_SABA_LEARNING_OFFERING_RECON",
						"dependencyConditions": [
							"Succeeded"
						]
					}
				],
				"policy": {
					"timeout": "7.00:00:00",
					"retry": 0,
					"retryIntervalInSeconds": 30,
					"secureOutput": false
				},
				"userProperties": [],
				"typeProperties": {
					"source": {
						"type": "RelationalSource",
						"query": {
							"value": "call \"DS_LAB\".\"DTUS.datalake.sp::DSLAB_LOG\" (\n'@{pipeline().DataFactory}',\n'@{pipeline().Pipeline}',\n'@{pipeline().TriggerName}', \n'@{pipeline().TriggerType}',\n'SUCCESS',\n 'Pipeline'\n)",
							"type": "Expression"
						}
					},
					"dataset": {
						"referenceName": "DS_HANA",
						"type": "DatasetReference"
					}
				}
			},
			{
				"name": "LogPipelineFAILURE",
				"type": "Lookup",
				"dependsOn": [
					{
						"activity": "COPY_HANA_SABA_LEARNING_OFFERING_RECON",
						"dependencyConditions": [
							"Failed"
						]
					}
				],
				"policy": {
					"timeout": "7.00:00:00",
					"retry": 0,
					"retryIntervalInSeconds": 30,
					"secureOutput": false
				},
				"userProperties": [],
				"typeProperties": {
					"source": {
						"type": "RelationalSource",
						"query": {
							"value": "call \"DS_LAB\".\"DTUS.datalake.sp::DSLAB_LOG\" (\n'@{pipeline().DataFactory}',\n'@{pipeline().Pipeline}',\n'@{pipeline().TriggerName}', \n'@{pipeline().TriggerType}',\n'FAILURE',\n 'Pipeline'\n)",
							"type": "Expression"
						}
					},
					"dataset": {
						"referenceName": "DS_HANA",
						"type": "DatasetReference"
					}
				}
			}
		],
		"parameters": {
			"fiscalYearFrom": {
				"type": "string",
				"defaultValue": "2000"
			},
			"fiscalYearTo": {
				"type": "string",
				"defaultValue": "2020"
			}
		},
		"annotations": []
	},
	"type": "Microsoft.DataFactory/factories/pipelines"
}