{
	"name": "PL_COPY_SABA_CATALOG_ITEMS",
	"properties": {
		"description": "Copy SABA learning Catalog item data to ADLS folder",
		"activities": [
			{
				"name": "LogPipelineSTARTED",
				"type": "Lookup",
				"dependsOn": [],
				"policy": {
					"timeout": "7.00:00:00",
					"retry": 0,
					"retryIntervalInSeconds": 30,
					"secureOutput": false
				},
				"userProperties": [],
				"typeProperties": {
					"source": {
						"type": "RelationalSource",
						"query": {
							"value": "call \"DS_LAB\".\"DTUS.datalake.sp::DSLAB_LOG\" (\n'@{pipeline().DataFactory}',\n'@{pipeline().Pipeline}',\n'@{pipeline().TriggerName}', \n'@{pipeline().TriggerType}',\n'STARTED',\n 'Pipeline'\n)",
							"type": "Expression"
						}
					},
					"dataset": {
						"referenceName": "DS_HANA",
						"type": "DatasetReference"
					}
				}
			},
			{
				"name": "COPY_CATALOG_ITEM",
				"type": "Copy",
				"dependsOn": [
					{
						"activity": "LogPipelineSTARTED",
						"dependencyConditions": [
							"Succeeded"
						]
					}
				],
				"policy": {
					"timeout": "7.00:00:00",
					"retry": 0,
					"retryIntervalInSeconds": 30,
					"secureOutput": false,
					"secureInput": false
				},
				"userProperties": [],
				"typeProperties": {
					"source": {
						"type": "RelationalSource",
						"query": "SELECT TRIM(REPLACE_REGEXPR('\\r\\n|\\n|\\r|\"' in CATALOGITEM_COURSE_TITLE with ' ' OCCURRENCE ALL)) AS CATALOGITEM_COURSE_TITLE,TRIM(REPLACE_REGEXPR('\\r\\n|\\n|\\r|\"' in CATALOGITEM_ID with ' ' OCCURRENCE ALL)) AS CATALOGITEM_ID,TRIM(REPLACE_REGEXPR('\\r\\n|\\n|\\r|\"' in CATALOGITEM_CREATED_BY with ' ' OCCURRENCE ALL)) AS CATALOGITEM_CREATED_BY,CATALOGITEM_CREATION_DATE,CATALOGITEM_AVAILABLE_DATE,TRIM(REPLACE_REGEXPR('\\r\\n|\\n|\\r|\"' in CATALOGITEM_DISPLAY_STATUS with ' ' OCCURRENCE ALL)) AS CATALOGITEM_DISPLAY_STATUS,CATALOGITEM_DISCONTINUE_DATE,TRIM(REPLACE_REGEXPR('\\r\\n|\\n|\\r|\"' in CATALOGITEM_SECURITY_DOMAIN with ' ' OCCURRENCE ALL)) AS CATALOGITEM_SECURITY_DOMAIN,TRIM(REPLACE_REGEXPR('\\r\\n|\\n|\\r|\"' in CATALOGITEM_MEDIA with ' ' OCCURRENCE ALL)) AS CATALOGITEM_MEDIA,TRIM(REPLACE_REGEXPR('\\r\\n|\\n|\\r|\"' in CATALOGITEM_DESCRIPTION with ' ' OCCURRENCE ALL)) AS CATALOGITEM_DESCRIPTION,TRIM(REPLACE_REGEXPR('\\r\\n|\\n|\\r|\"' in CATALOGITEM_ACTIVE_STATUS with ' ' OCCURRENCE ALL))AS CATALOGITEM_ACTIVE_STATUS,TRIM(REPLACE_REGEXPR('\\r\\n|\\n|\\r|\"' in CATALOGITEM_COURSE_NUMBER with ' ' OCCURRENCE ALL)) AS CATALOGITEM_COURSE_NUMBER,TRIM(REPLACE_REGEXPR('\\r\\n|\\n|\\r|\"' in CATALOGITEM_COURSE_CATEGORY with ' ' OCCURRENCE ALL))AS CATALOGITEM_COURSE_CATEGORY,TRIM(REPLACE_REGEXPR('\\r\\n|\\n|\\r|\"' in CATALOGITEM_VERSION with ' ' OCCURRENCE ALL)) AS CATALOGITEM_VERSION,TRIM(REPLACE_REGEXPR('\\r\\n|\\n|\\r|\"' in CATALOGITEM_CPE_NUMBER with ' ' OCCURRENCE ALL)) AS CATALOGITEM_CPE_NUMBER,TRIM(REPLACE_REGEXPR('\\r\\n|\\n|\\r|\"' in CATALOGITEM_COURSE_SPONSOR with ' ' OCCURRENCE ALL))AS CATALOGITEM_COURSE_SPONSOR,TRIM(REPLACE_REGEXPR('\\r\\n|\\n|\\r|\"' in CATALOGITEM_INTENDED_AUDIENCE with ' ' OCCURRENCE ALL)) AS CATALOGITEM_INTENDED_AUDIENCE,TRIM(REPLACE_REGEXPR('\\r\\n|\\n|\\r|\"' in CATALOGITEM_AUDIENCE with ' ' OCCURRENCE ALL)) AS CATALOGITEM_AUDIENCE,TRIM(REPLACE_REGEXPR('\\r\\n|\\n|\\r|\"' in CATALOGITEM_CPE_ACCREDITATION with ' ' OCCURRENCE ALL)) AS CATALOGITEM_CPE_ACCREDITATION,TRIM(REPLACE_REGEXPR('\\r\\n|\\n|\\r|\"' in CATALOGITEM_COURSE_CONTACT with ' ' OCCURRENCE ALL)) AS CATALOGITEM_COURSE_CONTACT,TRIM(REPLACE_REGEXPR('\\r\\n|\\n|\\r|\"' in CATALOGITEM_COURSE_VENDOR_NAME with ' ' OCCURRENCE ALL)) AS CATALOGITEM_COURSE_VENDOR_NAME,IFNULL(CATALOGITEM_LEARNING_HOURS,0) AS CATALOGITEM_LEARNING_HOURS,TRIM(REPLACE_REGEXPR('\\r\\n|\\n|\\r|\"' in CATALOGITEM_CUSTOM10 with ' ' OCCURRENCE ALL))  AS CATALOGITEM_CUSTOM10,TRIM(REPLACE_REGEXPR('\\r\\n|\\n|\\r|\"' in CATALOGITEM_CUSTOM11 with ' ' OCCURRENCE ALL)) AS CATALOGITEM_CUSTOM11,TRIM(REPLACE_REGEXPR('\\r\\n|\\n|\\r|\"' in CATALOGITEM_COURSE_OWNER with ' ' OCCURRENCE ALL)) AS CATALOGITEM_COURSE_OWNER,TRIM(REPLACE_REGEXPR('\\r\\n|\\n|\\r|\"' in CATALOGITEM_DEVELOP_DELIV_TYPE with ' ' OCCURRENCE ALL)) AS CATALOGITEM_DEVELOP_DELIV_TYPE,TRIM(REPLACE_REGEXPR('\\r\\n|\\n|\\r|\"' in CATALOGITEM_ID_PREV_USAGE with ' ' OCCURRENCE ALL)) AS CATALOGITEM_ID_PREV_USAGE,TRIM(REPLACE_REGEXPR('\\r\\n|\\n|\\r|\"' in CATALOGITEM_COURSE_AUDIENCE_TYPE with ' ' OCCURRENCE ALL)) AS CATALOGITEM_COURSE_AUDIENCE_TYPE,TRIM(REPLACE_REGEXPR('\\r\\n|\\n|\\r|\"' in CATALOGITEM_FULL_DELIVERY_TYPE with ' ' OCCURRENCE ALL)) AS CATALOGITEM_FULL_DELIVERY_TYPE,IFNULL(UNASSIGNED,0) AS UNASSIGNED,IFNULL(TIPL_TECHNICAL_PERCENT,0) AS TIPL_TECHNICAL_PERCENT,IFNULL(TIPL_INDUSTRY_PERCENT,0) AS  TIPL_INDUSTRY_PERCENT,IFNULL(TIPL_PROFESSIONAL_PERCENT,0) AS TIPL_PROFESSIONAL_PERCENT,IFNULL(TIPL_LEADERSHIP_PERCENT,0) AS TIPL_LEADERSHIP_PERCENT,IFNULL(TIPL_UNASSIGNED_PERCENT,0) AS TIPL_UNASSIGNED_PERCENT,TRIM(REPLACE_REGEXPR('\\r\\n|\\n|\\r|\"' in CATALOGITEM_CPE_HOURS with ' ' OCCURRENCE ALL)) AS CATALOGITEM_CPE_HOURS,TRIM(REPLACE_REGEXPR('\\r\\n|\\n|\\r|\"' in CATALOGITEM_CPE_SUBJECT_AREA with ' ' OCCURRENCE ALL)) AS CATALOGITEM_CPE_SUBJECT_AREA,TRIM(REPLACE_REGEXPR('\\r\\n|\\n|\\r|\"' in CATALOGITEM_CPE_FLAG with ' ' OCCURRENCE ALL)) AS CATALOGITEM_CPE_FLAG,IFNULL(CATALOGITEM_CPE_HOURS_OLD,0) AS CATALOGITEM_CPE_HOURS_OLD,TRIM(REPLACE_REGEXPR('\\r\\n|\\n|\\r|\"' in CATALOGITEM_CPE_SUBJECT_AREA_OLD with ' ' OCCURRENCE ALL)) AS CATALOGITEM_CPE_SUBJECT_AREA_OLD FROM \"_SYS_BIC\".\"DTUS.datalake.saba/CV_CATALOGITEM_MASTERDATA\""
					},
					"sink": {
						"type": "AzureDataLakeStoreSink"
					},
					"enableStaging": false,
					"dataIntegrationUnits": 0
				},
				"inputs": [
					{
						"referenceName": "DS_HANA",
						"type": "DatasetReference"
					}
				],
				"outputs": [
					{
						"referenceName": "DS_ADLS_SABA_LEARNING_CATALOG_ITEM",
						"type": "DatasetReference",
						"parameters": {
							"filePath": "/dtus/core/learning/catalog_item/csv",
							"fileName": "catalog_item_master.csv"
						}
					}
				]
			},
			{
				"name": "COPY_CATALOG_ITEMS_HEADERS",
				"type": "Copy",
				"dependsOn": [
					{
						"activity": "COPY_CATALOG_ITEM",
						"dependencyConditions": [
							"Succeeded"
						]
					}
				],
				"policy": {
					"timeout": "7.00:00:00",
					"retry": 0,
					"retryIntervalInSeconds": 30,
					"secureOutput": false
				},
				"userProperties": [],
				"typeProperties": {
					"source": {
						"type": "RelationalSource",
						"query": "call \"DS_LAB\".\"DTUS.datalake.sp::DSLAB_GET_HEADERS\" ('CV_CATALOGITEM_MASTERDATA')"
					},
					"sink": {
						"type": "AzureDataLakeStoreSink"
					},
					"enableStaging": false,
					"dataIntegrationUnits": 0
				},
				"inputs": [
					{
						"referenceName": "DS_HANA",
						"type": "DatasetReference"
					}
				],
				"outputs": [
					{
						"referenceName": "DS_ADLS_HEADER",
						"type": "DatasetReference",
						"parameters": {
							"filePath": "/dtus/core/learning/catalog_item/",
							"fileName": "headers.csv"
						}
					}
				]
			},
			{
				"name": "ADLS_CSV_to_PRQ_CATALOG_ITEM",
				"description": "Parquet conversion Notebook for CATALOG ITEM",
				"type": "DatabricksNotebook",
				"dependsOn": [
					{
						"activity": "COPY_CATALOG_ITEMS_HEADERS",
						"dependencyConditions": [
							"Succeeded"
						]
					}
				],
				"policy": {
					"timeout": "7.00:00:00",
					"retry": 0,
					"retryIntervalInSeconds": 30,
					"secureOutput": false,
					"secureInput": false
				},
				"userProperties": [],
				"typeProperties": {
					"notebookPath": {
						"value": "@pipeline().parameters.DatabricksParquetNotebookPath",
						"type": "Expression"
					},
					"baseParameters": {
						"databricksTable": {
							"value": "@pipeline().parameters.DatabricksParquetNotebookParam_tablename",
							"type": "Expression"
						},
						"headersFile": {
							"value": "@pipeline().parameters.DatabricksParquetNotebookParam_headerspath",
							"type": "Expression"
						},
						"sourceFolder": {
							"value": "@pipeline().parameters.DatabricksParquetNotebookParam_sourcepath",
							"type": "Expression"
						},
						"targetFolder": {
							"value": "@pipeline().parameters.DatabricksParquetNotebookParam_targetpath",
							"type": "Expression"
						}
					}
				},
				"linkedServiceName": {
					"referenceName": "DSLabParquetDatabricks",
					"type": "LinkedServiceReference"
				}
			},
			{
				"name": "LogPipelineSUCCESS",
				"type": "Lookup",
				"dependsOn": [
					{
						"activity": "ADLS_CSV_to_PRQ_CATALOG_ITEM",
						"dependencyConditions": [
							"Succeeded"
						]
					}
				],
				"policy": {
					"timeout": "7.00:00:00",
					"retry": 0,
					"retryIntervalInSeconds": 30,
					"secureOutput": false
				},
				"userProperties": [],
				"typeProperties": {
					"source": {
						"type": "RelationalSource",
						"query": {
							"value": "call \"DS_LAB\".\"DTUS.datalake.sp::DSLAB_LOG\" (\n'@{pipeline().DataFactory}',\n'@{pipeline().Pipeline}',\n'@{pipeline().TriggerName}', \n'@{pipeline().TriggerType}',\n'SUCCESS',\n 'Pipeline'\n)",
							"type": "Expression"
						}
					},
					"dataset": {
						"referenceName": "DS_HANA",
						"type": "DatasetReference"
					}
				}
			},
			{
				"name": "LogStepFAILURE",
				"type": "Lookup",
				"dependsOn": [
					{
						"activity": "ADLS_CSV_to_PRQ_CATALOG_ITEM",
						"dependencyConditions": [
							"Failed"
						]
					}
				],
				"policy": {
					"timeout": "7.00:00:00",
					"retry": 0,
					"retryIntervalInSeconds": 30,
					"secureOutput": false
				},
				"userProperties": [],
				"typeProperties": {
					"source": {
						"type": "RelationalSource",
						"query": {
							"value": "call \"DS_LAB\".\"DTUS.datalake.sp::DSLAB_LOG\" (\n'@{pipeline().DataFactory}',\n'@{pipeline().Pipeline}',\n'@{pipeline().TriggerName}', \n'@{pipeline().TriggerType}',\n'FAILURE',\n 'Step to load CATALOG Item'\n)",
							"type": "Expression"
						}
					},
					"dataset": {
						"referenceName": "DS_HANA",
						"type": "DatasetReference"
					}
				}
			}
		],
		"parameters": {
			"DatabricksParquetNotebookPath": {
				"type": "string",
				"defaultValue": "/DSLabManagement/refactor/gen-parquet"
			},
			"DatabricksParquetNotebookParam_tablename": {
				"type": "string",
				"defaultValue": "parquet_learning.catalog_item_prq"
			},
			"DatabricksParquetNotebookParam_headerspath": {
				"type": "string",
				"defaultValue": "/dtus/core/learning/catalog_item/headers.csv"
			},
			"DatabricksParquetNotebookParam_sourcepath": {
				"type": "string",
				"defaultValue": "/dtus/core/learning/catalog_item/csv/catalog_item_master.csv"
			},
			"DatabricksParquetNotebookParam_targetpath": {
				"type": "string",
				"defaultValue": "/dtus/core/learning/catalog_item/parquet/catalog_item_master.parquet"
			}
		},
		"annotations": []
	},
	"type": "Microsoft.DataFactory/factories/pipelines"
}