{
    "id": "bf16d2aa-8a18-48c4-96db-eb85dba26183",
    "name": "ScmCertificate",
    "friendlyName": "SCM - Azure Certificate and Host Binding",
    "description": "Azure DevOps task to create/modify/delete a certificate and host binding for an App Service.",
    "helpMarkDown": "[Learn more about this task](http://tfs.deloitte.com:8080/tfs/DAS%20Public/_git/ADO%20Extensions?path=%2FCertificate.md)",
    "category": "Azure Pipelines",
    "author": "SCM Platform Management",
    "version": {
        "Major": 1,
        "Minor": 0,
        "Patch": 42
    }, 
    "instanceNameFormat": "ScmCertificateHostBinding.",
    "groups": [
        {
            "name": "TaskInfo",
            "displayName": "Task Information",
            "isExpanded": true
        },
        {
            "name": "CertInfo",
            "displayName": "Certificate Information",
            "isExpanded": true
        },
        {
            "name": "AppInfo",
            "displayName": "AppService Information",
            "isExpanded": true
        }
    ],
    "inputs": [
        {
            "name": "ConnectedServiceName",
            "type": "connectedService:AzureRM",
            "label": "Azure RM Subscription",
            "defaultValue": "",
            "required": true,
            "helpMarkDown": "Select the Azure Resource Manager subscription for the deployment."
        },
        {
            "name": "kvResourceGroupName",
            "type": "pickList",
            "label": "Shared KeyVault Resource Group",
            "required": true,
            "helpMarkDown": "Please select or input Azure Resource Group for Shared KeyVault where Certificate is stored.",
            "groupName": "TaskInfo",
            "properties": {
                "EditableOptions": "True"
            }
        },
        {
            "name": "sharedKeyVault",
            "type": "pickList",
            "label": "Shared KeyVault",
            "required": true,
            "helpMarkDown": "Please input name of Azure KeyVault where Certificate is stored.",
            "groupName": "TaskInfo",
            "properties": {
                "EditableOptions": "True"
            }
        },
        {
            "name": "ResourceGroupName",
            "type": "pickList",
            "label": "Application Resource Group",
            "required": true,
            "helpMarkDown": "Please select or input Azure Resource Group for App Service resource.",
            "groupName": "TaskInfo",
            "properties": {
                "EditableOptions": "True"
            }
        },
        {
            "name": "AppServiceOutput",
            "type": "boolean",
            "label": "Use previous task output for AppService Name and Plan",
            "defaultValue": "true",
            "required": false,
            "helpMarkDown": "Please enable if you would like to use output variables from previous task.",
            "groupName": "AppInfo"
        },
        {
            "name": "certificateName",
            "type": "string",
            "label": "Name of Certificate",
            "required": true,
            "helpMarkDown": "Please input name of Azure Certificate to bind App Service.",
            "groupName": "CertInfo"
        },
        {
            "name": "HostName",
            "type": "string",
            "label": "HostName",
            "required": true,
            "helpMarkDown": "Host name to bind to Azure App Service (url)",
            "groupName": "CertInfo"
        },
        {
            "name": "AppServiceName",
            "type": "pickList",
            "label": "AppService Name",
            "required": false,
            "helpMarkDown": "Please select or input name of Azure App Service to bind Certificate.",
            "groupName": "AppInfo",
            "visibleRule": "AppServiceOutput=false",
            "properties": {
                "EditableOptions": "True"
            }
        },
        {
            "name": "AppServicePlan",
            "type": "pickList",
            "label": "AppService Plan Name",
            "required": false,
            "helpMarkDown": "Please select or input name of Azure App Service Plan to bind Certificate.",
            "groupName": "AppInfo",
            "visibleRule": "AppServiceOutput=false",
            "properties": {
                "EditableOptions": "True"
            }
        },
        {
            "name": "AzureRegion",
            "type": "pickList",
            "label": "Azure Region",
            "defaultValue": "East US",
            "required": false,
            "helpMarkDown": "Please select Azure Region for resource deployment.",
            "groupName": "AppInfo",
            "properties": {
                "EditableOptions": "True"
            },
            "visibleRule": "AppServiceOutput=false"
        }
    ],
    "dataSourceBindings": [
        {
            "target": "kvResourceGroupName",
            "endpointId": "$(ConnectedServiceName)",
            "dataSourceName": "AzureResourceGroups"
        },
        {
            "target": "ResourceGroupName",
            "endpointId": "$(ConnectedServiceName)",
            "dataSourceName": "AzureResourceGroups"
        },
        {
            "target": "AzureRegion",
            "endpointId": "$(ConnectedServiceName)",
            "dataSourceName": "AzureLocations"
        },
        {
            "target": "sharedKeyVault",
            "endpointId": "$(ConnectedServiceName)",
            "dataSourceName": "AzureRMResourcesInRGBasedOnType",
            "parameters": {
                "ResourceGroupName": "$(kvResourceGroupName)",
                "ResourceType": "Microsoft.KeyVault/vaults"
            },
            "resultTemplate": "{\"Value\": \"{{{name}}}\", \"DisplayValue\": \"{{{name}}}\" }"
        },
        {
            "target": "AppServiceName",
            "endpointId": "$(ConnectedServiceName)",
            "dataSourceName": "AzureRMResourcesInRGBasedOnType",
            "parameters": {
                "ResourceGroupName": "$(ResourceGroupName)",
                "ResourceType": "Microsoft.Web/sites"
            },
            "resultTemplate": "{\"Value\": \"{{{name}}}\", \"DisplayValue\": \"{{{name}}}\" }"
        },
        {
            "target": "AppServicePlan",
            "endpointId": "$(ConnectedServiceName)",
            "dataSourceName": "AzureRMResourcesInRGBasedOnType",
            "parameters": {
                "ResourceGroupName": "$(ResourceGroupName)",
                "ResourceType": "Microsoft.Web/serverfarms"
            },
            "resultTemplate": "{\"Value\": \"{{{name}}}\", \"DisplayValue\": \"{{{name}}}\" }"
        }
    ],
    "execution": {
        "PowerShell3": {
            "target": "$(currentDirectory)\\Certificate.ps1",
            "argumentFormat": "",
            "workingDirectory": "$(System.DefaultWorkingDirectory)"
        }
    }
}