{
  "$schema": "https://schema.management.azure.com/schemas/2015-01-01/deploymentParameters.json#",
  "contentVersion": "1.0.0.0",
  "parameters": {
    "aseName": {
      "value": "usap-das-ase-preprod-eus"
    },
    "vnetId": {
      "value": "/subscriptions/7965cdb0-3e3d-4740-8fd8-c28eb9fef1ad/resourceGroups/AZRG-USAP-VNET-PREPROD/providers/Microsoft.Network/virtualNetworks/azamenpdvnet01-NomCom"
    },
    "location": {
      "value": "East US"
    },
    "subnetName": {
      "value": "azamenpdvnet01-das-ase"
    },
    "subnetRouteTableName": {
      "value": "usaparent-das-ase-preprod-eus-Route-Table"
    },
    "subnetNSGName": {
      "value": "usaparent-das-ase-preprod-eus-NSG"
    },
    "kind": {
      "value": "ASEV2"
    },
    "dnsSuffix": {
      "value": "usap.ase.deloitte.com"
    }
  }
}