{
  "$schema": "https://schema.management.azure.com/schemas/2015-01-01/deploymentParameters.json#",
  "contentVersion": "1.0.0.0",
  "parameters": {
    "aseName": {
      "value": "usap-das-ase-prod-wus"
    },
    "vnetId": {
      "value": "/subscriptions/f85ebbb0-75ce-4442-9519-8cf2e91f6205/resourceGroups/AZRG-USAP-VNET-PROD/providers/Microsoft.Network/virtualNetworks/azameprdvnet02-NomCom"
    },
    "location": {
      "value": "West US"
    },
    "subnetName": {
      "value": "azameprdvnet02-das-ase"
    },
    "subnetRouteTableName": {
      "value": "usaparent-das-ase-prod-wus-Route-Table"
    },
    "subnetNSGName": {
      "value": "usaparent-das-ase-prod-wus-NSG"
    },
    "kind": {
      "value": "ASEV2"
    },
    "dnsSuffix": {
      "value": "usap.ase.deloitte.com"
    }
  }
}