{
    "$schema": "https://schema.management.azure.com/schemas/2015-01-01/deploymentParameters.json",
    "contentVersion": "1.0.0.0",
    "parameters": {
        "appServiceEnvironmentName": {
            "value": "scm-das-ase-preprod-use"
        },
        "existingAseLocation": {
            "value": "East US"
        },
        "sharedkeyVaultId": {
            "value": "/subscriptions/e8d1eb9b-46cf-46b0-9b02-3e133288c4ef/resourceGroups/AZRG-USE-SVC-KV-NPD/providers/Microsoft.KeyVault/vaults/scm-kv-npd-eus"
        },
        "certKeyVaultSecretName": {
            "value": "wildcard-ena-ase-deloitte-com"
        },
        "certificateName": {
            "value": "wildcard-ena-ase-deloitte-com"
        }
    }
}