{ 
    "manifestVersion": 1,   
    "id": "ScmAzureResourceDeploymentToolsV1",
    "version": "1.0.0",
    "name": "DAS SCM Azure Resource Deployment Tools for ADO",
    "description": "Azure DevOps Extension containing tools developed by DAS SCM team for deploying resources and infrastructure to Azure.",
    "publisher": "DeloitteUSITSDAS",
    "author": "SCM Platform Management",
    "targets": [
        {
            "id": "Microsoft.VisualStudio.Services"
        }
    ],
    "categories": [
        "Azure Pipelines"
    ],
    "content": {
        "details": {
            "path": "overview.md"
        }
    },
    "links": {
        "getStarted": {
            "uri": "http://tfs.deloitte.com:8080/tfs/DAS%20Public/_git/ADO%20Extensions?path=%2FOverall.md"
        },
        "support" : {
            "uri": "https://teams.microsoft.com/l/channel/19%3a0c4eb3234663480a9c5ca96ae8931718%40thread.skype/PM%2520-%2520AdoExt?groupId=d1beb2fd-a894-468d-9dea-6994897a12c0&tenantId=36da45f1-dd2c-4d1f-af13-5abe46b99921"
        }
    },
    "branding": {
        "color": "rgb(34, 34, 34)",
        "theme": "dark"
    },
    "icons": {
        "default": "images/extension-icon.png"
    },
    "badges": [
        {
            "href": "https://dev.azure.com/apps-its-us-deloitte/SCM/_build?definitionId=2935",
            "uri": "https://dev.azure.com/apps-its-us-deloitte/SCM/_apis/build/status/AzureDevOps%20Extensions/ScmAzureResourceDeploymentTools%20-%20CI?branchName=master",
            "description": "Build"
        },
        {
          "href": "https://dev.azure.com/apps-its-us-deloitte/SCM/_release?definitionId=146",
          "uri": "https://vsrm.dev.azure.com/apps-its-us-deloitte/_apis/public/Release/badge/9437866b-bebe-4042-9b72-1b44e790b14e/146/370",
          "description": "Release"
        }
    ],
    "contributions": [
        {
            "id": "ScmAppService",
            "type": "ms.vss-distributed-task.task",
            "targets": [
                "ms.vss-distributed-task.tasks"
            ],
            "properties": {
                "name": "Tasks/AppService"
            }
        },
        {
            "id": "ScmTrafficManager",
            "type": "ms.vss-distributed-task.task",
            "targets": [
                "ms.vss-distributed-task.tasks"
            ],
            "properties": {
                "name": "Tasks/TrafficManager"
            }
        },
        {
            "id": "ScmSqlDatabase",
            "type": "ms.vss-distributed-task.task",
            "targets": [
                "ms.vss-distributed-task.tasks"
            ],
            "properties": {
                "name": "Tasks/SqlDatabase"
            }
        },
        {
            "id": "ScmKeyVault",
            "type": "ms.vss-distributed-task.task",
            "targets": [
                "ms.vss-distributed-task.tasks"
            ],
            "properties": {
                "name": "Tasks/KeyVault"
            }
        },
        {
            "id": "ScmStorageAccount",
            "type": "ms.vss-distributed-task.task",
            "targets": [
                "ms.vss-distributed-task.tasks"
            ],
            "properties": {
                "name": "Tasks/StorageAccount"
            }
        },
        {
            "id": "ScmCertificate",
            "type": "ms.vss-distributed-task.task",
            "targets": [
                "ms.vss-distributed-task.tasks"
            ],
            "properties": {
                "name": "Tasks/Certificate"
            }
        },
        {
            "id": "ScmKvCustomAccessPolicy",
            "type": "ms.vss-distributed-task.task",
            "targets": [
                "ms.vss-distributed-task.tasks"
            ],
            "properties": {
                "name": "Tasks/KvCustomAccessPolicy"
            }
        },
        {
            "id": "ScmSqlServer",
            "type": "ms.vss-distributed-task.task",
            "targets": [
                "ms.vss-distributed-task.tasks"
            ],
            "properties": {
                "name": "Tasks/SqlServer"
            }
        },
        {
            "id": "ScmAppInsights",
            "type": "ms.vss-distributed-task.task",
            "targets": [
                "ms.vss-distributed-task.tasks"
            ],
            "properties": {
                "name": "Tasks/AppInsights"
            }
        },
        {
            "id": "ScmCosmosDB",
            "type": "ms.vss-distributed-task.task",
            "targets": [
                "ms.vss-distributed-task.tasks"
            ],
            "properties": {
                "name": "Tasks/CosmosDB"
            }
        },
        {
            "id": "ScmFunctionApp",
            "type": "ms.vss-distributed-task.task",
            "targets": [
                "ms.vss-distributed-task.tasks"
            ],
            "properties": {
                "name": "Tasks/FunctionApp"
            }
        },
        {
            "id": "ScmAppServicePlan",
            "type": "ms.vss-distributed-task.task",
            "targets": [
                "ms.vss-distributed-task.tasks"
            ],
            "properties": {
                "name": "Tasks/AppServicePlan"
            }
        }
    ],
    "files": [
        {
            "path": "Tasks",
            "addressable": true
        },
        {
            "path": "images",
            "addressable": true
        }
    ]
}