{
    "id": "06acd26f-222e-4d94-9fc4-cf469938cb8b",
    "name": "StorageAccount",
    "friendlyName": "SCM - Azure Storage Account",
    "description": "Azure DevOps task to create/modify/delete an Azure Storage Account.",
    "helpMarkDown": "[Learn more about this task](http://tfs.deloitte.com:8080/tfs/DAS%20Public/_git/ADO%20Extensions?path=%2FStorageAccount.md)",
    "category": "Azure Pipelines",
    "author": "SCM Platform Management",
    "version": {
        "Major": 1,
        "Minor": 0,
        "Patch": 38
    },
    "instanceNameFormat": "Create/Update StorageAccount: $(ProjectCode)-$(ResourceUniqueId)",
    "groups": [
        {
            "name": "Project",
            "displayName": "Project-Specific Information",
            "isExpanded": true
        },
        {
            "name": "StorageAccount",
            "displayName": "Storage Account Settings",
            "isExpanded": true
        },
        {
            "name": "LogSettings",
            "displayName": "Log Settings",
            "isExpanded": false
        }
    ],
    "inputs": [
        {
            "name": "ConnectedServiceName",
            "type": "connectedService:AzureRM",
            "label": "Azure RM Subscription",
            "defaultValue": "",
            "required": true,
            "helpMarkDown": "Select the Azure Resource Manager subscription for the deployment."
        },
        {
            "name": "ProjectCode",
            "type": "string",
            "label": "Project Code",
            "required": true,
            "helpMarkDown": "Project Code must be between 3-6 characters.",
            "groupName": "Project",
            "validation": {
                "expression": "isMatch(value, '^[0-9a-z]{3,6}$', 'IgnoreCase')",
                "message": "Project Code must be between 3-6 characters."
            }
        },
        {
            "name": "ResourceUniqueId",
            "type": "string",
            "label": "Unique Id of Resource",
            "required": true,
            "helpMarkDown": "Please input a Unique Id to add to the end of each Resource name. i.e 01 or svc01. Unique Id must be between 1-5 characters.",
            "groupName": "Project",
            "validation": {
                "expression": "isMatch(value, '^[0-9a-z]{1,5}$', 'IgnoreCase')",
                "message": "Unique Id must be between 1-5 characters."
            }
        },
        {
            "name": "ResourceGroupName",
            "type": "pickList",
            "label": "Resource Group",
            "required": true,
            "helpMarkDown": "Please select or input Azure resource group for Storage Account resource.",
            "groupName": "StorageAccount",
            "properties": {
                "EditableOptions": "True"
            }
        },
        {
            "name": "AzureRegion",
            "type": "pickList",
            "label": "Azure Region",
            "defaultValue": "East US",
            "required": true,
            "helpMarkDown": "Please select Azure Region for resource deployment.",
            "groupName": "StorageAccount",
            "properties": {
                "EditableOptions": "True"
            }
        },
        {
            "name": "storageAccountType",
            "type": "pickList",
            "label": "Storage Account Type",
            "defaultValue": "StorageV2",
            "required": false,
            "helpMarkDown": "Please select type of Storage account to be created.",
            "options": {
                "Storage": "Storage",
                "StorageV2": "StorageV2",
                "BlobStorage": "BlobStorage",
                "FileStorage": "FileStorage",
                "BlockBlobStorage": "BlockBlobStorage"
            },
            "groupName": "StorageAccount"
        },
        {
            "name": "storageAccountReplication",
            "type": "pickList",
            "label": "Storage Account Replication",
            "defaultValue": "Standard_LRS",
            "required": false,
            "helpMarkDown": "Please select Storage account replication.",
            "options": {
                "Standard_LRS": "Standard_LRS",
                "Standard_GRS": "Standard_GRS",
                "Standard_ZRS": "Standard_ZRS",
                "Premium_LRS": "Premium_LRS",
                "Standard_RAGRS": "Standard_RAGRS"
            },
            "groupName": "StorageAccount"
        },

        {
            "name": "LogRetentionDays",
            "type": "int",
            "label": "Log Retention Days",
            "defaultValue": "90",
            "required": false,
            "helpMarkDown": "Defines the number of log retention days.",
            "groupName": "LogSettings"
        }
    ],
    "dataSourceBindings": [
        {
            "target": "ResourceGroupName",
            "endpointId": "$(ConnectedServiceName)",
            "dataSourceName": "AzureResourceGroups"
        },
        {
            "target": "AzureRegion",
            "endpointId": "$(ConnectedServiceName)",
            "dataSourceName": "AzureLocations"
        }
    ],
    "execution": {
        "PowerShell3": {
            "target": "$(currentDirectory)\\StorageAccount.ps1",
            "argumentFormat": "",
            "workingDirectory": "$(System.DefaultWorkingDirectory)"
        }
    },
    "OutputVariables": [
        {
            "name" : "StorageAccountName",
            "description" : "This name of the storage account."
        }
    ]
}