#TYPE System.Object
"ResourceGroup","Name","BillCode","subscription"
"AppInsights_JB","d406fa33-3962-43f4-b557-65c53f23cdb7-dashboard","none","US-AZSUB-AME-ITS-AVAILPERF-RnD"
"dashboards","Web20190403062004","none","US-AZSUB-AME-ITS-AVAILPERF-RnD"
"Default-ActivityLogAlerts","UstatEmail","none","US-AZSUB-AME-ITS-AVAILPERF-RnD"
"TaxDashboards","edd5a33e-7947-4048-bdbc-3b17bb14ae65","none","US-AZSUB-AME-ITS-AVAILPERF-RnD"
"US-ENABLINGAREAS-PREPROD","f1afabb6-fe21-4089-a249-be3f7bf885e6-dashboard","none","US-AZSUB-AME-ITS-AVAILPERF-RnD"
"US-ENABLINGAREAS-PROD","US_ENABLINGAREAS_PROD","none","US-AZSUB-AME-ITS-AVAILPERF-RnD"
"US_ADVISORY_EDSC_PREPROD","US_ADVISORY_EDSC_D3_TRACKING_DEV","none","US-AZSUB-AME-ITS-AVAILPERF-RnD"
"US_ADVISORY_PREPROD","office365-1","none","US-AZSUB-AME-ITS-AVAILPERF-RnD"
"US_ADVISORY_PROD","teams-2","none","US-AZSUB-AME-ITS-AVAILPERF-RnD"
"US_ADVISORY_TRUEVIEW","a32c4faf-b2d9-4f95-bd12-a27b389760d7-dashboard","none","US-AZSUB-AME-ITS-AVAILPERF-RnD"
"US_AUDIT_ADS_PREPROD_RG","a2a95ff7-0639-4a6a-8d06-6d9d64508dee-dashboard","none","US-AZSUB-AME-ITS-AVAILPERF-RnD"
"US_AUDIT_ADS_PROD_RG","prod-url-ping-test-audit.ads.optix.prod.ai","none","US-AZSUB-AME-ITS-AVAILPERF-RnD"
"US_AUDIT_DNAV_PREPROD_RG","udnavameappinsights","none","US-AZSUB-AME-ITS-AVAILPERF-RnD"
"US_AUDIT_DNAV_PROD_RG","sdnavameappinsights","none","US-AZSUB-AME-ITS-AVAILPERF-RnD"
"US_AUDIT_PREPROD","41864c8b-a23e-49a0-b3e2-5c7d00fbba8f-dashboard","none","US-AZSUB-AME-ITS-AVAILPERF-RnD"
"US_AUDIT_PROD","Updates(US-AUDIT-PROD-OMS)","none","US-AZSUB-AME-ITS-AVAILPERF-RnD"
"US_CONSULTING_PREPROD","sdo-consulting","none","US-AZSUB-AME-ITS-AVAILPERF-RnD"
"US_CONSULTING_PROD","Updates(US-CONSULTING-PROD-OMS)","none","US-AZSUB-AME-ITS-AVAILPERF-RnD"
"US_EA_DIGITAL_PREPROD_RG","DEV-SLATE-BOT","none","US-AZSUB-AME-ITS-AVAILPERF-RnD"
"US_EA_GES_ANALYTICS_US_PREPROD_RG","ea952182-26ca-4cba-9eab-e0d01b47b231-dashboard","none","US-AZSUB-AME-ITS-AVAILPERF-RnD"
"US_EA_GES_ANALYTICS_US_PROD_RG","Travel-Configuration-Service.PROD","none","US-AZSUB-AME-ITS-AVAILPERF-RnD"
"US_EA_GES_GACHATBOT_US_PREPROD_RG","GAChatBotWeb.STAGE","none","US-AZSUB-AME-ITS-AVAILPERF-RnD"
"US_EA_GES_GACHATBOT_US_PROD_RG","GAChatBotWeb.PROD","none","US-AZSUB-AME-ITS-AVAILPERF-RnD"
"US_EA_LLRP_PREPROD","388f231e-c400-476a-b757-b51a673b4496-dashboard","none","US-AZSUB-AME-ITS-AVAILPERF-RnD"
"US_EA_LLRP_PROD","e73b7d58-3121-4519-8c4f-6c88f71eacda-dashboard","none","US-AZSUB-AME-ITS-AVAILPERF-RnD"
"US_EM_PREPROD","testwebjobps","none","US-AZSUB-AME-ITS-AVAILPERF-RnD"
"US_TAX_GES_GAIN_PREPROD_RG","gaincentivesstgus-gaincentives-us-staging","none","US-AZSUB-AME-ITS-AVAILPERF-RnD"
"US_TAX_GES_GAIN_PROD_RG","gaincentivesuatus-gaincentives-us-uat","none","US-AZSUB-AME-ITS-AVAILPERF-RnD"
"US_TAX_GES_GAREWARDSOT_PREPROD","PRE_PROD_US_APP_GARewardsOTWorkFlow_API","none","US-AZSUB-AME-ITS-AVAILPERF-RnD"
"US_TAX_GES_GAREWARDSOT_PREPROD","PRE_PROD_US_APP_GARewardsOTWorkFlow_API","none","US-AZSUB-AME-ITS-AVAILPERF-RnD"
"US_TAX_GES_ORGANIZER_PREPROD","GESOrganizer.OrgSelect.Stg","none","US-AZSUB-AME-ITS-AVAILPERF-RnD"
"US_TAX_GES_ORGANIZER_PREPROD_EU","GESOrganizer.OrgSelect.Stg","none","US-AZSUB-AME-ITS-AVAILPERF-RnD"
"US_TAX_GES_ORGANIZER_PROD","GESOrganizer.OrgSelect.Prod","none","US-AZSUB-AME-ITS-AVAILPERF-RnD"
"US_TAX_GES_ORGANIZER_PROD_EU","GESOrganizer.OrgSelect.Prod","none","US-AZSUB-AME-ITS-AVAILPERF-RnD"
"US_TAX_GES_PORTAL_PREPROD_RG","STAGE-GA_PORTAL_ADMIN","none","US-AZSUB-AME-ITS-AVAILPERF-RnD"
"US_TAX_GES_PORTAL_PROD_RG","1bca1768-ebcb-41d2-bdd4-3929b7832037-dashboard","none","US-AZSUB-AME-ITS-AVAILPERF-RnD"
"US_TAX_GES_TRK2_PREPROD_RG","webtestus-stg_pega_application","none","US-AZSUB-AME-ITS-AVAILPERF-RnD"
"US_TAX_GES_TRK2_PROD_RG","pegaping-prod_intrim_custom_job","none","US-AZSUB-AME-ITS-AVAILPERF-RnD"
"US_TAX_PREPROD","fa4759e1-ed12-4bc0-adcf-d68225661b86-dashboard","none","US-AZSUB-AME-ITS-AVAILPERF-RnD"
"US_TAX_PROD","e06b31a4-8169-4e23-8cfd-ff07ba7be55f-dashboard","none","US-AZSUB-AME-ITS-AVAILPERF-RnD"
"US_TAX_PSG_ERO_IPACSCORE","UAT-5-PSG.IM.IPACSCORE.WEB","none","US-AZSUB-AME-ITS-AVAILPERF-RnD"
"US_TAX_PSG_ERO_PDL","d5421491-a0ae-4ea6-8280-d99bfa517082-dashboard","none","US-AZSUB-AME-ITS-AVAILPERF-RnD"
"US_TAX_PSG_ERO_PTPDL","prod-dt ero pdl pacs ptp web test-prod-dt.ero.pdl.ipacs.ptp","none","US-AZSUB-AME-ITS-AVAILPERF-RnD"
"US_TAX_PSG_ERO_QDI","Stage-DT.ERO.QDI.Web","none","US-AZSUB-AME-ITS-AVAILPERF-RnD"
"US_TAX_PSG_ERO_QlikView","Stage-DT.ERO.Qlikview.WebApi","none","US-AZSUB-AME-ITS-AVAILPERF-RnD"
"US_TAX_PSG_ERO_SubK","STAGE-DT.ERO.SUBK.WebUI","none","US-AZSUB-AME-ITS-AVAILPERF-RnD"
"US_TAX_PSG_ERO_TARDI","STAGE-PSG.ERO.TARDI.WebUI","none","US-AZSUB-AME-ITS-AVAILPERF-RnD"
"US_TAX_PSG_IM_AEOI","mlaeoipocstorage","none","US-AZSUB-AME-ITS-AVAILPERF-RnD"
"US_TAX_PSG_IM_AEOI_PROD","d8797790-01af-454f-9f7f-23a9975062bf-dashboard","none","US-AZSUB-AME-ITS-AVAILPERF-RnD"
"US_TAX_PSG_IM_IPACS3","43c1b001-d530-407a-b4ec-9a3ab0629e40-dashboard","none","US-AZSUB-AME-ITS-AVAILPERF-RnD"
"US_TAX_PSG_IM_IPACS3","43c1b001-d530-407a-b4ec-9a3ab0629e40-dashboard","none","US-AZSUB-AME-ITS-AVAILPERF-RnD"
"US_TAX_PSG_RPA","STAGE_DT.Tax.Rpa.Portal","none","US-AZSUB-AME-ITS-AVAILPERF-RnD"
