{
    "$schema": "https://schema.management.azure.com/schemas/2015-01-01/deploymentTemplate.json#",
    "contentVersion": "1.0.0.0",
    "parameters": {
        "functionCode": {
            "type": "string",
            "metadata": {
                "description": "The function 3 digits code"
            },
            "allowedValues": [
                "con",
                "tax",
                "adv",
                "ena"
            ]
        },
        "projectCode": {
            "type": "string",
            "metadata": {
                "description": "The project 3 digits code"
            }
        },
        "environmentCode": {
            "type": "string",
            "metadata": {
                "description": "The environment 3 digits code"
            },
            "allowedValues": [
                "dev",
                "qas",
                "loa",
                "stg",
                "prd",
                "bcp"
            ]
        },
        "workspaceId": {
            "type": "string",
            "metadata": {
                "description": "Log Analytics workspace ID for the Log Analytics workspace to which logs will be sent."
            }
        },
        "logsRetentionDays": {
            "type": "int",
            "defaultValue": 0,
            "metadata": {
                "description": "Defines the number of logs retention days"
            }
        },
        "storageKind": {
            "type": "string",
            "defaultValue": "StorageV2",
            "metadata": {
                "description": "Type of storage account. - Storage, StorageV2, BlobStorage, FileStorage, BlockBlobStorage"
            }
        },
        "storageAccountType": {
            "type": "string",
            "defaultValue": "Standard_LRS",
            "allowedValues": [
                "Standard_LRS",
                "Standard_GRS",
                "Standard_ZRS",
                "Premium_LRS",
                "Standard_RAGRS"
            ],
            "metadata": {
                "description": "The availability and pricing tier of the storage account"
            }
        },
        "workerPool": {
            "type": "string",
            "allowedValues": [
                "1",
                "2",
                "3"
            ],
            "defaultValue": 0,
            "metadata": {
                "description": "Defines which worker pool's (WP1, WP2 or WP3) resources will be used for the app service plan."
            }
        },
        "numberOfWorkersFromWorkerPool": {
            "type": "int",
            "defaultValue": 1,
            "metadata": {
                "description": "Defines the number of workers from the worker pool that will be used by the app service plan."
            }
        }
    },
    "variables": {
        "environment": {
            "dev": {
                "char": "d",
                "region": "eus",
                "subscription": "preprod"
            },
            "qas": {
                "char": "q",
                "region": "eus",
                "subscription": "preprod"
            },
            "loa": {
                "char": "l",
                "region": "eus",
                "subscription": "preprod"
            },
            "stg": {
                "char": "s",
                "region": "eus",
                "subscription": "preprod"
            },
            "prd": {
                "char": "",
                "region": "eus",
                "subscription": "prod"
            },
            "bcp": {
                "char": "",
                "region": "wus",
                "subscription": "prod"
            }
        },
        "function": {
            "con": {
                "fullname": "consulting"
            },
            "tax": {
                "fullname": "tax"
            },
            "adv": {
                "fullname": "advisory"
            },
            "ena": {
               "fullname": "enabling areas"
            }
        },
        "environmentVariable": "[variables('environment')[parameters('environmentCode')]]",
        "functionVariable": "[variables('function')[parameters('functionCode')]]",
        "appServiceEnvironmentName": "[concat(variables('functionVariable').fullname, '-das-ase-', variables('environmentVariable').subscription, '-', variables('environmentVariable').region)]",
        "appServiceEnvironmentRgName": "[concat('AZRG-', toUpper(parameters('functionCode')), '-das-ase-', toUpper(variables('environmentVariable').subscription), '-', variables('environmentVariable').region)]",
        "location": "[if(equals(variables('environmentVariable').region, 'eus'), 'East US', 'West US')]",
        "storageAccount": {
            "name": "[concat(variables('environmentVariable').char, parameters('projectCode'), variables('environmentVariable').region, 'stor')]",
            "sku": "[parameters('storageAccountType')]",
            "kind": "[parameters('storageKind')]"
        },
        "isBcp": "[if(equals(parameters('environmentCode'), 'bcp'), bool('true'), bool('false'))]",
        "OMS": {
            "id": "[parameters('workspaceId')]",
            "logRetention": "[parameters('logsRetentionDays')]",
            "logsRetentionEnabled": "[if(equals(parameters('logsRetentionDays'), 0), 'False', 'True')]"
        },
        "functionApp": {
            "name": "[concat(variables('environmentVariable').char, parameters('projectCode'), '-', variables('environmentVariable').region)]",
            "servicePlan": "[concat(variables('environmentVariable').char, parameters('projectCode'), '-', variables('environmentVariable').region,'-plan')]",
            "workerPool": "[parameters('workerPool')]",
            "numberOfWorkersFromWorkerPool": "[parameters('numberOfWorkersFromWorkerPool')]"
        }
    },
    "resources": [
        {
            "type": "Microsoft.Insights/components",
            "apiVersion": "2014-04-01",
            "name": "[variables('functionApp').name]",
            "condition": "[not(variables('isBcp'))]",
            "location": "[resourceGroup().location]",
            "properties": {
                "applicationId": "[variables('functionApp').name]"
            },
            "dependsOn": [],
            "resources": [
                {
                    "type": "providers/diagnosticSettings",
                    "apiVersion": "2017-05-01-preview",
                    "name": "[concat('Microsoft.Insights/', 'service')]",
                    "dependsOn": [
                        "[resourceId('Microsoft.Insights/components', variables('functionApp').name)]"
                    ],
                    "properties": {
                        "name": "service",
                        "workspaceId": "[variables('OMS').id]",
                        "metrics": [
                            {
                                "category": "AllMetrics",
                                "enabled": "True",
                                "retentionPolicy": {
                                    "days": "[variables('OMS').logRetention]",
                                    "enabled": "[variables('OMS').logsRetentionEnabled]"
                                }
                            }
                        ]
                    }
                }
            ]
        },
        {
            "type": "Microsoft.Web/serverfarms",
            "apiVersion": "2016-09-01",
            "name": "[variables('functionApp').servicePlan]",
            "location": "[variables('location')]",
            "properties": {
                "hostingEnvironmentProfile": {
                    "id": "[resourceId(variables('appServiceEnvironmentRgName'),'Microsoft.Web/hostingEnvironments',variables('appServiceEnvironmentName'))]"
                }
            },
            "sku": {
                "name": "[concat('I',variables('functionApp').workerPool)]",
                "tier": "Premium",
                "size": "[concat('I',variables('functionApp').workerPool)]",
                "family": "I",
                "capacity": "[variables('functionApp').numberOfWorkersFromWorkerPool]"
            },
            "dependsOn": [
                "[concat('Microsoft.Insights/components/',variables('functionApp').name)]"
            ],
            "resources": [
                {
                    "type": "providers/diagnosticSettings",
                    "apiVersion": "2017-05-01-preview",
                    "name": "[concat('Microsoft.Insights/', 'service')]",
                    "dependsOn": [
                        "[resourceId('Microsoft.Web/serverfarms', variables('functionApp').servicePlan)]"
                    ],
                    "properties": {
                        "name": "service",
                        "workspaceId": "[variables('OMS').id]",
                        "metrics": [
                            {
                                "category": "AllMetrics",
                                "enabled": "True",
                                "retentionPolicy": {
                                    "days": "[variables('OMS').logRetention]",
                                    "enabled": "[variables('OMS').logsRetentionEnabled]"
                                }
                            }
                        ]
                    }
                }
            ]
        },
        {
            "type": "Microsoft.Storage/storageAccounts",
            "apiVersion": "2018-07-01",
            "name": "[variables('storageAccount').name]",
            "location": "[resourceGroup().location]",
            "sku": {
                "name": "[variables('storageAccount').sku]"
            },
            "kind": "[variables('storageAccount').kind]",
            "properties": {
                "supportsHttpsTrafficOnly": true,
                "encryption": {
                    "keySource": "Microsoft.Storage",
                    "services": {
                        "blob": {
                            "enabled": true
                        },
                        "file": {
                            "enabled": true
                        }
                    }
                },
                "isHnsEnabled": false
            },
            "resources": [
                {
                    "type": "providers/diagnosticSettings",
                    "apiVersion": "2017-05-01-preview",
                    "name": "[concat('Microsoft.Insights/', 'service')]",
                    "dependsOn": [
                        "[resourceId('Microsoft.Storage/storageAccounts', variables('storageAccount').name)]"
                    ],
                    "properties": {
                        "name": "service",
                        "workspaceId": "[variables('OMS').id]",
                        "logs": [],
                        "metrics": [
                            {
                                "category": "Capacity",
                                "enabled": "True",
                                "retentionPolicy": {
                                    "days": "[variables('OMS').logRetention]",
                                    "enabled": "[variables('OMS').logsRetentionEnabled]"
                                }
                            },
                            {
                                "category": "Transaction",
                                "enabled": "True",
                                "retentionPolicy": {
                                    "days": "[variables('OMS').logRetention]",
                                    "enabled": "[variables('OMS').logsRetentionEnabled]"
                                }
                            }
                        ]
                    }
                }
            ]
        },
        {
            "type": "Microsoft.Web/sites",
            "kind": "functionapp",
            "apiVersion": "2016-08-01",
            "name": "[variables('functionApp').name]",
            "location": "[variables('location')]",
            "identity": {
                "type": "SystemAssigned"
            },
            "dependsOn": [
                "[concat('Microsoft.Web/serverFarms/', variables('functionApp').servicePlan)]",
                "[resourceId('Microsoft.Storage/storageAccounts', variables('storageAccount').name)]"
            ],
            "properties": {
                "name": "[variables('functionApp').name]",
                "serverFarmId": "[resourceId('Microsoft.Web/serverFarms',variables('functionApp').servicePlan)]",
                "hostingEnvironmentProfile": {
                    "id": "[resourceId(variables('appServiceEnvironmentRgName'),'Microsoft.Web/hostingEnvironments',variables('appServiceEnvironmentName'))]"
                },
                "siteConfig": {
                    "netFrameworkVersion": "v4.7",
                    "phpVersion": "",
                    "pythonVersion": "",
                    "javaVersion": "",
                    "nodeVersion": "",
                    "linuxFxVersion": "",
                    "use32BitWorkerProcess": "False",
                    "webSocketsEnabled": "False",
                    "alwaysOn": "True",
                    "managedPipelineMode": "Integrated",
                    "remoteDebuggingEnabled": "False",
                    "appSettings": [
                        {
                            "name": "FUNCTIONS_WORKER_RUNTIME",
                            "value": "dotnet"
                        },
                        {
                            "name": "APPINSIGHTS_INSTRUMENTATIONKEY",
                            "value": "[reference(concat('microsoft.insights/components/', variables('functionApp').name)).InstrumentationKey]"
                        },
                        {
                            "name": "AzureWebJobsStorage",
                            "value": "[concat('DefaultEndpointsProtocol=https;AccountName=', variables('storageAccount').name, ';AccountKey=', listKeys(resourceId(subscription().subscriptionId,resourceGroup().name,'Microsoft.Storage/storageAccounts', variables('storageAccount').name),'2015-05-01-preview').key1)]"
                        },
                        {
                            "name": "FUNCTIONS_EXTENSION_VERSION",
                            "value": "~2"
                        }
                    ],
                    "minTlsVersion": "1.2"
                }
            },
            "resources": [
                {
                    "type": "siteextensions",
                    "apiVersion": "2016-08-01",
                    "name": "Microsoft.ApplicationInsights.AzureWebSites",
                    "dependsOn": [
                        "[concat('Microsoft.Web/sites/', variables('functionApp').name)]"
                    ],
                    "properties": {}
                },
                {
                    "type": "providers/diagnosticSettings",
                    "name": "[concat('Microsoft.Insights/', 'service')]",
                    "dependsOn": [
                        "[resourceId('Microsoft.Web/sites', variables('functionApp').name)]"
                    ],
                    "apiVersion": "2017-05-01-preview",
                    "properties": {
                        "name": "service",
                        "workspaceId": "[variables('OMS').ID]",
                        "metrics": [
                            {
                                "category": "AllMetrics",
                                "enabled": "True",
                                "retentionPolicy": {
                                    "days": "[variables('OMS').logRetention]",
                                    "enabled": "[variables('OMS').logsRetentionEnabled]"
                                }
                            }
                        ]
                    }
                }
            ]
        }
    ],
    "outputs": {
        "FunctionName": {
            "type": "string",
            "value": "[variables('functionApp').name]"
        }
    }
}
}