{
    "id": "b2fc8924-cef2-43d5-8124-680c4f666c63",
    "name": "ScmCosmosDB",
    "friendlyName": "SCM - Azure Cosmos Database",
    "description": "Azure DevOps task to create/modify/delete an CosmosDB resource.",
    "helpMarkDown": "[Learn more about this task](http://tfs.deloitte.com:8080/tfs/DAS%20Public/_git/ADO%20Extensions?path=%2FCosmosDB.md)",
    "category": "Azure Pipelines",
    "author": "SCM Platform Management",
    "version": {
        "Major": 1,
        "Minor": 0,
        "Patch": 11
    },
    "preview": true,
    "instanceNameFormat": "ScmCosmosDB.",
    "groups": [
        {
            "name": "TaskInfo",
            "displayName": "Task Information",
            "isExpanded": true
        },
        {
            "name": "CosmosDBinfo",
            "displayName": "Cosmos DB Information",
            "isExpanded": true
        },
        {
            "name": "LogSettings",
            "displayName": "Log Settings",
            "isExpanded": false
        }
    ],
    "inputs": [
        {
            "name": "ConnectedServiceName",
            "type": "connectedService:AzureRM",
            "label": "Azure RM Subscription",
            "defaultValue": "",
            "required": true,
            "helpMarkDown": "Select the Azure Resource Manager subscription for the deployment."
        },
        {
            "name": "ProjectCode",
            "type": "string",
            "label": "Project Code",
            "required": true,
            "helpMarkDown": "Please input three to six character Project Code.",
            "groupName": "TaskInfo",
            "validation": {
                "expression": "isMatch(value, '^[0-9a-z]{3,6}$', 'IgnoreCase')",
                "message": "Project Code must be between 3-6 characters."
            }
        },
        {
            "name": "ResourceUniqueId",
            "type": "string",
            "label": "Unique Id of Resource",
            "required": true,
            "helpMarkDown": "Please input a Unique Id to add to the end of each Resource name. i.e 01 or svc01. Unique Id must be between 1-5 characters.",
            "groupName": "TaskInfo",
            "validation": {
                "expression": "isMatch(value, '^[0-9a-z]{1,5}$', 'IgnoreCase')",
                "message": "Unique Id must be between 1-5 characters."
            }
        },
        {
            "name": "ResourceGroupName",
            "type": "pickList",
            "label": "Resource Group",
            "required": true,
            "helpMarkDown": "Please select or input Azure Resource Group for CosmosDB resource.",
            "groupName": "TaskInfo",
            "properties": {
                "EditableOptions": "True"
            }
        },
        {
            "name": "PrimaryAzureRegion",
            "type": "pickList",
            "label": "Primary Azure Region",
            "defaultValue": "East US",            
            "required": true,
            "helpMarkDown": "Please select primary Azure Region for resource deployment.",
            "groupName": "TaskInfo",
            "properties": {
                "EditableOptions": "True"
            }
        },
        {
            "name": "SecondaryAzureRegion",
            "type": "pickList",
            "label": "Secondary Azure Region",
            "defaultValue": "East US",            
            "required": true,
            "helpMarkDown": "Please select secondary Azure Region for resource deployment.",
            "groupName": "TaskInfo",
            "properties": {
                "EditableOptions": "True"
            }
        },
        {
            "name": "apitype",
            "type": "pickList",
            "label": "API Type for CosmosDB",
            "defaultValue": "SQL",            
            "required": true,
            "options": {
				"SQL" : "SQL",
				"MongoDB" : "MongoDB",
				"Cassandra" : "Cassandra",
				"Gremlin" : "Gremlin",
				"Table" : "Table"
            },
            "helpMarkDown": "Please select the type of API to be used for CosmosDB",
            "groupName": "CosmosDBinfo",
            "properties": {
                "EditableOptions": "True"
            }
        },
        {
            "name": "consistencyLevel",
            "type": "pickList",
            "label": "Consistency Level for CosmosDB",
            "defaultValue": "Eventual",            
            "required": true,
            "options": {
				"Eventual" : "Eventual",
				"ConsistentPrefix" : "ConsistentPrefix",
				"Session" : "Session",
				"BoundedStaleness" : "BoundedStaleness",
				"Strong" : "Strong"
            },
            "helpMarkDown": "The default consistency level of the Cosmos DB account.",
            "groupName": "CosmosDBinfo",
            "properties": {
                "EditableOptions": "True"
            }
        },
        {
            "name": "maxStalenessPrefix",
            "type": "int",
            "label": "Maximum Stale Requests",
            "defaultValue": "90",
            "required": false,
            "visibleRule": "consistencyLevel=BoundedStaleness", 
            "helpMarkDown": "Max stale requests. Required for BoundedStaleness. Valid ranges, Single Region: 10 to 1000000. Multi Region: 100000 to 1000000.",
            "groupName": "CosmosDBinfo",
            "validation": {
                "expression": "isInRange(value,10,1000000)",
                "message": "Invalid input. Valid ranges, Single Region: 10 to 1000000. Multi Region: 100000 to 1000000."
            }
        },
        {
            "name": "sharedThroughput",
            "type": "int",
            "label": "Throughput shared with entire database",
            "defaultValue": "400",
            "required": true,
            "helpMarkDown": "The throughput for the database to be shared",
            "groupName": "CosmosDBinfo",
            "validation": {
                "expression": "isInRange(value,400,1000000)",
                "message": "Invalid input. Valid ranges - 400 to 1000000."
            }
        },
        {
            "name": "maxIntervalInSeconds",
            "type": "int",
            "label": "Maximum Lag Time (seconds)",
            "defaultValue": "90",
            "required": false,
            "visibleRule": "consistencyLevel=BoundedStaleness", 
            "helpMarkDown": "Max lag time (seconds). Required for BoundedStaleness. Valid ranges, Single Region: 5 to 84600. Multi Region: 300 to 86400.",
            "groupName": "CosmosDBinfo",
            "validation": {
                "expression": "isInRange(value,5 ,84600)",
                "message": "Invalid input. Valid ranges, Single Region: 5 to 84600. Multi Region: 300 to 86400."
            }
        },
        {
            "name": "LogRetentionDays",
            "type": "int",
            "label": "Log Retention Days",
            "defaultValue": "90",
            "required": false,
            "helpMarkDown": "Defines the number of log retention days.",
            "groupName": "LogSettings"
        }
    ],
    "dataSourceBindings": [
        {
            "target": "ResourceGroupName",
            "endpointId": "$(ConnectedServiceName)",
            "dataSourceName": "AzureResourceGroups"
        },
        {
            "target": "PrimaryAzureRegion",
            "endpointId": "$(ConnectedServiceName)",
            "dataSourceName": "AzureLocations"
        },
        {
            "target": "SecondaryAzureRegion",
            "endpointId": "$(ConnectedServiceName)",
            "dataSourceName": "AzureLocations"
        }
    ],
    "execution": {
        "PowerShell3": {
            "target": "$(currentDirectory)\\CosmosDB.ps1",
            "argumentFormat": "",
            "workingDirectory": "$(System.DefaultWorkingDirectory)"
        }
    }
}