{
    "$schema": "https://schema.management.azure.com/schemas/2015-01-01/deploymentTemplate.json#",
    "contentVersion": "1.0.0.0",
    "parameters": {
        "workerPool": {
            "type": "string",
            "allowedValues": [
                "1",
                "2",
                "3"
            ],
            "defaultValue": 0,
            "metadata": {
                "description": "Defines which worker pool's (WP1, WP2 or WP3) resources will be used for the app service plan."
            }
        },
        "numberOfWorkersFromWorkerPool": {
            "type": "int",
            "defaultValue": 1,
            "metadata": {
                "description": "Defines the number of workers from the worker pool that will be used by the app service plan."
            }
        },
        "workspaceId": {
            "type": "string",
            "metadata": {
                "description": "Log Analytics workspace ID for the Log Analytics workspace to which logs will be sent."
            }
        },
        "azureRegion": {
            "type": "string",
            "metadata": {
                "description": "The region for the application"
            }
        },
        "logsRetentionDays": {
            "type": "int",
            "defaultValue": 0,
            "metadata": {
                "description": "Defines the number of logs retention days"
            }
        },
        "ASEName": {
            "type": "string",
            "metadata": {
                "description": "The name of the Application Service Environmnet used by the Service Plan."
            }
        },
        "ASErgName": {
            "type": "string",
            "metadata": {
                "description": "The name of the resource group that hosts the ASE."
            }
        },
        "AppservicePlan": {
            "type": "string",
            "metadata": {
                "description": "The name of the app service plan"
            }
        }
    },
    "variables": {
        "appServiceEnvironmentName": "[parameters('ASEName')]",
        "appServiceEnvironmentRgName": "[parameters('ASErgName')]",
        "azureRegion": "[parameters('azureRegion')]",
        "webApp": {
            "servicePlan": "[parameters('AppservicePlan')]",
            "workerPool": "[parameters('workerPool')]",
            "numberOfWorkersFromWorkerPool": "[parameters('numberOfWorkersFromWorkerPool')]"
        },
        "OMS": {
            "ID": "[parameters('workspaceId')]",
            "logRetention": "[parameters('logsRetentionDays')]",
            "logsRetentionEnabled": "[if(equals(parameters('logsRetentionDays'), 0), 'False', 'True')]"
        }
    },
    "resources": [
        {
            "type": "Microsoft.Web/serverfarms",
            "apiVersion": "2016-09-01",
            "name": "[variables('webApp').servicePlan]",
            "location": "[variables('azureRegion')]",
            "properties": {
                "hostingEnvironmentProfile": {
                    "id": "[resourceId(variables('appServiceEnvironmentRgName'),'Microsoft.Web/hostingEnvironments',variables('appServiceEnvironmentName'))]"
                }
            },
            "sku": {
                "name": "[concat('I',variables('webApp').workerPool)]",
                "tier": "Premium",
                "size": "[concat('I',variables('webApp').workerPool)]",
                "family": "I",
                "capacity": "[variables('webApp').numberOfWorkersFromWorkerPool]"
            },
            "dependsOn": [],
            "resources": [
                {
                    "type": "providers/diagnosticSettings",
                    "apiVersion": "2017-05-01-preview",
                    "name": "[concat('Microsoft.Insights/', 'service')]",
                    "dependsOn": [
                        "[resourceId('Microsoft.Web/serverfarms', variables('webApp').servicePlan)]"
                    ],
                    "properties": {
                        "name": "service",
                        "workspaceId": "[variables('OMS').ID]",
                        "metrics": [
                            {
                                "category": "AllMetrics",
                                "enabled": "True",
                                "retentionPolicy": {
                                    "days": "[variables('OMS').logRetention]",
                                    "enabled": "[variables('OMS').logsRetentionEnabled]"
                                }
                            }
                        ]
                    }
                }
            ]
        }
    ],
    "outputs": {
    }
}