{
    "id": "6cb606a2-7d10-4876-9516-36226030f7ee",
    "name": "SqlDatabase",
    "friendlyName": "SCM - Azure SQL Database",
    "description": "Azure DevOps task to create/modify/delete an Azure SQL Database.",
    "helpMarkDown": "[Learn more about this task](http://tfs.deloitte.com:8080/tfs/DAS%20Public/_git/ADO%20Extensions?path=%2FsqlDatabase.md)",
    "category": "Azure Pipelines",
    "author": "SCM Platform Management",
    "version": {
        "Major": 1,
        "Minor": 0,
        "Patch": 49
    },
    "instanceNameFormat": "Create/Update Sql Database: $(ProjectCode)",
    "groups": [
        {
            "name": "Project",
            "displayName": "Project-Specific Information",
            "isExpanded": true
        },
        {
            "name": "SqlServer",
            "displayName": "Sql Server Settings",
            "isExpanded": true
        },
        {
            "name": "ElasticPool",
            "displayName": "Elastic Pool Settings",
            "isExpanded": true
        },
        {
            "name": "FailOverGroup",
            "displayName": "FailOver Group Settings",
            "isExpanded": true
        },
        {
            "name": "LogSettings",
            "displayName": "Log Settings",
            "isExpanded": false
        }
    ],
    "inputs": [
        {
            "name": "ConnectedServiceName",
            "type": "connectedService:AzureRM",
            "label": "Azure RM Subscription",
            "defaultValue": "",
            "required": true,
            "helpMarkDown": "Select the Azure Resource Manager subscription for the deployment."
        },
        {
            "name": "ProjectCode",
            "type": "string",
            "label": "Project Code",
            "required": true,
            "helpMarkDown": "Project Code must be between 3-6 characters.",
            "groupName": "Project",
            "validation": {
                "expression": "isMatch(value, '^[0-9a-z]{3,6}$', 'IgnoreCase')",
                "message": "Project Code must be between 3-6 characters."
            }
        },
        {
            "name": "DatabaseNames",
            "type": "multiline",
            "label": "Azure SQL Database Names",
            "required": true,
            "helpMarkDown": "Please input one or more Azure SQL Database name.",
            "groupName": "Project"
        },
        {
            "name": "ResourceGroupName",
            "type": "pickList",
            "label": "Resource Group",
            "required": true,
            "helpMarkDown": "Please select or input Azure resource group.",
            "groupName": "SqlServer",
            "properties": {
                "EditableOptions": "True"
            }
        },
        {
            "name": "AzureRegion",
            "type": "pickList",
            "label": "Azure Region",
            "defaultValue": "East US",            
            "required": true,
            "helpMarkDown": "Please select Azure Region for resource deployment.",
            "groupName": "SqlServer",
            "properties": {
                "EditableOptions": "True"
            }
        },
        {
            "name": "SqlServerName",
            "type": "pickList",
            "label": "Azure SQL Server Name",
            "required": true,
            "helpMarkDown": "Please input Azure SQL Server name.",
            "groupName": "SqlServer"
        },
        {
            "name": "ElasticPoolEdition",
            "type": "pickList",
            "label": "Elastic Pool Edition",
            "defaultValue": "Standard",
            "required": false,
            "helpMarkDown": "Please select Elastic Pool Edition.",
            "options": {
                "Standard": "Standard",
                "Premium": "Premium"
            },
            "groupName": "ElasticPool"
        },
        {
            "name": "ElasticPoolDtuStandard",
            "type": "pickList",
            "label": "Elastic Pool DTU",
            "visibleRule": "ElasticPoolEdition=Standard",            
            "required": false,
            "options": {
                "50": "50",
                "100": "100",
                "200": "200",
                "300": "300",
                "400": "400",
                "800": "800",
                "1200": "1200",
                "1600": "1600",
                "2000": "2000",
                "2500": "2500",
                "3000": "3000"
            },
            "helpMarkDown": "Please input Elastic Pool DTU.",
            "groupName": "ElasticPool"
        },
        {
            "name": "ElasticPoolDtuPremium",
            "type": "pickList",
            "label": "Elastic Pool DTU",
            "visibleRule": "ElasticPoolEdition=Premium",            
            "required": false,
            "options": {
                "125": "125",
                "250": "250",
                "500": "500",
                "1000": "1000",
                "1500": "1500",
                "2000": "2000",
                "2500": "2500",
                "3000": "3000",
                "3500": "3500",
                "4000": "4000"
            },
            "helpMarkDown": "Please input Elastic Pool DTU.",
            "groupName": "ElasticPool"
        },
        {
            "name": "ElasticPoolDatabaseDtuMinS50",
            "type": "picklist",
            "label": "Elastic Pool Database DTU Minimum",            
            "visibleRule": "ElasticPoolEdition=Standard && ElasticPoolDtuStandard=50",            
            "required": false,
            "options": {
                "0": "0",
                "10": "10",
                "20": "20",
                "50": "50"
            },
            "helpMarkDown": "Please input Elastic Pool Database DTU minimum.",
            "groupName": "ElasticPool"
        },
        {
            "name": "ElasticPoolDatabaseDtuMaxS50",
            "type": "picklist",
            "label": "Elastic Pool Database DTU Maximum",            
            "visibleRule": "ElasticPoolEdition=Standard && ElasticPoolDtuStandard=50",            
            "required": false,
            "options": {
                "10": "10",
                "20": "20",
                "50": "50"
            },
            "helpMarkDown": "Please input Elastic Pool Database DTU maximum.",
            "groupName": "ElasticPool"
        },
        {
            "name": "ElasticPoolDatabaseDtuMinS100",
            "type": "picklist",
            "label": "Elastic Pool Database DTU Minimum",            
            "visibleRule": "ElasticPoolEdition=Standard && ElasticPoolDtuStandard=100",            
            "required": false,
            "options": {
                "0": "0",
                "10": "10",
                "20": "20",
                "50": "50",
                "100": "100"
            },
            "helpMarkDown": "Please input Elastic Pool Database DTU minimum.",
            "groupName": "ElasticPool"
        },
        {
            "name": "ElasticPoolDatabaseDtuMaxS100",
            "type": "picklist",
            "label": "Elastic Pool Database DTU Maximum",            
            "visibleRule": "ElasticPoolEdition=Standard && ElasticPoolDtuStandard=100",            
            "required": false,
            "options": {
                "10": "10",
                "20": "20",
                "50": "50",
                "100": "100"
            },
            "helpMarkDown": "Please input Elastic Pool Database DTU maximum.",
            "groupName": "ElasticPool"
        },
        {
            "name": "ElasticPoolDatabaseDtuMinS200",
            "type": "picklist",
            "label": "Elastic Pool Database DTU Minimum",            
            "visibleRule": "ElasticPoolEdition=Standard && ElasticPoolDtuStandard=200",            
            "required": false,
            "options": {
                "0": "0",
                "10": "10",
                "20": "20",
                "50": "50",
                "100": "100",
                "200": "200"
            },
            "helpMarkDown": "Please input Elastic Pool Database DTU minimum.",
            "groupName": "ElasticPool"
        },
        {
            "name": "ElasticPoolDatabaseDtuMaxS200",
            "type": "picklist",
            "label": "Elastic Pool Database DTU Maximum",            
            "visibleRule": "ElasticPoolEdition=Standard && ElasticPoolDtuStandard=200",            
            "required": false,
            "options": {
                "10": "10",
                "20": "20",
                "50": "50",
                "100": "100",
                "200": "200"
            },
            "helpMarkDown": "Please input Elastic Pool Database DTU maximum.",
            "groupName": "ElasticPool"
        },
        {
            "name": "ElasticPoolDatabaseDtuMinS300",
            "type": "picklist",
            "label": "Elastic Pool Database DTU Minimum",            
            "visibleRule": "ElasticPoolEdition=Standard && ElasticPoolDtuStandard=300",            
            "required": false,
            "options": {
                "0": "0",
                "10": "10",
                "20": "20",
                "50": "50",
                "100": "100",
                "200": "200",
                "300": "300"
            },
            "helpMarkDown": "Please input Elastic Pool Database DTU minimum.",
            "groupName": "ElasticPool"
        },
        {
            "name": "ElasticPoolDatabaseDtuMaxS300",
            "type": "picklist",
            "label": "Elastic Pool Database DTU Maximum",            
            "visibleRule": "ElasticPoolEdition=Standard && ElasticPoolDtuStandard=300",            
            "required": false,
            "options": {
                "10": "10",
                "20": "20",
                "50": "50",
                "100": "100",
                "200": "200",
                "300": "300"
            },
            "helpMarkDown": "Please input Elastic Pool Database DTU maximum.",
            "groupName": "ElasticPool"
        },
        {
            "name": "ElasticPoolDatabaseDtuMinS400",
            "type": "picklist",
            "label": "Elastic Pool Database DTU Minimum",            
            "visibleRule": "ElasticPoolEdition=Standard && ElasticPoolDtuStandard=400",            
            "required": false,
            "options": {
                "0": "0",
                "10": "10",
                "20": "20",
                "50": "50",
                "100": "100",
                "200": "200",
                "300": "300",
                "400": "400"
            },
            "helpMarkDown": "Please input Elastic Pool Database DTU minimum.",
            "groupName": "ElasticPool"
        },
        {
            "name": "ElasticPoolDatabaseDtuMaxS400",
            "type": "picklist",
            "label": "Elastic Pool Database DTU Maximum",            
            "visibleRule": "ElasticPoolEdition=Standard && ElasticPoolDtuStandard=400",            
            "required": false,
            "options": {
                "10": "10",
                "20": "20",
                "50": "50",
                "100": "100",
                "200": "200",
                "300": "300",
                "400": "400"
            },
            "helpMarkDown": "Please input Elastic Pool Database DTU maximum.",
            "groupName": "ElasticPool"
        },
        {
            "name": "ElasticPoolDatabaseDtuMinS800",
            "type": "picklist",
            "label": "Elastic Pool Database DTU Minimum",            
            "visibleRule": "ElasticPoolEdition=Standard && ElasticPoolDtuStandard=800",            
            "required": false,
            "options": {
                "0": "0",
                "10": "10",
                "20": "20",
                "50": "50",
                "100": "100",
                "200": "200",
                "300": "300",
                "400": "400",
                "800": "800"
            },
            "helpMarkDown": "Please input Elastic Pool Database DTU minimum.",
            "groupName": "ElasticPool"
        },
        {
            "name": "ElasticPoolDatabaseDtuMaxS800",
            "type": "picklist",
            "label": "Elastic Pool Database DTU Maximum",            
            "visibleRule": "ElasticPoolEdition=Standard && ElasticPoolDtuStandard=800",            
            "required": false,
            "options": {
                "10": "10",
                "20": "20",
                "50": "50",
                "100": "100",
                "200": "200",
                "300": "300",
                "400": "400",
                "800": "800"
            },
            "helpMarkDown": "Please input Elastic Pool Database DTU maximum.",
            "groupName": "ElasticPool"
        },
        {
            "name": "ElasticPoolDatabaseDtuMinS1200",
            "type": "picklist",
            "label": "Elastic Pool Database DTU Minimum",            
            "visibleRule": "ElasticPoolEdition=Standard && ElasticPoolDtuStandard=1200",            
            "required": false,
            "options": {
                "0": "0",
                "10": "10",
                "20": "20",
                "50": "50",
                "100": "100",
                "200": "200",
                "300": "300",
                "400": "400",
                "800": "800",
                "1200": "1200"
            },
            "helpMarkDown": "Please input Elastic Pool Database DTU minimum.",
            "groupName": "ElasticPool"
        },
        {
            "name": "ElasticPoolDatabaseDtuMaxS1200",
            "type": "picklist",
            "label": "Elastic Pool Database DTU Maximum",            
            "visibleRule": "ElasticPoolEdition=Standard && ElasticPoolDtuStandard=1200",            
            "required": false,
            "options": {
                "10": "10",
                "20": "20",
                "50": "50",
                "100": "100",
                "200": "200",
                "300": "300",
                "400": "400",
                "800": "800",
                "1200": "1200"
            },
            "helpMarkDown": "Please input Elastic Pool Database DTU maximum.",
            "groupName": "ElasticPool"
        },
        {
            "name": "ElasticPoolDatabaseDtuMinS1600",
            "type": "picklist",
            "label": "Elastic Pool Database DTU Minimum",            
            "visibleRule": "ElasticPoolEdition=Standard && ElasticPoolDtuStandard=1600",            
            "required": false,
            "options": {
                "0": "0",
                "10": "10",
                "20": "20",
                "50": "50",
                "100": "100",
                "200": "200",
                "300": "300",
                "400": "400",
                "800": "800",
                "1200": "1200",
                "1600": "1600"
            },
            "helpMarkDown": "Please input Elastic Pool Database DTU minimum.",
            "groupName": "ElasticPool"
        },
        {
            "name": "ElasticPoolDatabaseDtuMaxS1600",
            "type": "picklist",
            "label": "Elastic Pool Database DTU Maximum",            
            "visibleRule": "ElasticPoolEdition=Standard && ElasticPoolDtuStandard=1600",            
            "required": false,
            "options": {
                "10": "10",
                "20": "20",
                "50": "50",
                "100": "100",
                "200": "200",
                "300": "300",
                "400": "400",
                "800": "800",
                "1200": "1200",
                "1600": "1600"
            },
            "helpMarkDown": "Please input Elastic Pool Database DTU maximum.",
            "groupName": "ElasticPool"
        },
        {
            "name": "ElasticPoolDatabaseDtuMinS2000",
            "type": "picklist",
            "label": "Elastic Pool Database DTU Minimum",            
            "visibleRule": "ElasticPoolEdition=Standard && ElasticPoolDtuStandard=2000",            
            "required": false,
            "options": {
                "0": "0",
                "10": "10",
                "20": "20",
                "50": "50",
                "100": "100",
                "200": "200",
                "300": "300",
                "400": "400",
                "800": "800",
                "1200": "1200",
                "1600": "1600",
                "2000": "2000"
            },
            "helpMarkDown": "Please input Elastic Pool Database DTU minimum.",
            "groupName": "ElasticPool"
        },
        {
            "name": "ElasticPoolDatabaseDtuMaxS2000",
            "type": "picklist",
            "label": "Elastic Pool Database DTU Maximum",            
            "visibleRule": "ElasticPoolEdition=Standard && ElasticPoolDtuStandard=2000",            
            "required": false,
            "options": {
                "10": "10",
                "20": "20",
                "50": "50",
                "100": "100",
                "200": "200",
                "300": "300",
                "400": "400",
                "800": "800",
                "1200": "1200",
                "1600": "1600",
                "2000": "2000"
            },
            "helpMarkDown": "Please input Elastic Pool Database DTU maximum.",
            "groupName": "ElasticPool"
        },
        {
            "name": "ElasticPoolDatabaseDtuMinS2500",
            "type": "picklist",
            "label": "Elastic Pool Database DTU Minimum",            
            "visibleRule": "ElasticPoolEdition=Standard && ElasticPoolDtuStandard=2500",            
            "required": false,
            "options": {
                "0": "0",
                "10": "10",
                "20": "20",
                "50": "50",
                "100": "100",
                "200": "200",
                "300": "300",
                "400": "400",
                "800": "800",
                "1200": "1200",
                "1600": "1600",
                "2000": "2000",
                "2500": "2500"
            },
            "helpMarkDown": "Please input Elastic Pool Database DTU minimum.",
            "groupName": "ElasticPool"
        },
        {
            "name": "ElasticPoolDatabaseDtuMaxS2500",
            "type": "picklist",
            "label": "Elastic Pool Database DTU Maximum",            
            "visibleRule": "ElasticPoolEdition=Standard && ElasticPoolDtuStandard=2500",            
            "required": false,
            "options": {
                "10": "10",
                "20": "20",
                "50": "50",
                "100": "100",
                "200": "200",
                "300": "300",
                "400": "400",
                "800": "800",
                "1200": "1200",
                "1600": "1600",
                "2000": "2000",
                "2500": "2500"
            },
            "helpMarkDown": "Please input Elastic Pool Database DTU maximum.",
            "groupName": "ElasticPool"
        },
        {
            "name": "ElasticPoolDatabaseDtuMinS3000",
            "type": "picklist",
            "label": "Elastic Pool Database DTU Minimum",            
            "visibleRule": "ElasticPoolEdition=Standard && ElasticPoolDtuStandard=3000",            
            "required": false,
            "options": {
                "0": "0",
                "10": "10",
                "20": "20",
                "50": "50",
                "100": "100",
                "200": "200",
                "300": "300",
                "400": "400",
                "800": "800",
                "1200": "1200",
                "1600": "1600",
                "2000": "2000",
                "2500": "2500",
                "3000": "3000"
            },
            "helpMarkDown": "Please input Elastic Pool Database DTU minimum.",
            "groupName": "ElasticPool"
        },
        {
            "name": "ElasticPoolDatabaseDtuMaxS3000",
            "type": "picklist",
            "label": "Elastic Pool Database DTU Maximum",            
            "visibleRule": "ElasticPoolEdition=Standard && ElasticPoolDtuStandard=3000",            
            "required": false,
            "options": {
                "10": "10",
                "20": "20",
                "50": "50",
                "100": "100",
                "200": "200",
                "300": "300",
                "400": "400",
                "800": "800",
                "1200": "1200",
                "1600": "1600",
                "2000": "2000",
                "2500": "2500",
                "3000": "3000"
            },
            "helpMarkDown": "Please input Elastic Pool Database DTU maximum.",
            "groupName": "ElasticPool"
        },
        {
            "name": "ElasticPoolDatabaseDtuMinP125",
            "type": "picklist",
            "label": "Elastic Pool Database DTU Minimum",            
            "visibleRule": "ElasticPoolEdition=Standard && ElasticPoolDtuPremium=125",            
            "required": false,
            "options": {
                "0": "0",
                "25": "25",
                "50": "50",
                "75": "75",
				"125": "125"
            },
            "helpMarkDown": "Please input Elastic Pool Database DTU minimum.",
            "groupName": "ElasticPool"
        },
        {
            "name": "ElasticPoolDatabaseDtuMaxP125",
            "type": "picklist",
            "label": "Elastic Pool Database DTU Maximum",            
            "visibleRule": "ElasticPoolEdition=Standard && ElasticPoolDtuPremium=125",            
            "required": false,
            "options": {
                "25": "25",
                "50": "50",
                "75": "75",
				"125": "125"
            },
            "helpMarkDown": "Please input Elastic Pool Database DTU maximum.",
            "groupName": "ElasticPool"
        },
    
        {
            "name": "ElasticPoolDatabaseDtuMinP250",
            "type": "picklist",
            "label": "Elastic Pool Database DTU Minimum",            
            "visibleRule": "ElasticPoolEdition=Standard && ElasticPoolDtuPremium=250",            
            "required": false,
            "options": {
				"0": "0",
                "25": "25",
                "50": "50",
                "75": "75",
				"125": "125",
				"250": "250"
            },
            "helpMarkDown": "Please input Elastic Pool Database DTU minimum.",
            "groupName": "ElasticPool"
        },
        {
            "name": "ElasticPoolDatabaseDtuMaxP250",
            "type": "picklist",
            "label": "Elastic Pool Database DTU Maximum",            
            "visibleRule": "ElasticPoolEdition=Standard && ElasticPoolDtuPremium=250",            
            "required": false,
            "options": {
                "25": "25",
                "50": "50",
                "75": "75",
				"125": "125",
				"250": "250"
            },
            "helpMarkDown": "Please input Elastic Pool Database DTU maximum.",
            "groupName": "ElasticPool"
        },
        {
            "name": "ElasticPoolDatabaseDtuMinP500",
            "type": "picklist",
            "label": "Elastic Pool Database DTU Minimum",            
            "visibleRule": "ElasticPoolEdition=Standard && ElasticPoolDtuPremium=500",            
            "required": false,
            "options": {
				"0": "0",
                "25": "25",
                "50": "50",
                "75": "75",
				"125": "125",
				"250": "250",
				"500": "500"
            },
            "helpMarkDown": "Please input Elastic Pool Database DTU minimum.",
            "groupName": "ElasticPool"
        },
        {
            "name": "ElasticPoolDatabaseDtuMaxP500",
            "type": "picklist",
            "label": "Elastic Pool Database DTU Maximum",            
            "visibleRule": "ElasticPoolEdition=Standard && ElasticPoolDtuPremium=500",            
            "required": false,
            "options": {
             "0": "0",
                "25": "25",
                "50": "50",
                "75": "75",
				"125": "125",
				"250": "250",
				"500": "500"
            },
            "helpMarkDown": "Please input Elastic Pool Database DTU maximum.",
            "groupName": "ElasticPool"
        },
        {
            "name": "ElasticPoolDatabaseDtuMinP1000",
            "type": "picklist",
            "label": "Elastic Pool Database DTU Minimum",            
            "visibleRule": "ElasticPoolEdition=Standard && ElasticPoolDtuPremium=1000",            
            "required": false,
            "options": {
                "0": "0",
                "25": "25",
                "50": "50",
                "75": "75",
				"125": "125",
				"250": "250",
				"500": "500",
				"1000": "1000"
            },
            "helpMarkDown": "Please input Elastic Pool Database DTU minimum.",
            "groupName": "ElasticPool"
        },
        {
            "name": "ElasticPoolDatabaseDtuMaxP1000",
            "type": "picklist",
            "label": "Elastic Pool Database DTU Maximum",            
            "visibleRule": "ElasticPoolEdition=Standard && ElasticPoolDtuPremium=1000",            
            "required": false,
            "options": {
                "25": "25",
                "50": "50",
                "75": "75",
				"125": "125",
				"250": "250",
				"500": "500",
				"1000": "1000"
            },
            "helpMarkDown": "Please input Elastic Pool Database DTU maximum.",
            "groupName": "ElasticPool"
        },
        {
            "name": "ElasticPoolDatabaseDtuMinP1500",
            "type": "picklist",
            "label": "Elastic Pool Database DTU Minimum",            
            "visibleRule": "ElasticPoolEdition=Standard && ElasticPoolDtuPremium=1500",            
            "required": false,
            "options": {
                "0": "0",
                "25": "25",
                "50": "50",
                "75": "75",
				"125": "125",
				"250": "250",
				"500": "500",
				"1000": "1000"
            },
            "helpMarkDown": "Please input Elastic Pool Database DTU minimum.",
            "groupName": "ElasticPool"
        },
        {
            "name": "ElasticPoolDatabaseDtuMaxP1500",
            "type": "picklist",
            "label": "Elastic Pool Database DTU Maximum",            
            "visibleRule": "ElasticPoolEdition=Standard && ElasticPoolDtuPremium=1500",            
            "required": false,
            "options": {
                "25": "25",
                "50": "50",
                "75": "75",
				"125": "125",
				"250": "250",
				"500": "500",
				"1000": "1000"
            },
            "helpMarkDown": "Please input Elastic Pool Database DTU maximum.",
            "groupName": "ElasticPool"
        },
        {
            "name": "ElasticPoolDatabaseDtuMinP2000",
            "type": "picklist",
            "label": "Elastic Pool Database DTU Minimum",            
            "visibleRule": "ElasticPoolEdition=Standard && ElasticPoolDtuPremium=2000",            
            "required": false,
            "options": {
                "0": "0",
                "25": "25",
                "50": "50",
                "75": "75",
				"125": "125",
				"250": "250",
				"500": "500",
				"1000": "1000",
				"1750": "1750"
            },
            "helpMarkDown": "Please input Elastic Pool Database DTU minimum.",
            "groupName": "ElasticPool"
        },
        {
            "name": "ElasticPoolDatabaseDtuMaxP2000",
            "type": "picklist",
            "label": "Elastic Pool Database DTU Maximum",            
            "visibleRule": "ElasticPoolEdition=Standard && ElasticPoolDtuPremium=2000",            
            "required": false,
            "options": {
                "25": "25",
                "50": "50",
                "75": "75",
				"125": "125",
				"250": "250",
				"500": "500",
				"1000": "1000",
				"1750": "1750"
            },
            "helpMarkDown": "Please input Elastic Pool Database DTU maximum.",
            "groupName": "ElasticPool"
        },
        {
            "name": "ElasticPoolDatabaseDtuMinP2500",
            "type": "picklist",
            "label": "Elastic Pool Database DTU Minimum",            
            "visibleRule": "ElasticPoolEdition=Standard && ElasticPoolDtuPremium=2500",            
            "required": false,
            "options": {
                "0": "0",
                "25": "25",
                "50": "50",
                "75": "75",
				"125": "125",
				"250": "250",
				"500": "500",
				"1000": "1000",
				"1750": "1750"
            },
            "helpMarkDown": "Please input Elastic Pool Database DTU minimum.",
            "groupName": "ElasticPool"
        },
        {
            "name": "ElasticPoolDatabaseDtuMaxP2500",
            "type": "picklist",
            "label": "Elastic Pool Database DTU Maximum",            
            "visibleRule": "ElasticPoolEdition=Standard && ElasticPoolDtuPremium=2500",            
            "required": false,
            "options": {
                "25": "25",
                "50": "50",
                "75": "75",
				"125": "125",
				"250": "250",
				"500": "500",
				"1000": "1000",
				"1750": "1750"
            },
            "helpMarkDown": "Please input Elastic Pool Database DTU maximum.",
            "groupName": "ElasticPool"
        },
        {
            "name": "ElasticPoolDatabaseDtuMinP3000",
            "type": "picklist",
            "label": "Elastic Pool Database DTU Minimum",            
            "visibleRule": "ElasticPoolEdition=Standard && ElasticPoolDtuPremium=3000",            
            "required": false,
            "options": {
                "0": "0",
                "25": "25",
                "50": "50",
                "75": "75",
				"125": "125",
				"250": "250",
				"500": "500",
				"1000": "1000",
				"1750": "1750"
            },
            "helpMarkDown": "Please input Elastic Pool Database DTU minimum.",
            "groupName": "ElasticPool"
        },
        {
            "name": "ElasticPoolDatabaseDtuMaxP3000",
            "type": "picklist",
            "label": "Elastic Pool Database DTU Maximum",            
            "visibleRule": "ElasticPoolEdition=Standard && ElasticPoolDtuPremium=3000",            
            "required": false,
            "options": {
                "25": "25",
                "50": "50",
                "75": "75",
				"125": "125",
				"250": "250",
				"500": "500",
				"1000": "1000",
				"1750": "1750"
            },
            "helpMarkDown": "Please input Elastic Pool Database DTU maximum.",
            "groupName": "ElasticPool"
        },
        {
            "name": "ElasticPoolDatabaseDtuMinP3500",
            "type": "picklist",
            "label": "Elastic Pool Database DTU Minimum",            
            "visibleRule": "ElasticPoolEdition=Standard && ElasticPoolDtuPremium=3500",            
            "required": false,
            "options": {
                "0": "0",
                "25": "25",
                "50": "50",
                "75": "75",
				"125": "125",
				"250": "250",
				"500": "500",
				"1000": "1000",
				"1750": "1750"
            },
            "helpMarkDown": "Please input Elastic Pool Database DTU minimum.",
            "groupName": "ElasticPool"
        },
        {
            "name": "ElasticPoolDatabaseDtuMaxP3500",
            "type": "picklist",
            "label": "Elastic Pool Database DTU Maximum",            
            "visibleRule": "ElasticPoolEdition=Standard && ElasticPoolDtuPremium=3500",            
            "required": false,
            "options": {
                "25": "25",
                "50": "50",
                "75": "75",
				"125": "125",
				"250": "250",
				"500": "500",
				"1000": "1000",
				"1750": "1750"
            },
            "helpMarkDown": "Please input Elastic Pool Database DTU maximum.",
            "groupName": "ElasticPool"
        },
        {
            "name": "ElasticPoolDatabaseDtuMinP4000",
            "type": "picklist",
            "label": "Elastic Pool Database DTU Minimum",            
            "visibleRule": "ElasticPoolEdition=Standard && ElasticPoolDtuPremium=4000",            
            "required": false,
            "options": {
                "0": "0",
                "25": "25",
                "50": "50",
                "75": "75",
				"125": "125",
				"250": "250",
				"500": "500",
				"1000": "1000",
				"1750": "1750",
				"4000": "4000"
            },
            "helpMarkDown": "Please input Elastic Pool Database DTU minimum.",
            "groupName": "ElasticPool"
        },
        {
            "name": "ElasticPoolDatabaseDtuMaxP4000",
            "type": "picklist",
            "label": "Elastic Pool Database DTU Maximum",            
            "visibleRule": "ElasticPoolEdition=Standard && ElasticPoolDtuPremium=4000",            
            "required": false,
            "options": {
                "25": "25",
                "50": "50",
                "75": "75",
				"125": "125",
				"250": "250",
				"500": "500",
				"1000": "1000",
				"1750": "1750",
				"4000": "4000"
            },
            "helpMarkDown": "Please input Elastic Pool Database DTU maximum.",
            "groupName": "ElasticPool"
        },
        {
            "name": "ElasticPoolDatabaseStorageS50",
            "type": "picklist",
            "label": "Elastic Pool Database Storage",            
            "visibleRule": "ElasticPoolEdition=Standard && ElasticPoolDtuStandard=50",            
            "required": false,
            "options": {
                "50": "50",
                "100": "100",
                "150": "150",
                "200": "200",
                "250": "250",
                "300": "300",
                "400": "400",
                "500": "500"
            },
            "helpMarkDown": "Please input Elastic Pool Database Storage amount in GB.",
            "groupName": "ElasticPool"
        },
        {
            "name": "ElasticPoolDatabaseStorageS100",
            "type": "picklist",
            "label": "Elastic Pool Database Storage",            
            "visibleRule": "ElasticPoolEdition=Standard && ElasticPoolDtuStandard=100",            
            "required": false,
            "options": {
                "50": "50",
                "100": "100",
                "150": "150",
                "200": "200",
                "250": "250",
                "300": "300",
                "400": "400",
                "500": "500",
                "750": "750"
            },
            "helpMarkDown": "Please input Elastic Pool Database Storage amount in GB.",
            "groupName": "ElasticPool"
        },
        {
            "name": "ElasticPoolDatabaseStorageS200",
            "type": "picklist",
            "label": "Elastic Pool Database Storage",            
            "visibleRule": "ElasticPoolEdition=Standard && ElasticPoolDtuStandard=200",            
            "required": false,
            "options": {
                "50": "50",
                "100": "100",
                "150": "150",
                "200": "200",
                "250": "250",
                "300": "300",
                "400": "400",
                "500": "500",
                "750": "750",
                "800": "800",
                "1000": "1000"
            },
            "helpMarkDown": "Please input Elastic Pool Database Storage amount in GB.",
            "groupName": "ElasticPool"
        },
        {
            "name": "ElasticPoolDatabaseStorageS300",
            "type": "picklist",
            "label": "Elastic Pool Database Storage",            
            "visibleRule": "ElasticPoolEdition=Standard && ElasticPoolDtuStandard=300",            
            "required": false,
            "options": {
                "50": "50",
                "100": "100",
                "150": "150",
                "200": "200",
                "250": "250",
                "300": "300",
                "400": "400",
                "500": "500",
                "750": "750",
                "800": "800",
                "1000": "1000",
                "1170": "1170",
                "1250": "1250"
            },
            "helpMarkDown": "Please input Elastic Pool Database Storage amount in GB.",
            "groupName": "ElasticPool"
        },
        {
            "name": "ElasticPoolDatabaseStorageS400",
            "type": "picklist",
            "label": "Elastic Pool Database Storage",            
            "visibleRule": "ElasticPoolEdition=Standard && ElasticPoolDtuStandard=400",            
            "required": false,
            "options": {
                "50": "50",
                "100": "100",
                "150": "150",
                "200": "200",
                "250": "250",
                "300": "300",
                "400": "400",
                "500": "500",
                "750": "750",
                "800": "800",
                "1000": "1000",
                "1170": "1170",
                "1250": "1250",
                "1500": "1500"
            },
            "helpMarkDown": "Please input Elastic Pool Database Storage amount in GB.",
            "groupName": "ElasticPool"
        },
        {
            "name": "ElasticPoolDatabaseStorageS800",
            "type": "picklist",
            "label": "Elastic Pool Database Storage",            
            "visibleRule": "ElasticPoolEdition=Standard && ElasticPoolDtuStandard=800",            
            "required": false,
            "options": {
                "50": "50",
                "100": "100",
                "150": "150",
                "200": "200",
                "250": "250",
                "300": "300",
                "400": "400",
                "500": "500",
                "750": "750",
                "800": "800",
                "1000": "1000",
                "1170": "1170",
                "1250": "1250",
                "1500": "1500",
                "1560": "1560",
                "1750": "1750",
                "1950": "1950",
                "2000": "2000"
            },
            "helpMarkDown": "Please input Elastic Pool Database Storage amount in GB.",
            "groupName": "ElasticPool"
        },
        {
            "name": "ElasticPoolDatabaseStorageS1200",
            "type": "picklist",
            "label": "Elastic Pool Database Storage",            
            "visibleRule": "ElasticPoolEdition=Standard && ElasticPoolDtuStandard=1200",            
            "required": false,
            "options": {
                "50": "50",
                "100": "100",
                "150": "150",
                "200": "200",
                "250": "250",
                "300": "300",
                "400": "400",
                "500": "500",
                "750": "750",
                "800": "800",
                "1000": "1000",
                "1170": "1170",
                "1250": "1250",
                "1500": "1500",
                "1560": "1560",
                "1750": "1750",
                "1950": "1950",
                "2000": "2000",
                "2250": "2250",
                "2440": "2440",
                "2500": "2500"
            },
            "helpMarkDown": "Please input Elastic Pool Database Storage amount in GB.",
            "groupName": "ElasticPool"
        },
        {
            "name": "ElasticPoolDatabaseStorageS1600",
            "type": "picklist",
            "label": "Elastic Pool Database Storage",            
            "visibleRule": "ElasticPoolEdition=Standard && ElasticPoolDtuStandard=1600",            
            "required": false,
            "options": {
                "50": "50",
                "100": "100",
                "150": "150",
                "200": "200",
                "250": "250",
                "300": "300",
                "400": "400",
                "500": "500",
                "750": "750",
                "800": "800",
                "1000": "1000",
                "1170": "1170",
                "1250": "1250",
                "1500": "1500",
                "1560": "1560",
                "1750": "1750",
                "1950": "1950",
                "2000": "2000",
                "2250": "2250",
                "2440": "2440",
                "2500": "2500",
                "2750": "2750",
                "2930": "2930",
                "3000": "3000"
            },
            "helpMarkDown": "Please input Elastic Pool Database Storage amount in GB.",
            "groupName": "ElasticPool"
        },
        {
            "name": "ElasticPoolDatabaseStorageS2000",
            "type": "picklist",
            "label": "Elastic Pool Database Storage",            
            "visibleRule": "ElasticPoolEdition=Standard && ElasticPoolDtuStandard=2000",            
            "required": false,
            "options": {
                "50": "50",
                "100": "100",
                "150": "150",
                "200": "200",
                "250": "250",
                "300": "300",
                "400": "400",
                "500": "500",
                "750": "750",
                "800": "800",
                "1000": "1000",
                "1170": "1170",
                "1250": "1250",
                "1500": "1500",
                "1560": "1560",
                "1750": "1750",
                "1950": "1950",
                "2000": "2000",
                "2250": "2250",
                "2440": "2440",
                "2500": "2500",
                "2750": "2750",
                "2930": "2930",
                "3000": "3000",
                "3250": "3250",
                "3500": "3500"
            },
            "helpMarkDown": "Please input Elastic Pool Database Storage amount in GB.",
            "groupName": "ElasticPool"
        },
        {
            "name": "ElasticPoolDatabaseStorageS2500",
            "type": "picklist",
            "label": "Elastic Pool Database Storage",            
            "visibleRule": "ElasticPoolEdition=Standard && ElasticPoolDtuStandard=2500",            
            "required": false,
            "options": {
                "50": "50",
                "100": "100",
                "150": "150",
                "200": "200",
                "250": "250",
                "300": "300",
                "400": "400",
                "500": "500",
                "750": "750",
                "800": "800",
                "1000": "1000",
                "1170": "1170",
                "1250": "1250",
                "1500": "1500",
                "1560": "1560",
                "1750": "1750",
                "1950": "1950",
                "2000": "2000",
                "2250": "2250",
                "2440": "2440",
                "2500": "2500",
                "2750": "2750",
                "2930": "2930",
                "3000": "3000",
                "3250": "3250",
                "3500": "3500",
                "3750": "3750",
                "4000": "4000"
            },
            "helpMarkDown": "Please input Elastic Pool Database Storage amount in GB.",
            "groupName": "ElasticPool"
        },
        {
            "name": "ElasticPoolDatabaseStorageS3000",
            "type": "picklist",
            "label": "Elastic Pool Database Storage",            
            "visibleRule": "ElasticPoolEdition=Standard && ElasticPoolDtuStandard=3000",            
            "required": false,
            "options": {
                "50": "50",
                "100": "100",
                "150": "150",
                "200": "200",
                "250": "250",
                "300": "300",
                "400": "400",
                "500": "500",
                "750": "750",
                "800": "800",
                "1000": "1000",
                "1170": "1170",
                "1250": "1250",
                "1500": "1500",
                "1560": "1560",
                "1750": "1750",
                "1950": "1950",
                "2000": "2000",
                "2250": "2250",
                "2440": "2440",
                "2500": "2500",
                "2750": "2750",
                "2930": "2930",
                "3000": "3000",
                "3250": "3250",
                "3500": "3500",
                "3750": "3750",
                "4000": "4000"
            },
            "helpMarkDown": "Please input Elastic Pool Database Storage amount in GB.",
            "groupName": "ElasticPool"
        },
        {
            "name": "ElasticPoolDatabaseStorageP125",
            "type": "picklist",
            "label": "Elastic Pool Database Storage",            
            "visibleRule": "ElasticPoolEdition=Premium && ElasticPoolDtuPremium=125",            
            "required": false,
            "options": {
                "50": "50",
                "100": "100",
                "150": "150",
                "200": "200",
                "250": "250",
                "300": "300",
                "400": "400",
                "500": "500",
                "750": "750",
                "800": "800",
                "1000": "1000"
            },
            "helpMarkDown": "Please input Elastic Pool Database Storage amount in GB.",
            "groupName": "ElasticPool"
        },
        {
            "name": "ElasticPoolDatabaseStorageP250",
            "type": "picklist",
            "label": "Elastic Pool Database Storage",            
            "visibleRule": "ElasticPoolEdition=Premium && ElasticPoolDtuPremium=250",            
            "required": false,
            "options": {
                "50": "50",
                "100": "100",
                "150": "150",
                "200": "200",
                "250": "250",
                "300": "300",
                "400": "400",
                "500": "500",
                "750": "750",
                "800": "800",
                "1000": "1000"
            },
            "helpMarkDown": "Please input Elastic Pool Database Storage amount in GB.",
            "groupName": "ElasticPool"
        },
        {
            "name": "ElasticPoolDatabaseStorageP500",
            "type": "picklist",
            "label": "Elastic Pool Database Storage",            
            "visibleRule": "ElasticPoolEdition=Premium && ElasticPoolDtuPremium=500",            
            "required": false,
            "options": {
                "50": "50",
                "100": "100",
                "150": "150",
                "200": "200",
                "250": "250",
                "300": "300",
                "400": "400",
                "500": "500",
                "750": "750",
                "800": "800",
                "1000": "1000"
            },
            "helpMarkDown": "Please input Elastic Pool Database Storage amount in GB.",
            "groupName": "ElasticPool"
        },
        {
            "name": "ElasticPoolDatabaseStorageP1000",
            "type": "picklist",
            "label": "Elastic Pool Database Storage",            
            "visibleRule": "ElasticPoolEdition=Premium && ElasticPoolDtuPremium=1000",            
            "required": false,
            "options": {
                "50": "50",
                "100": "100",
                "150": "150",
                "200": "200",
                "250": "250",
                "300": "300",
                "400": "400",
                "500": "500",
                "750": "750",
                "800": "800",
                "1000": "1000"
            },
            "helpMarkDown": "Please input Elastic Pool Database Storage amount in GB.",
            "groupName": "ElasticPool"
        },
        {
            "name": "ElasticPoolDatabaseStorageP1500",
            "type": "picklist",
            "label": "Elastic Pool Database Storage",            
            "visibleRule": "ElasticPoolEdition=Premium && ElasticPoolDtuPremium=1500",            
            "required": false,
            "options": {
                "50": "50",
                "100": "100",
                "150": "150",
                "200": "200",
                "250": "250",
                "300": "300",
                "400": "400",
                "500": "500",
                "750": "750",
                "800": "800",
                "1000": "1000",
                "1170": "1170",
                "1250": "1250",
                "1500": "1500"
            },
            "helpMarkDown": "Please input Elastic Pool Database Storage amount in GB.",
            "groupName": "ElasticPool"
        },
        {
            "name": "ElasticPoolDatabaseStorageP2000",
            "type": "picklist",
            "label": "Elastic Pool Database Storage",            
            "visibleRule": "ElasticPoolEdition=Premium && ElasticPoolDtuPremium=2000",            
            "required": false,
            "options": {
                "50": "50",
                "100": "100",
                "150": "150",
                "200": "200",
                "250": "250",
                "300": "300",
                "400": "400",
                "500": "500",
                "750": "750",
                "800": "800",
                "1000": "1000",
                "1170": "1170",
                "1250": "1250",
                "1500": "1500",
                "1560": "1560",
                "1750": "1750",
                "1950": "1950",
                "2000": "2000"
            },
            "helpMarkDown": "Please input Elastic Pool Database Storage amount in GB.",
            "groupName": "ElasticPool"
        },
        {
            "name": "ElasticPoolDatabaseStorageP2500",
            "type": "picklist",
            "label": "Elastic Pool Database Storage",            
            "visibleRule": "ElasticPoolEdition=Premium && ElasticPoolDtuPremium=2500",            
            "required": false,
            "options": {
                "50": "50",
                "100": "100",
                "150": "150",
                "200": "200",
                "250": "250",
                "300": "300",
                "400": "400",
                "500": "500",
                "750": "750",
                "800": "800",
                "1000": "1000",
                "1170": "1170",
                "1250": "1250",
                "1500": "1500",
                "1560": "1560",
                "1750": "1750",
                "1950": "1950",
                "2000": "2000",
                "2250": "2250",
                "2440": "2440",
                "2500": "2500"
            },
            "helpMarkDown": "Please input Elastic Pool Database Storage amount in GB.",
            "groupName": "ElasticPool"
        },
        {
            "name": "ElasticPoolDatabaseStorageP3000",
            "type": "picklist",
            "label": "Elastic Pool Database Storage",            
            "visibleRule": "ElasticPoolEdition=Premium && ElasticPoolDtuPremium=3000",            
            "required": false,
            "options": {
                "50": "50",
                "100": "100",
                "150": "150",
                "200": "200",
                "250": "250",
                "300": "300",
                "400": "400",
                "500": "500",
                "750": "750",
                "800": "800",
                "1000": "1000",
                "1170": "1170",
                "1250": "1250",
                "1500": "1500",
                "1560": "1560",
                "1750": "1750",
                "1950": "1950",
                "2000": "2000",
                "2250": "2250",
                "2440": "2440",
                "2500": "2500",
                "2750": "2750",
                "2930": "2930",
                "3000": "3000"
            },
            "helpMarkDown": "Please input Elastic Pool Database Storage amount in GB.",
            "groupName": "ElasticPool"
        },
        {
            "name": "ElasticPoolDatabaseStorageP3500",
            "type": "picklist",
            "label": "Elastic Pool Database Storage",            
            "visibleRule": "ElasticPoolEdition=Premium && ElasticPoolDtuPremium=3500",            
            "required": false,
            "options": {
                "50": "50",
                "100": "100",
                "150": "150",
                "200": "200",
                "250": "250",
                "300": "300",
                "400": "400",
                "500": "500",
                "750": "750",
                "800": "800",
                "1000": "1000",
                "1170": "1170",
                "1250": "1250",
                "1500": "1500",
                "1560": "1560",
                "1750": "1750",
                "1950": "1950",
                "2000": "2000",
                "2250": "2250",
                "2440": "2440",
                "2500": "2500",
                "2750": "2750",
                "2930": "2930",
                "3000": "3000",
                "3250": "3250",
                "3500": "3500"
            },
            "helpMarkDown": "Please input Elastic Pool Database Storage amount in GB.",
            "groupName": "ElasticPool"
        },
        {
            "name": "ElasticPoolDatabaseStorageP4000",
            "type": "picklist",
            "label": "Elastic Pool Database Storage",            
            "visibleRule": "ElasticPoolEdition=Premium && ElasticPoolDtuPremium=4000",            
            "required": false,
            "options": {
                "50": "50",
                "100": "100",
                "150": "150",
                "200": "200",
                "250": "250",
                "300": "300",
                "400": "400",
                "500": "500",
                "750": "750",
                "800": "800",
                "1000": "1000",
                "1170": "1170",
                "1250": "1250",
                "1500": "1500",
                "1560": "1560",
                "1750": "1750",
                "1950": "1950",
                "2000": "2000",
                "2250": "2250",
                "2440": "2440",
                "2500": "2500",
                "2750": "2750",
                "2930": "2930",
                "3000": "3000",
                "3250": "3250",
                "3500": "3500",
                "3750": "3750",
                "4000": "4000"
            },
            "helpMarkDown": "Please input Elastic Pool Database Storage amount in GB.",
            "groupName": "ElasticPool"
        },
        {
            "name": "FailOverOutput",
            "type": "boolean",
            "label": "Check to create Failover group (usually production only)",
            "defaultValue": "false",
            "required": false,
            "helpMarkDown": "Please enable if you would like to create failover group",
            "groupName": "FailOverGroup"
        },
        {
            "name": "SecondarySQLrg",
            "type": "pickList",
            "label": "Resource Group for Secondary SQL Server",
            "required": false,
            "helpMarkDown": "Please select or input name of Resource Group for secondary sql server for failover group",
            "groupName": "FailOverGroup",
            "visibleRule": "FailOverOutput=true",
            "properties": {
                "EditableOptions": "True"
            }
        },
        {
            "name": "SecondarySQLname",
            "type": "pickList",
            "label": "Secondary SQL Server Name",
            "required": false,
            "helpMarkDown": "Please select or input name of secondary sql server for failover group",
            "groupName": "FailOverGroup",
            "visibleRule": "FailOverOutput=true",
            "properties": {
                "EditableOptions": "True"
            }
        },
        {
            "name": "LogRetentionDays",
            "type": "int",
            "label": "Log Retention Days",
            "defaultValue": "90",
            "required": false,
            "helpMarkDown": "Defines the number of log retention days.",
            "groupName": "LogSettings"
        }
    ],
    "dataSourceBindings": [
        {
            "target": "ResourceGroupName",
            "endpointId": "$(ConnectedServiceName)",
            "dataSourceName": "AzureResourceGroups"
        },
        {
            "target": "SqlServerName",
            "endpointId": "$(ConnectedServiceName)",
            "dataSourceName": "AzureRMResourcesInRGBasedOnType",
            "parameters": {
                "ResourceGroupName": "$(ResourceGroupName)",
                "ResourceType": "Microsoft.Sql/servers"
            },
            "resultTemplate": "{\"Value\": \"{{{name}}}\", \"DisplayValue\": \"{{{name}}}\" }"
        },
        {
            "target": "SecondarySQLrg",
            "endpointId": "$(ConnectedServiceName)",
            "dataSourceName": "AzureResourceGroups"
        },
        {
            "target": "SecondarySQLname",
            "endpointId": "$(ConnectedServiceName)",
            "dataSourceName": "AzureRMResourcesInRGBasedOnType",
            "parameters": {
                "ResourceGroupName": "$(ResourceGroupName)",
                "ResourceType": "Microsoft.Sql/servers"
            },
            "resultTemplate": "{\"Value\": \"{{{name}}}\", \"DisplayValue\": \"{{{name}}}\" }"
        },
        {
            "target": "AzureRegion",
            "endpointId": "$(ConnectedServiceName)",
            "dataSourceName": "AzureLocations"
        }
    ],
    "execution": {
        "PowerShell3": {
            "target": "$(currentDirectory)\\SqlDatabase.ps1",
            "argumentFormat": "",
            "workingDirectory": "$(System.DefaultWorkingDirectory)"
        }
    },
    "OutputVariables": [
        {
            "name" : "DatabaseName",
            "description" : "This name of the database."
        }
    ]
}