{
    "$schema": "https://schema.management.azure.com/schemas/2015-01-01/deploymentTemplate.json#",
    "contentVersion": "1.0.0.0",
    "parameters": {
        "azureRegion": {
            "type": "string",
            "metadata": {
                "description": "Azure Region"
            }
        },
        "workspaceId": {
            "type": "string",
            "metadata": {
                "description": "Log Analytics workspace ID for the Log Analytics workspace to which logs will be sent."
            }
        },
        "logsRetentionDays": {
            "type": "int",
            "defaultValue": 0,
            "metadata": {
                "description": "Defines the number of logs retention days"
            }
        },
        "ASEName": {
            "type": "string",
            "metadata": {
                "description": "The name of the Application Service Environmnet used by the Service Plan."
            }
        },
        "ASErgName": {
            "type": "string",
            "metadata": {
                "description": "The name of the resource group that hosts the ASE."
            }
        },
        "functionName": {
            "type": "string",
            "metadata": {
                "description": "The root name of the web application that is created."
            }
        },
        "appServicePlan": {
            "type": "string",
            "metadata": {
                "description": "The root name of the web application that is created."
            }
        },
        "AIname": {
            "type": "string",
            "metadata": {
                "description": "The name of the AI instance."
            }
        },
        "AIInstrumentationKey": {
            "type": "string",
            "metadata": {
                "description": "The instrumentation key for the AI instance."
            }
        },
        "storageAccountName": {
            "type": "string",
            "metadata": {
                "description": "The name of the storage account assosicated with function."
            }
        },
        "AIenabled": {
            "type": "bool",
            "metadata": {
                "description": "The setting to show if Application Insights needs to be created."
            }
        }
    },
    "variables": {

        "appServiceEnvironmentName": "[parameters('ASEName')]",
        "appServiceEnvironmentRgName": "[parameters('ASErgName')]",
        "location": "[parameters('azureRegion')]",
        "func": {
            "name": "[parameters('functionName')]",
            "servicePlan": "[parameters('appServicePlan')]"
        },
        "OMS": {
            "ID": "[parameters('workspaceId')]",
            "logRetention": "[parameters('logsRetentionDays')]",
            "logsRetentionEnabled": "[if(equals(parameters('logsRetentionDays'), 0), 'False', 'True')]"
        },
       "appInsights": {
           "name" : "[parameters('AIname')]",
           "enabled" : "[parameters('AIenabled')]",
           "key" : "[parameters('AIInstrumentationKey')]"
       },
       "storageAccountName" : "[parameters('storageAccountName')]"
    },
    "resources": [
        {
            "type": "Microsoft.Web/sites",
            "apiVersion": "2018-11-01",
            "kind": "functionapp",
            "name": "[variables('func').name]",
            "location": "[variables('location')]",
            "identity": {
                "type": "SystemAssigned"
            },
            "properties": {
                "enabled": "True",
                "serverFarmId": "[resourceId('Microsoft.Web/serverFarms',variables('func').servicePlan)]",
                "hostingEnvironmentProfile": {
                    "id": "[resourceId(variables('appServiceEnvironmentRgName'),'Microsoft.Web/hostingEnvironments',variables('appServiceEnvironmentName'))]"
                },
                "siteConfig": {
                    "netFrameworkVersion": "v4.7",
                    "phpVersion": "",
                    "pythonVersion": "",
                    "javaVersion": "",
                    "nodeVersion": "",
                    "linuxFxVersion": "",
                    "use32BitWorkerProcess": "False",
                    "webSocketsEnabled": "False",
                    "alwaysOn": "True",
                    "managedPipelineMode": "Integrated",
                    "remoteDebuggingEnabled": "False",
                    "appSettings": [
                        {
                            "name": "[if(variables('appInsights').enabled, 'APPINSIGHTS_INSTRUMENTATIONKEY', 'placeholder')]",
                            "value": "[if(variables('appInsights').enabled, variables('appInsights').key, 'placeholder')]"
                        },
                        {
                            "name": "FUNCTIONS_WORKER_RUNTIME",
                            "value": "dotnet"
                        },
                        {
                            "name": "FUNCTIONS_EXTENSION_VERSION",
                            "value": "~2"
                        },
                        {
                            "name": "AzureWebJobsStorage",
                            "value": "[concat('DefaultEndpointsProtocol=https;AccountName=', variables('storageAccountName'), ';AccountKey=', listKeys(resourceId(subscription().subscriptionId,resourceGroup().name,'Microsoft.Storage/storageAccounts', variables('storageAccountName')),'2015-05-01-preview').key1)]"
                        }
                    ], 
                    "minTlsVersion": "1.2"
                },
                "clientAffinityEnabled": "False",
                "managedServiceIdentityId": "",
                "httpsOnly": "TrumanagedServiceIdentityIde",
                "push": "",
                "localMySqlEnabled": "False",
                "apiDefinition": "",
                "cors": ""
            },
            "resources": [
                {
                    "type": "siteextensions",
                    "apiVersion": "2018-11-01",
                    "name": "Microsoft.ApplicationInsights.AzureWebSites",
                    "dependsOn": [
                        "[concat('Microsoft.Web/sites/', variables('func').name)]"
                    ],
                    "properties": {}
                },
                {
                    "type": "providers/diagnosticSettings",
                    "apiVersion": "2017-05-01-preview",
                    "name": "[concat('Microsoft.Insights/', 'service')]",
                    "dependsOn": [
                        "[resourceId('Microsoft.Web/sites', variables('func').name)]"
                    ],
                    "properties": {
                        "name": "service",
                        "workspaceId": "[variables('OMS').ID]",
                        "metrics": [
                            {
                                "category": "AllMetrics",
                                "enabled": "True",
                                "retentionPolicy": {
                                    "days": "[variables('OMS').logRetention]",
                                    "enabled": "[variables('OMS').logsRetentionEnabled]"
                                }
                            }
                        ]
                    }
                }
            ]
        }
    ],
    "outputs": {
    }
}