{
    "$schema": "https://schema.management.azure.com/schemas/2015-01-01/deploymentParameters.json#",
    "contentVersion": "1.0.0.0",
    "parameters": {
        "functionCode": {
            "value": "ena"
        },
        "projectCode": {
            "value": "*** Enter 3 to 6 digit project code"
        },
        "serviceCode": {
            "value": "app"
        },
        "environmentCode": {
            "value": "dev"
        },
        "region1LocationName": {
            "value": "EastUS"
        },
        "region2LocationName": {
            "value": "WestUS"
        },
        "app1region1LbIP": {
            "value": "** LB IP Address goes here**"
        },
        "app1region2LbIP": {
            "value": "n/a"
        },
        "app1VmCountInEachRegion": {
            "value": 2
        },
        "app1Region1VmName": {
            "value": [
                "USAZU****",
                "USAZU****"
            ]
        },
        "app1Region2VmName": {
            "value": [
                "GEN-UNIQUE",
                "GEN-UNIQUE2"
            ]
        },
        "app1AdminUserName": {
            "reference": {
                "keyVault": {
                    "id": "/subscriptions/**Subscription ID goes here **/resourceGroups/** Shared KV Resource Group goes here **/providers/Microsoft.KeyVault/vaults/** Shared KV name goes here **"
                },
                "secretName": "****(KeyVault secret name for Admin username) "
            }
        },
        "app1AdminUserPassword": {
            "reference": {
                "keyVault": {
                    "id": "/subscriptions/**Subscription ID goes here **/resourceGroups/** Shared KV Resource Group goes here **/providers/Microsoft.KeyVault/vaults/** Shared KV name goes here **"
                },
                "secretName": "****(Keyvault secret name for Admin Password)"
            }
        },
        "keyVaultId": {
            "value": [
                "/subscriptions/**Subscription ID goes here **/resourceGroups/** KV Resource Group goes here **/providers/Microsoft.KeyVault/vaults/** KV name goes here **",
                "/subscriptions/**Subscription ID goes here **/resourceGroups/** KV Resource Group goes here **/providers/Microsoft.KeyVault/vaults/** KV name goes here **"
            ]
        },
        "keyVault2Id": {
            "value": [
                "/subscriptions/**Subscription ID goes here **/resourceGroups/** KV Resource Group goes here **/providers/Microsoft.KeyVault/vaults/** KV name goes here **",
                "/subscriptions/**Subscription ID goes here **/resourceGroups/** KV Resource Group goes here **/providers/Microsoft.KeyVault/vaults/** KV name goes here **"
            ]
        },
        "app1VmSize": {
            "value": "Standard_D1_v2"
        },
        "app1VmImagePublisher": {
            "value": "MicrosoftWindowsServer"
        },
        "app1VmImageOffer": {
            "value": "WindowsServer"
        },
        "app1VmImageSku": {
            "value": "2016-Datacenter"
        },
        "app1VmImageVersion": {
            "value": "latest"
        },
        "app1VmOsDiskType": {
            "value": "windows"
        },
        "app1VmDataDisk1Type": {
            "value": "StandardSSD_LRS"
        },
        "app1VmDataDisk1Size": {
            "value": "128"
        },
        "app1region1LbSubnetId": {
            "value": "/subscriptions/**Subscription ID goes here **/resourceGroups/** project KV Resource Group goes here **/providers/Microsoft.Network/virtualNetworks/** Virtual Network Name goes here **/subnets/** subnet Name goes here **"
        },
        "app1region2LbSubnetId": {
            "value": "n/a"
        },
        "projectKeyVaultId": {
            "value": "/subscriptions/**Subscription ID goes here **/resourceGroups/** project KV Resource Group goes here **/providers/Microsoft.KeyVault/vaults/** project KV name goes here **"
        },
        "workspaceId": {
            "value": "/subscriptions/**Subscription ID goes here **/resourcegroups/*** US_Function Name_PREPROD or PROD RG/providers/Microsoft.OperationalInsights/workspaces/**workspace name here"
        },
        "logsRetentionDays": {
            "value": 90
        }
    }
}