{
    "$schema": "https://schema.management.azure.com/schemas/2015-01-01/deploymentTemplate.json#",
    "contentVersion": "1.0.0.0",
    "parameters": {
        "functionCode": {
            "type": "string",
            "metadata": {
                "description": "The function 3 digits code"
            },
            "allowedValues": [
                "con",
                "ena",
                "adv",
                "aud"
            ]
        },
        "projectCode": {
            "type": "string",
            "metadata": {
                "description": "The project 3 digits code"
            }
        },
        "serviceCode": {
            "type": "string",
            "metadata": {
                "description": "The project 3 digits code"
            }
        },
        "environmentCode": {
            "type": "string",
            "metadata": {
                "description": "The environment 3 digits code"
            },
            "allowedValues": [
                "dev",
                "qas",
                "lod",
                "stg",
                "prd",
                "bcp"
            ]
        },
        "region1LocationName": {
            "defaultValue": "EastUS",
            "allowedValues": [
                "EastUS",
                "EastUS2",
                "Central US",
                "NorthCentralUS",
                "SouthCentralUS",
                "WestCentralUS",
                "WestUS",
                "WestUS2",
                "USGovVirginia",
                "USGovIowa",
                "CanadaEast",
                "CanadaCentral",
                "BrazilSouth",
                "North Europe",
                "WestEurope",
                "GermanyCentral",
                "GermanyNortheast",
                "UKWest",
                "UKSouth",
                "SoutheastAsia",
                "EastAsia",
                "AustraliaEast",
                "AustraliaSoutheast",
                "CentralIndia",
                "WestIndia",
                "SouthIndia",
                "JapanEast",
                "JapanWest",
                "ChinaEast",
                "ChinaNorth"
            ],
            "type": "string",
            "minLength": 1,
            "metadata": {
                "description": "Azure Region valid name"
            }
        },
        "region2LocationName": {
            "defaultValue": "WestUS",
            "allowedValues": [
                "EastUS",
                "EastUS2",
                "Central US",
                "NorthCentralUS",
                "SouthCentralUS",
                "WestCentralUS",
                "WestUS",
                "WestUS2",
                "USGovVirginia",
                "USGovIowa",
                "CanadaEast",
                "CanadaCentral",
                "BrazilSouth",
                "North Europe",
                "WestEurope",
                "GermanyCentral",
                "GermanyNortheast",
                "UKWest",
                "UKSouth",
                "SoutheastAsia",
                "EastAsia",
                "AustraliaEast",
                "AustraliaSoutheast",
                "CentralIndia",
                "WestIndia",
                "SouthIndia",
                "JapanEast",
                "JapanWest",
                "ChinaEast",
                "ChinaNorth"
            ],
            "type": "string",
            "minLength": 1,
            "metadata": {
                "description": "Azure Region valid name"
            }
        },
        "app1region1LbIP": {
            "type": "string",
            "metadata": {
                "description": "Load Balancer Static IP Address"
            }
        },
        "app1region2LbIP": {
            "type": "string",
            "metadata": {
                "description": "Load Balancer Static IP Address"
            }
        },
        "app1region1LbSubnetId": {
            "type": "string",
            "metadata": {
                "description": "Load Balancer Subnet ID"
            }
        },
        "app1region2LbSubnetId": {
            "type": "string",
            "metadata": {
                "description": "Load Balancer Subnet ID"
            }
        },
        "app1VmCountInEachRegion": {
            "type": "int",
            "metadata": {
                "description": "App1 VM Instances Count in Each Region"
            }
        },
        "app1Region1VmName": {
            "type": "array",
            "metadata": {
                "description": "App1 Region 1 VM Names"
            }
        },
        "app1Region2VmName": {
            "type": "array",
            "metadata": {
                "description": "App1 Region 1 VM Names"
            }
        },
        "app1AdminUserName": {
            "type": "securestring",
            "metadata": {
                "description": "Secret for the Admin Username for the VM"
            }
        },
        "app1AdminUserPassword": {
            "type": "securestring",
            "metadata": {
                "description": "Secret for the Admin Username password for the VM"
            }
        },
        "app1VmSize": {
            "type": "string",
            "metadata": {
                "description": "Type of the VM size used by the project "
            }
        },
        "app1VmImagePublisher": {
            "type": "string",
            "metadata": {
                "description": "Type of image publisher used by the project "
            }
        },
        "app1VmImageOffer": {
            "type": "string",
            "metadata": {
                "description": " The VM Image offer type by the project"
            }
        },
        "app1VmImageSku": {
            "type": "string",
            "metadata": {
                "description": " The VM Image SKU used by the project"
            }
        },
        "app1VmImageVersion": {
            "type": "string",
            "metadata": {
                "description": "The VM Image Version used by the project"
            }
        },
        "app1VmOsDiskType": {
            "type": "string",
            "metadata": {
                "description": "Input the required OS disk type for the VM "
            }
        },
        "app1VmDataDisk1Type": {
            "type": "string",
            "metadata": {
                "description": "Input the required data disk type for the VM"
            }
        },
        "app1VmDataDisk1Size": {
            "type": "string",
            "metadata": {
                "description": "Input the required data disk size for the VM"
            }
        },
        "projectKeyVaultId": {
            "type": "string",
            "metadata": {
                "description": "The Key Vault used for the project"
            }
        },
        "keyVaultId": {
            "type": "Array",
            "metadata": {
                "description": "keyvaultID"
            }
        },
        "keyVault2Id": {
            "type": "Array",
            "metadata": {
                "description": "keyvaultID"
            }
        },
        "workspaceId": {
            "type": "string",
            "metadata": {
                "description": "Log Analytics workspace ID for the Log Analytics workspace to which logs will be sent."
            }
        },
        "tagValues": {
            "type": "object"
        },
        "logsRetentionDays": {
            "type": "int",
            "defaultValue": 0,
            "metadata": {
                "description": "Defines the number of logs rentetion days"
            }
        }
    },
    "variables": {
        "environment": {
            "dev": {
                "char": "d",
                "subscription": "preprod",
                "cert": "preprod",
                "trafficManagerProfile": "False",
                "bcpLoop": 1
            },
            "qas": {
                "char": "q",
                "subscription": "preprod",
                "cert": "preprod",
                "trafficManagerProfile": "False",
                "bcpLoop": 1
            },
            "lod": {
                "char": "l",
                "subscription": "preprod",
                "cert": "preprod",
                "trafficManagerProfile": "False",
                "bcpLoop": 1
            },
            "stg": {
                "char": "s",
                "subscription": "prod",
                "cert": "stg",
                "trafficManagerProfile": "True",
                "bcpLoop": 1
            },
            "prd": {
                "char": "",
                "subscription": "prod",
                "cert": "prod",
                "trafficManagerProfile": "True",
                "bcpLoop": 2
            },
            "bcp": {
                "char": "",
                "subscription": "prod",
                "cert": "prod",
                "trafficManagerProfile": "True",
                "bcpLoop": 2
            }
        },
        "function": {
            "adv": {
                "fullname": "advisory"
            },
            "ena": {
                "fullname": "enabling"
            },
            "con": {
                "fullname": "consulting"
            },
            "aud": {
                "fullname": "audit"
            }
        },
        "environmentVariable": "[variables('environment')[parameters('environmentCode')]]",
        "functionVariable": "[variables('function')[parameters('functionCode')]]",
        "trafficManagerDnsName": "[concat(variables('environmentVariable').char, parameters('projectCode'), parameters('serviceCode'), '-deloitte')]",
        "app1HostName": [
            "[concat(variables('environmentVariable').char, parameters('projectCode'), parameters('serviceCode'),'-eus.ena.app.deloitte.com')]",
            "[concat(variables('environmentVariable').char, parameters('projectCode'), parameters('serviceCode'),'-wus.ena.app.deloitte.com')]"
        ],
        "app1AsName": [
            "[concat(variables('environmentVariable').char, parameters('projectCode'), parameters('serviceCode'),  '-eus')]",
            "[concat(variables('environmentVariable').char, parameters('projectCode'), parameters('serviceCode'),  '-wus')]"
        ],
        "app1LbName": [
            "[concat(variables('environmentVariable').char, parameters('projectCode'), parameters('serviceCode'),  '-eus')]",
            "[concat(variables('environmentVariable').char, parameters('projectCode'), parameters('serviceCode'),  '-wus')]"
        ],
        "app1NsgName": [
            "[concat(variables('environmentVariable').char, parameters('projectCode'), parameters('serviceCode'),  '-eus')]",
            "[concat(variables('environmentVariable').char, parameters('projectCode'), parameters('serviceCode'),  '-wus')]"
        ],
        "app1LbIP1": [
            "[parameters('app1region1LbIP')]",
            "[parameters('app1region2LbIP')]"
        ],
        "app1LbSubnetId": [
            "[parameters('app1region1LbSubnetId')]",
            "[parameters('app1region2LbSubnetId')]"
        ],
        "location": [
            "[parameters('region1LocationName')]",
            "[parameters('region2LocationName')]"
        ],
        "logsRetentionEnabled": "[if(equals(parameters('logsRetentionDays'), 0), 'False', 'True')]"
    },
    "resources": [
        {
            "type": "Microsoft.Compute/availabilitySets",
            "name": "[variables('app1AsName')[copyIndex()]]",
            "apiVersion": "2018-10-01",
            "location": "[variables('location')[copyIndex()]]",
            "sku": {
                "name": "Aligned"
            },
            "properties": {
                "platformUpdateDomainCount": 2,
                "platformFaultDomainCount": 2
            },
            "copy": {
                "name": "app1AsBcpLoop",
                "count": "[variables('environmentVariable').bcpLoop]"
            },
            "dependsOn": []
        },
        {
            "type": "Microsoft.Network/loadBalancers",
            "apiVersion": "2018-08-01",
            "name": "[variables('app1LbName')[copyIndex()]]",
            "location": "[variables('location')[copyIndex()]]",
            "sku": {
                "name": "Basic",
                "tier": "Regional"
            },
            "properties": {
                "frontendIPConfigurations": [
                    {
                        "name": "LoadBalancerFrontend1",
                        "properties": {
                            "privateIPAddress": "[variables('app1LbIP1')[copyIndex()]]",
                            "privateIPAllocationMethod": "Static",
                            "subnet": {
                                "id": "[variables('app1LbSubnetId')[copyIndex()]]"
                            }
                        }
                    }
                ],
                "backendAddressPools": [
                    {
                        "name": "BackendPool1"
                    }
                ],
                "probes": [
                    {
                        "name": "lbprobe",
                        "properties": {
                            "protocol": "Tcp",
                            "port": 443,
                            "intervalInSeconds": 5,
                            "numberOfProbes": 2
                        }
                    }
                ],
                "loadBalancingRules": [
                    {
                        "name": "TCP_443_frontend1",
                        "properties": {
                            "frontendIPConfiguration": {
                                "id": "[concat(resourceId('Microsoft.Network/loadBalancers', variables('app1LbName')[copyIndex()]), '/frontendIPConfigurations/LoadBalancerFrontend1')]"
                            },
                            "backendAddressPool": {
                                "id": "[concat(resourceId('Microsoft.Network/loadBalancers', variables('app1LbName')[copyIndex()]), '/backendAddressPools/BackendPool1')]"
                            },
                            "probe": {
                                "id": "[concat(resourceId('Microsoft.Network/loadBalancers', variables('app1LbName')[copyIndex()]), '/probes/lbprobe')]"
                            },
                            "protocol": "Tcp",
                            "frontendPort": 443,
                            "backendPort": 443,
                            "enableFloatingIP": false,
                            "enableTcpReset": false,
                            "loadDistribution": "Default",
                            "idleTimeoutInMinutes": 15
                        }
                    }
                ]
            },
            "resources": [
                {
                    "type": "providers/diagnosticSettings",
                    "name": "[concat('Microsoft.Insights/', 'service')]",
                    "dependsOn": [
                        "[resourceId('Microsoft.Network/loadBalancers', variables('app1LbName')[copyIndex()])]"
                    ],
                    "apiVersion": "2017-05-01-preview",
                    "properties": {
                        "name": "service",
                        "workspaceId": "[parameters('workspaceId')]",
                        "logs": [
                            {
                                "category": "LoadBalancerAlertEvent",
                                "enabled": "True",
                                "retentionPolicy": {
                                    "days": "[parameters('logsRetentionDays')]",
                                    "enabled": "[variables('logsRetentionEnabled')]"
                                }
                            },
                            {
                                "category": "LoadBalancerProbeHealthStatus",
                                "enabled": "True",
                                "retentionPolicy": {
                                    "days": "[parameters('logsRetentionDays')]",
                                    "enabled": "[variables('logsRetentionEnabled')]"
                                }
                            }
                        ],
                        "metrics": [
                            {
                                "category": "AllMetrics",
                                "enabled": "True",
                                "retentionPolicy": {
                                    "days": "[parameters('logsRetentionDays')]",
                                    "enabled": "[variables('logsRetentionEnabled')]"
                                }
                            }
                        ]
                    }
                }
            ],
            "dependsOn": [],
            "copy": {
                "name": "app1LbBcpLoop",
                "count": "[variables('environmentVariable').bcpLoop]"
            }
        },
        {
            "type": "Microsoft.Network/networkSecurityGroups",
            "name": "[variables('app1NsgName')[copyIndex()]]",
            "apiVersion": "2018-08-01",
            "location": "[variables('location')[copyIndex()]]",
            "properties": {
                "securityRules": [
                    {
                        "name": "TemporaryAllowInboundAllTraffic",
                        "properties": {
                            "description": "Temporary Allow inbound all traffic",
                            "protocol": "*",
                            "sourcePortRange": "*",
                            "destinationPortRange": "*",
                            "sourceAddressPrefix": "*",
                            "destinationAddressPrefix": "*",
                            "access": "Allow",
                            "priority": 100,
                            "direction": "Inbound",
                            "sourcePortRanges": [],
                            "destinationPortRanges": [],
                            "sourceAddressPrefixes": [],
                            "destinationAddressPrefixes": []
                        }
                    },
                    {
                        "name": "TemporaryAllowOutboundAllTraffic",
                        "properties": {
                            "description": "Temporary Allow outbound all traffic",
                            "protocol": "*",
                            "sourcePortRange": "*",
                            "destinationPortRange": "*",
                            "sourceAddressPrefix": "*",
                            "destinationAddressPrefix": "*",
                            "access": "Allow",
                            "priority": 100,
                            "direction": "Outbound",
                            "sourcePortRanges": [],
                            "destinationPortRanges": [],
                            "sourceAddressPrefixes": [],
                            "destinationAddressPrefixes": []
                        }
                    }
                ]
            },
            "resources": [
                {
                    "type": "providers/diagnosticSettings",
                    "name": "[concat('Microsoft.Insights/', 'service')]",
                    "dependsOn": [
                        "[resourceId('Microsoft.Network/networkSecurityGroups', variables('app1NsgName')[copyIndex()])]"
                    ],
                    "apiVersion": "2017-05-01-preview",
                    "properties": {
                        "name": "service",
                        "workspaceId": "[parameters('workspaceId')]",
                        "logs": [
                            {
                                "category": "NetworkSecurityGroupEvent",
                                "enabled": "True",
                                "retentionPolicy": {
                                    "days": "[parameters('logsRetentionDays')]",
                                    "enabled": "[variables('logsRetentionEnabled')]"
                                }
                            },
                            {
                                "category": "NetworkSecurityGroupRuleCounter",
                                "enabled": "True",
                                "retentionPolicy": {
                                    "days": "[parameters('logsRetentionDays')]",
                                    "enabled": "[variables('logsRetentionEnabled')]"
                                }
                            }
                        ]
                    }
                }
            ],
            "copy": {
                "name": "app1NsgBcpLoop",
                "count": "[variables('environmentVariable').bcpLoop]"
            },
            "dependsOn": []
        },
        {
            "type": "Microsoft.Network/networkInterfaces",
            "name": "[concat(parameters('app1Region1VmName')[copyIndex()], '-nic')]",
            "apiVersion": "2018-08-01",
            "location": "[variables('location')[0]]",
            "properties": {
                "ipConfigurations": [
                    {
                        "name": "ipconfig1",
                        "properties": {
                            "privateIPAllocationMethod": "Dynamic",
                            "subnet": {
                                "id": "[variables('app1LbSubnetId')[0]]"
                            },
                            "loadBalancerBackendAddressPools": [
                                {
                                    "id": "[concat(resourceId('Microsoft.Network/loadBalancers', variables('app1LbName')[0]), '/backendAddressPools/BackendPool1')]"
                                }
                            ]
                        }
                    }
                ],
                "networkSecurityGroup": {
                    "id": "[resourceId('Microsoft.Network/networkSecurityGroups', variables('app1NsgName')[0])]"
                }
            },
            "resources": [
                {
                    "type": "providers/diagnosticSettings",
                    "name": "[concat('Microsoft.Insights/', 'service')]",
                    "dependsOn": [
                        "[resourceId('Microsoft.Network/networkInterfaces', concat(parameters('app1Region1VmName')[copyIndex()], '-nic'))]"
                    ],
                    "apiVersion": "2017-05-01-preview",
                    "properties": {
                        "name": "service",
                        "workspaceId": "[parameters('workspaceId')]",
                        "metrics": [
                            {
                                "category": "AllMetrics",
                                "enabled": "True",
                                "retentionPolicy": {
                                    "days": "[parameters('logsRetentionDays')]",
                                    "enabled": "[variables('logsRetentionEnabled')]"
                                }
                            }
                        ]
                    }
                }
            ],
            "dependsOn": [
                "app1NsgBcpLoop",
                "app1LbBcpLoop"
            ],
            "copy": {
                "name": "app1NicRegion1Loop",
                "count": "[parameters('app1VmCountInEachRegion')]"
            }
        },
        {
            "type": "Microsoft.Compute/disks",
            "name": "[concat(parameters('app1Region1VmName')[copyIndex()], '-datadisk1')]",
            "apiVersion": "2018-06-01",
            "location": "[variables('location')[0]]",
            "sku": {
                "name": "[parameters('app1VmDataDisk1Type')]"
            },
            "properties": {
                "creationData": {
                    "createOption": "Empty"
                },
                "diskSizeGB": "[parameters('app1VmDataDisk1Size')]"
            },
            "copy": {
                "name": "app1VmDataDiskRegion1Loop",
                "count": "[parameters('app1VmCountInEachRegion')]"
            }
        },
        {
            "type": "Microsoft.Compute/virtualMachines",
            "apiVersion": "2018-10-01",
            "name": "[parameters('app1Region1VmName')[copyIndex()]]",
            "location": "[variables('location')[0]]",
            "properties": {
                "availabilitySet": {
                    "id": "[resourceId('Microsoft.Compute/availabilitySets',variables('app1AsName')[0])]"
                },
                "hardwareProfile": {
                    "vmSize": "[parameters('app1VmSize')]"
                },
                "osProfile": {
                    "computerName": "[parameters('app1Region1VmName')[copyIndex()]]",
                    "adminUsername": "[parameters('app1AdminUserName')]",
                    "adminPassword": "[parameters('app1AdminUserPassword')]",
                    "secrets": [
                        {
                            "sourceVault": {
                                "id": "[parameters('keyVaultId')[copyIndex()]]"
                            },
                            "vaultCertificates": []
                        }
                    ],
                    "WindowsConfiguration": {
                        "provisionVMAgent": true,
                        "enableAutomaticUpdates": true
                    }
                },
                "storageProfile": {
                    "imageReference": {
                        "publisher": "[parameters('app1VmImagePublisher')]",
                        "offer": "[parameters('app1VmImageOffer')]",
                        "sku": "[parameters('app1VmImageSku')]",
                        "version": "[parameters('app1VmImageVersion')]"
                    },
                    "osDisk": {
                        "osType": "[parameters('app1VmOsDiskType')]",
                        "name": "[concat(parameters('app1Region1VmName')[copyIndex()], '-osdisk')]",
                        "createOption": "FromImage",
                        "caching": "ReadWrite"
                    },
                    "dataDisks": [
                        {
                            "lun": 0,
                            "name": "[concat(parameters('app1Region1VmName')[copyIndex()], '-datadisk1')]",
                            "createOption": "Attach",
                            "caching": "None",
                            "managedDisk": {
                                "id": "[resourceId('Microsoft.Compute/disks', concat(parameters('app1Region1VmName')[copyIndex()], '-datadisk1'))]"
                            }
                        }
                    ]
                },
                "networkProfile": {
                    "networkInterfaces": [
                        {
                            "id": "[resourceId('Microsoft.Network/networkInterfaces', concat(parameters('app1Region1VmName')[copyIndex()], '-nic'))]",
                            "properties": {
                                "primary": true
                            }
                        }
                    ]
                }
            },
            "resources": [
                {
                    "type": "providers/diagnosticSettings",
                    "name": "[concat('Microsoft.Insights/', 'service')]",
                    "dependsOn": [
                        "[resourceId('Microsoft.Compute/virtualMachines', parameters('app1Region1VmName')[copyIndex()])]"
                    ],
                    "apiVersion": "2017-05-01-preview",
                    "properties": {
                        "name": "service",
                        "workspaceId": "[parameters('workspaceId')]",
                        "metrics": [
                            {
                                "category": "AllMetrics",
                                "enabled": "True",
                                "retentionPolicy": {
                                    "days": "[parameters('logsRetentionDays')]",
                                    "enabled": "[variables('logsRetentionEnabled')]"
                                }
                            }
                        ]
                    }
                },
                {
                    "type": "extensions",
                    "name": "MicrosoftMonitoringAgent",
                    "apiVersion": "2018-10-01",
                    "location": "[variables('location')[0]]",
                    "dependsOn": [
                        "[resourceId('Microsoft.Compute/virtualMachines', parameters('app1Region1VmName')[copyIndex()])]"
                    ],
                    "properties": {
                        "publisher": "Microsoft.EnterpriseCloud.Monitoring",
                        "type": "MicrosoftMonitoringAgent",
                        "typeHandlerVersion": "1.0",
                        "autoUpgradeMinorVersion": true,
                        "settings": {
                            "workspaceId": "[reference(parameters('workspaceId'), '2015-03-20').customerId]"
                        },
                        "protectedSettings": {
                            "workspaceKey": "[listKeys(parameters('workspaceId'), '2015-03-20').primarySharedKey]"
                        }
                    }
                }
            ],
            "dependsOn": [
                "app1AsBcpLoop",
                "[resourceId('Microsoft.Network/networkInterfaces', concat(parameters('app1Region1VmName')[copyIndex()], '-nic'))]",
                "[resourceId('Microsoft.Compute/disks', concat(parameters('app1Region1VmName')[copyIndex()], '-datadisk1'))]"
            ],
            "copy": {
                "name": "app1VmRegion1Loop",
                "count": "[parameters('app1VmCountInEachRegion')]"
            }
        },
        {
            "type": "Microsoft.Network/networkInterfaces",
            "name": "[concat(parameters('app1Region2VmName')[copyIndex()], '-nic')]",
            "apiVersion": "2018-08-01",
            "location": "[variables('location')[1]]",
            "condition": "[equals(variables('environmentVariable').bcpLoop, 2)]",
            "properties": {
                "ipConfigurations": [
                    {
                        "name": "ipconfig1",
                        "properties": {
                            "privateIPAllocationMethod": "Dynamic",
                            "subnet": {
                                "id": "[variables('app1LbSubnetId')[1]]"
                            },
                            "loadBalancerBackendAddressPools": [
                                {
                                    "id": "[concat(resourceId('Microsoft.Network/loadBalancers', variables('app1LbName')[1]), '/backendAddressPools/BackendPool1')]"
                                }
                            ]
                        }
                    }
                ],
                "networkSecurityGroup": {
                    "id": "[resourceId('Microsoft.Network/networkSecurityGroups', variables('app1NsgName')[1])]"
                }
            },
            "resources": [
                {
                    "type": "providers/diagnosticSettings",
                    "name": "[concat('Microsoft.Insights/', 'service')]",
                    "dependsOn": [
                        "[resourceId('Microsoft.Network/networkInterfaces', concat(parameters('app1Region2VmName')[copyIndex()], '-nic'))]"
                    ],
                    "condition": "[equals(variables('environmentVariable').bcpLoop, 2)]",
                    "apiVersion": "2017-05-01-preview",
                    "properties": {
                        "name": "service",
                        "workspaceId": "[parameters('workspaceId')]",
                        "metrics": [
                            {
                                "category": "AllMetrics",
                                "enabled": "True",
                                "retentionPolicy": {
                                    "days": "[parameters('logsRetentionDays')]",
                                    "enabled": "[variables('logsRetentionEnabled')]"
                                }
                            }
                        ]
                    }
                }
            ],
            "dependsOn": [
                "app1NsgBcpLoop",
                "app1LbBcpLoop"
            ],
            "copy": {
                "name": "app1NicRegion2Loop",
                "count": "[parameters('app1VmCountInEachRegion')]"
            }
        },
        {
            "type": "Microsoft.Compute/disks",
            "name": "[concat(parameters('app1Region2VmName')[copyIndex()], '-datadisk1')]",
            "apiVersion": "2018-06-01",
            "location": "[variables('location')[1]]",
            "condition": "[equals(variables('environmentVariable').bcpLoop, 2)]",
            "sku": {
                "name": "[parameters('app1VmDataDisk1Type')]"
            },
            "properties": {
                "creationData": {
                    "createOption": "Empty"
                },
                "diskSizeGB": "[parameters('app1VmDataDisk1Size')]"
            },
            "copy": {
                "name": "app1VmDataDiskRegion2Loop",
                "count": "[parameters('app1VmCountInEachRegion')]"
            }
        },
        {
            "type": "Microsoft.Compute/virtualMachines",
            "apiVersion": "2018-10-01",
            "name": "[parameters('app1Region2VmName')[copyIndex()]]",
            "location": "[variables('location')[1]]",
            "condition": "[equals(variables('environmentVariable').bcpLoop, 2)]",
            "properties": {
                "availabilitySet": {
                    "id": "[resourceId('Microsoft.Compute/availabilitySets',variables('app1AsName')[1])]"
                },
                "hardwareProfile": {
                    "vmSize": "[parameters('app1VmSize')]"
                },
                "osProfile": {
                    "computerName": "[parameters('app1Region2VmName')[copyIndex()]]",
                    "adminUsername": "[parameters('app1AdminUserName')]",
                    "adminPassword": "[parameters('app1AdminUserPassword')]",
                    "secrets": [
                        {
                            "sourceVault": {
                                "id": "[parameters('keyVault2Id')[copyIndex()]]"
                            },
                            "vaultCertificates": []
                        }
                    ],
                    "WindowsConfiguration": {
                        "provisionVMAgent": true,
                        "enableAutomaticUpdates": true
                    }
                },
                "storageProfile": {
                    "imageReference": {
                        "publisher": "[parameters('app1VmImagePublisher')]",
                        "offer": "[parameters('app1VmImageOffer')]",
                        "sku": "[parameters('app1VmImageSku')]",
                        "version": "[parameters('app1VmImageVersion')]"
                    },
                    "osDisk": {
                        "osType": "[parameters('app1VmOsDiskType')]",
                        "name": "[concat(parameters('app1Region2VmName')[copyIndex()], '-osdisk')]",
                        "createOption": "FromImage",
                        "caching": "ReadWrite"
                    },
                    "dataDisks": [
                        {
                            "lun": 0,
                            "name": "[concat(parameters('app1Region2VmName')[copyIndex()], '-datadisk1')]",
                            "createOption": "Attach",
                            "caching": "None",
                            "managedDisk": {
                                "id": "[resourceId('Microsoft.Compute/disks', concat(parameters('app1Region2VmName')[copyIndex()], '-datadisk1'))]"
                            }
                        }
                    ]
                },
                "networkProfile": {
                    "networkInterfaces": [
                        {
                            "id": "[resourceId('Microsoft.Network/networkInterfaces', concat(parameters('app1Region2VmName')[copyIndex()], '-nic'))]",
                            "properties": {
                                "primary": true
                            }
                        }
                    ]
                }
            },
            "resources": [
                {
                    "type": "providers/diagnosticSettings",
                    "name": "[concat('Microsoft.Insights/', 'service')]",
                    "dependsOn": [
                        "[resourceId('Microsoft.Compute/virtualMachines', parameters('app1Region2VmName')[copyIndex()])]"
                    ],
                    "condition": "[equals(variables('environmentVariable').bcpLoop, 2)]",
                    "apiVersion": "2017-05-01-preview",
                    "properties": {
                        "name": "service",
                        "workspaceId": "[parameters('workspaceId')]",
                        "metrics": [
                            {
                                "category": "AllMetrics",
                                "enabled": "True",
                                "retentionPolicy": {
                                    "days": "[parameters('logsRetentionDays')]",
                                    "enabled": "[variables('logsRetentionEnabled')]"
                                }
                            }
                        ]
                    }
                },
                {
                    "type": "extensions",
                    "name": "MicrosoftMonitoringAgent",
                    "apiVersion": "2018-10-01",
                    "location": "[variables('location')[1]]",
                    "condition": "[equals(variables('environmentVariable').bcpLoop, 2)]",
                    "dependsOn": [
                        "[resourceId('Microsoft.Compute/virtualMachines', parameters('app1Region2VmName')[copyIndex()])]"
                    ],
                    "properties": {
                        "publisher": "Microsoft.EnterpriseCloud.Monitoring",
                        "type": "MicrosoftMonitoringAgent",
                        "typeHandlerVersion": "1.0",
                        "autoUpgradeMinorVersion": true,
                        "settings": {
                            "workspaceId": "[reference(parameters('workspaceId'), '2015-03-20').customerId]"
                        },
                        "protectedSettings": {
                            "workspaceKey": "[listKeys(parameters('workspaceId'), '2015-03-20').primarySharedKey]"
                        }
                    }
                }
            ],
            "dependsOn": [
                "app1AsBcpLoop",
                "[resourceId('Microsoft.Network/networkInterfaces', concat(parameters('app1Region2VmName')[copyIndex()], '-nic'))]",
                "[resourceId('Microsoft.Compute/disks', concat(parameters('app1Region2VmName')[copyIndex()], '-datadisk1'))]"
            ],
            "copy": {
                "name": "app1VmRegion2Loop",
                "count": "[parameters('app1VmCountInEachRegion')]"
            }
        }
    ],
    "outputs": {}
}