{
    "$schema": "https://schema.management.azure.com/schemas/2015-01-01/deploymentTemplate.json#",
    "contentVersion": "1.0.0.0",
    "parameters": {
        "keyVaultName": {
            "type": "string",
            "metadata": {
                "description": "The base keyvault name to be created."
            }
        },
        "workspaceId": {
            "type": "string",
            "metadata": {
                "description": "Log Analytics workspace ID for the Log Analytics workspace to which logs will be sent."
            }
        },
        "logsRetentionDays": {
            "type": "int",
            "defaultValue": 0,
            "metadata": {
                "description": "Defines the number of logs retention days"
            }
        },
        "tenantId": {
            "type": "string",
            "metadata": {
                "description": "Log Analytics workspace ID for the Log Analytics workspace to which logs will be sent."
            }
        },
        "objectId": {
            "type": "string",
            "metadata": {
                "description": "Log Analytics workspace ID for the Log Analytics workspace to which logs will be sent."
            }
        },
        "secretsPermissions": {
            "type": "array",
            "metadata": {
                "description": "Log Analytics workspace ID for the Log Analytics workspace to which logs will be sent."
            }
        },
        "keysPermissions": {
            "type": "array",
            "metadata": {
                "description": "Log Analytics workspace ID for the Log Analytics workspace to which logs will be sent."
            }
        },
        "certificatesPermissions": {
            "type": "array",
            "metadata": {
                "description": "Log Analytics workspace ID for the Log Analytics workspace to which logs will be sent."
            }
        },
        "storagePermissions": {
            "type": "array",
            "metadata": {
                "description": "Log Analytics workspace ID for the Log Analytics workspace to which logs will be sent."
            }
        }
    },
    "variables": {        
        "OMS": {
            "ID": "[parameters('workspaceId')]",
            "logRetention": "[parameters('logsRetentionDays')]",
            "logsRetentionEnabled": "[if(equals(parameters('logsRetentionDays'), 0), 'False', 'True')]"
        },
        "keyVault": {
            "name": "[parameters('keyVaultName')]",
            "tenantid": "[parameters('tenantid')]",
            "objectid": "[parameters('objectId')]",
            "secretsPermissions" : "[parameters('secretsPermissions')]",
            "keysPermissions" : "[parameters('keysPermissions')]",
            "certificatesPermissions" : "[parameters('certificatesPermissions')]",
            "storagePermissions" : "[parameters('storagePermissions')]"
        }
    },
    "resources": [
        {
            "type": "Microsoft.KeyVault/vaults",
            "apiVersion": "2018-02-14",
            "name": "[variables('keyVault').name]",
            "location": "[resourceGroup().location]",
            "properties": {
                "tenantId": "[subscription().tenantId]",
                "sku": {
                    "family": "A",
                    "name": "Premium"
                },
                "accessPolicies": [
                    {
                      "tenantId": "[variables('keyVault').tenantid]",
                      "objectId": "[variables('keyVault').objectid]",
                      "permissions": {
                        "secrets": "[variables('keyVault').secretsPermissions]",
                        "keys": "[variables('keyVault').keysPermissions]",
                        "certificates": "[variables('keyVault').certificatesPermissions]",
                        "storage": "[variables('keyVault').storagePermissions]"
                      }
                    }
                ],
                "enabledForDeployment": false,
                "enabledForDiskEncryption": false,
                "enabledForTemplateDeployment": true,
                "createMode": "default"
            },
            "resources": [
                {
                    "type": "providers/diagnosticSettings",
                    "apiVersion": "2017-05-01-preview",
                    "name": "[concat('Microsoft.Insights/', 'service')]",
                    "dependsOn": [
                        "[resourceId('Microsoft.KeyVault/vaults', variables('keyVault').name)]"
                    ],
                    "properties": {
                        "name": "service",
                        "workspaceId": "[variables('OMS').ID]",
                        "logs": [
                            {
                                "category": "AuditEvent",
                                "enabled": "True",
                                "retentionPolicy": {
                                    "days": "[variables('OMS').logRetention]",
                                    "enabled": "[variables('OMS').logsRetentionEnabled]"
                                }
                            }
                        ],
                        "metrics": [
                            {
                                "category": "AllMetrics",
                                "enabled": "True",
                                "retentionPolicy": {
                                    "days": "[variables('OMS').logRetention]",
                                    "enabled": "[variables('OMS').logsRetentionEnabled]"
                                }
                            }
                        ]
                    }
                }
            ]
        }
    ],
    "outputs": {
        "keyVaultName": {
            "type": "string",
            "value": "[variables('keyVault').name]"
        }
    }
}