{
  "ACLEntries": [
    {
      "Description": "Permissions at root folder",
      "Path": "\\/",
      "Recurse": false,
      "Owners": [
        {
          "Comment": "This is for Dev-Ops",
          "ObjectID": "Paul",
          "ObjectType": "User"
        }
      ],
      "Mask": {
        "Comment": "The mask entry indicates the maximum permissions allowed for users (other than the owner) and for groups.The mask is a quick way to change permissions on all the users and groups",
        "Inheritance": true,
        "Permissions": [
          "Read",
          "Write",
          "Execute"
        ]
      },
      "ACL": [
        {
          "Comment": "US Cloud-DSLab-DataManagement-PRQ-D NONPROD",
          "ObjectID": "b7f30a7a-5554-4755-906a-2dc941e0f88f",
          "ObjectType": "User",
          "Inheritance": false,
          "Permissions": [
            "Read",
            "Execute"
          ]
        }
      ]
    },
    {
      "Description": "DTUS Folder",
      "Path": "\\/dtus",
      "Recurse": false,
      "Owners": [
        {
          "Comment": "This is for Dev-Ops",
          "ObjectID": "Paul",
          "ObjectType": "User"
        }
      ],
      "Mask": {
        "Comment": "The mask entry indicates the maximum permissions allowed for users (other than the owner) and for groups.The mask is a quick way to change permissions on all the users and groups",
        "Inheritance": true,
        "Permissions": [
          "Read",
          "Write",
          "Execute"
        ]
      },
      "ACL": [
        {
          "Comment": "US Cloud-DSLab-DataManagement-PRQ-D NONPROD",
          "ObjectID": "b7f30a7a-5554-4755-906a-2dc941e0f88f",
          "ObjectType": "User",
          "Inheritance": false,
          "Permissions": [
            "Read",
            "Execute"
          ]
        }
      ]
    },
    {
      "Description": "DTUS-CORE Folder",
      "Path": "\\/dtus\\/core",
      "Recurse": false,
      "Owners": [
        {
          "Comment": "This is for Dev-Ops",
          "ObjectID": "Paul",
          "ObjectType": "User"
        }
      ],
      "Mask": {
        "Comment": "The mask entry indicates the maximum permissions allowed for users (other than the owner) and for groups.The mask is a quick way to change permissions on all the users and groups",
        "Inheritance": true,
        "Permissions": [
          "Read",
          "Write",
          "Execute"
        ]
      },
      "ACL": [
        {
          "Comment": "US Cloud-DSLab-DataManagement-PRQ-D NONPROD",
          "ObjectID": "b7f30a7a-5554-4755-906a-2dc941e0f88f",
          "ObjectType": "User",
          "Inheritance": false,
          "Permissions": [
            "Read",
            "Execute"
          ]
        }
      ]
    },
    {
      "Description": "DTUS-CORE-FINANCE",
      "Path": "\\/dtus\\/core\\/finance",
      "Recurse": false,
      "Owners": [
        {
          "Comment": "This is for Dev-Ops",
          "ObjectID": "Paul",
          "ObjectType": "User"
        }
      ],
      "Mask": {
        "Comment": "The mask entry indicates the maximum permissions allowed for users (other than the owner) and for groups.The mask is a quick way to change permissions on all the users and groups",
        "Inheritance": true,
        "Permissions": [
          "Read",
          "Write",
          "Execute"
        ]
      },
      "ACL": [
        {
          "Comment": "US Cloud-DSLab-DataManagement-PRQ-D NONPROD",
          "ObjectID": "b7f30a7a-5554-4755-906a-2dc941e0f88f",
          "ObjectType": "User",
          "Inheritance": false,
          "Permissions": [
            "Read",
            "Execute"
          ]
        }
      ]
    }
  ]
}