{
    "ACLEntries": [
        {
            "Description": "Paul Test",
            "Path": "\/dtus\/core\/paultest",
            "Recurse": true,
            "Owners": [
                {
                    "Comment": "US-ITS-NONPROD-DSLab-Databricks",
                    "ObjectID": "7e068f9a-bde2-457d-bbb6-520d7866cb73",
                    "ObjectType": "User"
                },
                {
                    "Comment": "US ITS-Cloud-DSLab-Application-Insights-DEV NONPROD",
                    "ObjectID": "bafafb2f-eff9-466a-a5c5-7e42d75378b0",
                    "ObjectType": "Group"
                }
            ],
            "Mask": {
                "Comment": "The mask entry indicates the maximum permissions allowed for users (other than the owner) and for groups. The mask is a quick way to change permissions on all the users and groups",
                "Inheritance": true,
                "Permissions": [
                    "Read",
                    "Write",
                    "Execute"
                ]
            },
            "ACL": [
                {
                    "Comment": "US ITS-Cloud-DSLab-Application-Insights-DEV NONPROD",
                    "ObjectID": "bafafb2f-eff9-466a-a5c5-7e42d75378b0",
                    "ObjectType": "Group",
                    "Inheritance": false,
                    "Permissions": [
                        "Read",
                        "Execute"
                    ]
                }
            ]
        },
        {
            "Description": "Tareq Test",
            "Path": "\/dtus\/core\/tareqtest",
            "Recurse": false,
            "Owners": [
                {
                    "Comment": "US-ITS-NONPROD-DSLab-Databricks",
                    "ObjectID": "7e068f9a-bde2-457d-bbb6-520d7866cb73",
                    "ObjectType": "User"
                },
                {
                    "Comment": "Tareq's USA Account",
                    "ObjectID": "6c860df9-983e-4e73-abd7-c28bba00b5ac",
                    "ObjectType": "Group"
                }
            ],
            "Mask": {
                "Comment": "The mask entry indicates the maximum permissions allowed for users (other than the owner) and for groups. The mask is a quick way to change permissions on all the users and groups",
                "Inheritance": true,
                "Permissions": [
                    "Read",
                    "Write",
                    "Execute"
                ]
            },
            "ACL": [
                {
                    "Comment": "US ITS-Cloud-DSLab-Application-Insights-DEV NONPROD",
                    "ObjectID": "bafafb2f-eff9-466a-a5c5-7e42d75378b0",
                    "ObjectType": "Group",
                    "Inheritance": true,
                    "Permissions": [
                        "Read",
                        "Write",
                        "Execute"
                    ]
                },
                {
                    "Comment": "Tareq's USA Account",
                    "ObjectID": "6c860df9-983e-4e73-abd7-c28bba00b5ac",
                    "ObjectType": "User",
                    "Inheritance": true,
                    "Permissions": [
                        "Read",
                        "Write",
                        "Execute"
                    ]
                }
            ]
        },
        {
            "Description": "Test",
            "Path": "\/test",
            "Recurse": true,
            "Owners": [
                {
                    "Comment": "US-ITS-NONPROD-DSLab-Databricks",
                    "ObjectID": "7e068f9a-bde2-457d-bbb6-520d7866cb73",
                    "ObjectType": "User"
                },
                {
                    "Comment": "US ITS-Cloud-DSLab-Application-Insights-DEV NONPROD",
                    "ObjectID": "bafafb2f-eff9-466a-a5c5-7e42d75378b0",
                    "ObjectType": "Group"
                }
            ],
            "Mask": {
                "Comment": "The mask entry indicates the maximum permissions allowed for users (other than the owner) and for groups. The mask is a quick way to change permissions on all the users and groups",
                "Inheritance": true,
                "Permissions": [
                    "Read",
                    "Write",
                    "Execute"
                ]
            },
            "ACL": [
                {
                    "Comment": "US ITS-Cloud-DSLab-Application-Insights-DEV NONPROD",
                    "ObjectID": "bafafb2f-eff9-466a-a5c5-7e42d75378b0",
                    "ObjectType": "Group",
                    "Inheritance": true,
                    "Permissions": [
                        "Read"
                    ]
                },
                {
                    "Comment": "Tareq's USA Account",
                    "ObjectID": "6c860df9-983e-4e73-abd7-c28bba00b5ac",
                    "ObjectType": "User",
                    "Inheritance": true,
                    "Permissions": [
                        "Read",
                        "Write",
                        "Execute"
                    ]
                }
            ]
        }
    ]
}