{
    "$id": "http://example.com/example.json",
    "type": "object",
    "properties": {
      "ACLEntries": {
        "type": "array",
        "uniqueItems": true,
        "items": {
          "type": "object",
          "properties": {
            "Description": {
              "type": "string"
            },
            "Path": {
              "type": "string"
            },
            "Recurse": {
              "type": "boolean"
            },
            "Owners": {
              "type": "array",
              "uniqueItems": true,
              "items": {
                "type": "object",
                "properties": {
                  "Comment": {
                    "type": "string"
                  },
                  "ObjectID": {
                    "type": "string"
                  },
                  "ObjectType": {
                    "type": "string",
                    "enum": [
                      "User",
                      "Group"
                    ]
                  }
                },
                "required": [
                  "Comment",
                  "ObjectID",
                  "ObjectType"
                ]
              }
            },
            "Mask": {
              "type": "object",
              "properties": {
                "Comment": {
                  "type": "string",
                  "examples": [
                    "The mask entry indicates "
                  ]
                },
                "Inheritance": {
                  "type": "boolean"
                },
                "Permissions": {
                  "type": "array",
                  "uniqueItems": true,
                  "items": {
                    "type": "string",
                    "enum": [
                      "Read",
                      "Write",
                      "Execute"
                    ]
                  }
                }
              },
              "required": [
                "Comment",
                "Inheritance",
                "Permissions"
              ]
            },
            "ACL": {
              "type": "array",
              "uniqueItems": true,
              "items": {
                "type": "object",
                "properties": {
                  "Comment": {
                    "type": "string"
                  },
                  "ObjectID": {
                    "type": "string"
                  },
                  "ObjectType": {
                    "type": "string",
                    "enum": [
                      "Group",
                      "User"
                    ]
                  },
                  "Inheritance": {
                    "type": "boolean"
                  },
                  "Permissions": {
                    "type": "array",
                    "uniqueItems": true,
                    "items": {
                      "type": "string",
                      "enum": [
                        "Read",
                        "Write",
                        "Execute"
                      ]
                    }
                  }
                },
                "required": [
                  "Comment",
                  "ObjectID",
                  "ObjectType",
                  "Inheritance",
                  "Permissions"
                ]
              }
            }
          },
          "required": [
            "Description",
            "Path",
            "Recurse",
            "Owners",
            "Mask",
            "ACL"
          ]
        }
      }
    },
    "required": [
      "ACLEntries"
    ]
  }