{
    "$schema": "https://schema.management.azure.com/schemas/2015-01-01/deploymentTemplate.json#",
    "contentVersion": "1.0.0.0",
    "parameters": {
        "sqlServerName": {
            "type": "string",
            "metadata": {
                "description": "The name of the primary SQL Server."
            }
        },
        "sqlServerAdminUsername": {
            "type": "string",
            "metadata": {
                "description": "The administrator username of the primary SQL Server."
            }
        },
        "sqlServerAdminPassword": {
            "type": "securestring",
            "metadata": {
                "description": "The administrator password of the primary SQL Server."
            }
        },
        "sqlServerVersion": {
            "type": "string",
            "metadata": {
                "description": "The version for the SQL server to create."
            },
            "allowedValues": [
                "12.0"
            ],
            "defaultValue": "12.0"
        },
        "aadAdminLogin": {
            "type": "string",
            "metadata": {
                "description": "The active directory admin login"
            }
        },
        "aadAdminObjectId": {
            "type": "string",
            "metadata": {
                "description": "The active directory admin object ID"
            }
        },
        "aadTenantId": {
            "type": "string",
            "metadata": {
                "description": "The active directory admin tenant ID"
            }
        },
        "deloittePublicSubnetStartIp": {
            "type": "string",
            "metadata": {
                "description": "The vNet Subnet Start IP"
            }
        },
        "deloittePublicSubnetEndIp": {
            "type": "string",
            "metadata": {
                "description": "The vNet Subnet End IP"
            }
        },
        "sharedVnetSubnetId": {
            "type": "string",
            "metadata": {
                "description": "The vNet Subnet Name"
            }
        },
        "aseVnetSubnetNameId": {
            "type": "string",
            "metadata": {
                "description": "The vNet Subnet Name"
            }
        }
    },
    "variables": {
        "sqlServer": {
            "name": "[parameters('sqlServerName')]",
            "admin": "[parameters('sqlServerAdminUsername')]",
            "password": "[parameters('sqlServerAdminPassword')]",
            "version": "[parameters('sqlServerVersion')]"
        },
        "firewall" : {
            "deloittePublicSubnetStartIp" : "[parameters('deloittePublicSubnetStartIp')]",
            "deloittePublicSubnetEndIp" : "[parameters('deloittePublicSubnetEndIp')]"
        },
        "adminGroup" : {
            "name" : "[parameters('aadAdminLogin')]",
            "id" : "[parameters('aadAdminObjectId')]",
            "tenant" : "[parameters('aadTenantId')]"
        },
        "subnetID" : {
            "shared" : "[parameters('sharedVnetSubnetId')]",
            "ASE" : "[parameters('aseVnetSubnetNameId')]"
        }
    },
    "resources": [
        {
            "apiVersion": "2015-05-01-preview",
            "type": "Microsoft.Sql/servers",
            "name": "[variables('sqlServer').name]",
            "identity": {
                "type": "SystemAssigned"
            },
            "properties": {
                "administratorLogin": "[variables('sqlServer').admin]",
                "administratorLoginPassword": "[variables('sqlServer').password]",
                "version": "[variables('sqlServer').version]"
            }
        },
                {
            "type": "Microsoft.Sql/servers/firewallrules",
            "apiVersion": "2015-05-01-preview",
            "name": "[concat(variables('sqlServer').name, '/', 'DeloittePublicIPBlock')]",
            "properties": {
                "startIpAddress": "[variables('firewall').deloittePublicSubnetStartIp]",
                "endIpAddress": "[variables('firewall').deloittePublicSubnetEndIp]"
            },
            "dependsOn": [
                "[concat('Microsoft.Sql/servers/', variables('sqlServer').name)]"
            ]
        },
        {
            "type": "Microsoft.Sql/servers/administrators",
            "apiVersion": "2017-03-01-preview",
            "name": "[concat(variables('sqlServer').name, '/', 'activeDirectory')]",
            "properties": {
                "administratorType": "ActiveDirectory",
                "login": "[variables('adminGroup').name]",
                "sid": "[variables('adminGroup').id]",
                "tenantId": "[variables('adminGroup').tenant]"
            },
            "dependsOn": [
                "[concat('Microsoft.Sql/servers/', variables('sqlServer').name)]"
            ]
        },
        {
            "type": "Microsoft.Sql/servers/virtualNetworkRules",
            "apiVersion": "2015-05-01-preview",
            "name": "[concat(variables('sqlServer').name, '/', 'SharedVnetIntegration')]",
            "properties": {
                "virtualNetworkSubnetId": "[variables('subnetID').shared]",
                "ignoreMissingVnetServiceEndpoint": false
            }
        },
                {
            "type": "Microsoft.Sql/servers/virtualNetworkRules",
            "apiVersion": "2015-05-01-preview",
            "name": "[concat(variables('sqlServer').name, '/', 'AseVnetIntegration')]",
            "properties": {
                "virtualNetworkSubnetId": "[variables('subnetID').ASE]",
                "ignoreMissingVnetServiceEndpoint": false
            }
        }
    ]
}
