{
    "$schema": "https://schema.management.azure.com/schemas/2015-01-01/deploymentTemplate.json#",
    "contentVersion": "1.0.0.0",
    "parameters": {
        "projectCode": {
            "type": "string",
            "metadata": {
                "description": "The project 3 digits code"
            }
        },
        "environmentCode": {
            "type": "string",
            "metadata": {
                "description": "The environment 3 digits code"
            },
            "allowedValues": [
                "dev",
                "qas",
                "loa",
                "stg",
                "prd",
                "bcp"
            ]
        },
        "endPointConfigPRD": {
            "type": "object",
            "metadata": {
                "description": "All of the settings required to setup a traffic manager endpoint PRD"
            }
        },
        "endPointConfigBCP": {
            "type": "object",
            "metadata": {
                "description": "All of the settings required to setup a traffic manager endpoint BCP"
            }
        },
        "azureRegionCode": {
            "type": "string",
            "allowedValues": [
                "eus",
                "wus"
            ],
            "metadata" : {
                "description": "The region code where this resource will be located"
            }
        }
    },
    "variables": {
        "trafficManagerName": "[concat(parameters('environmentCode'), '-', parameters('projectCode'), '-',parameters('azureRegionCode'), '-tm')]",
        "endPointConfigPRD" : "[parameters('endPointConfigPRD')]",
        "endPointConfigBCP" : "[parameters('endPointConfigBCP')]"
    },
    "resources": [
        {
            "type": "Microsoft.Network/trafficManagerProfiles",
            "apiVersion": "2018-04-01",
            "name": "[variables('trafficManagerName')]",
            "location": "global",
            "dependsOn": [],
            "properties": {
                "profileStatus": "Enabled",
                "trafficRoutingMethod": "Priority",
                "dnsConfig": {
                    "relativeName": "[variables('trafficManagerName')]",
                    "ttl": 30
                },
                "monitorConfig": {
                    "protocol": "HTTPS",
                    "port": 443,
                    "path": "/api/status"
                }
            }
        },
        {
            "type": "Microsoft.Network/trafficManagerProfiles/ExternalEndpoints",
            "apiVersion": "2017-05-01",
            "name": "[concat(variables('trafficManagerName'),'/Endpoint-',variables('endPointConfigPRD').name)]",
            "location": "global",
            "dependsOn": [
                "[concat('Microsoft.Network/trafficManagerProfiles/', variables('trafficManagerName'))]"
            ],
            "properties": {
                "target": "[variables('endPointConfigPRD').name]",
                "endpointStatus": "Enabled",
                "endpointLocation": "[variables('endPointConfigPRD').location]",
                "priority": "[variables('endPointConfigPRD').priority]"
            }
        },
                {
            "type": "Microsoft.Network/trafficManagerProfiles/ExternalEndpoints",
            "apiVersion": "2017-05-01",
            "name": "[concat(variables('trafficManagerName'),'/Endpoint-',variables('endPointConfigBCP').name)]",
            "location": "global",
            "dependsOn": [
                "[concat('Microsoft.Network/trafficManagerProfiles/', variables('trafficManagerName'))]"
            ],
            "properties": {
                "target": "[variables('endPointConfigBCP').name]",
                "endpointStatus": "Enabled",
                "endpointLocation": "[variables('endPointConfigBCP').location]",
                "priority": "[variables('endPointConfigBCP').priority]"
            }
        }
    ],
    "outputs": {
        "trafficManager": {
            "type": "string",
            "value": "[variables('trafficManagerName')]"
        }
    }
}
