{
    "$schema": "https://schema.management.azure.com/schemas/2015-01-01/deploymentParameters.json#",
    "contentVersion": "1.0.0.0",
    "parameters": {
      "projectCode": {
        "value": "*** Enter 3 to 6 digit project code"
      },
      "functionCode": {
        "value": "*** Enter 3 to 6 digit function code"
      },
      "endPointConfig": {
        "value": [
            {
              "name" : "*** Name of the App service acting as primary EndPoint",
              "location" : "*** Location of the App Service",
              "priority" : "1"
            },
            {
              "name" : "*** Name of the App service acting as Secondary EndPoint",
              "location" : "*** Location of the App Service",
              "priority" : "2"
            }
        ]
      },
      "environmentCode": {
        "value": "bcp"
      }
    }
  }