{
    "$schema": "https://schema.management.azure.com/schemas/2015-01-01/deploymentTemplate.json#",
    "contentVersion": "1.0",
    "parameters": {
        "projectCode": {
            "type": "string",
            "metadata": {
                "description": "The project 3 digits code"
            }
        },
        "environmentCode": {
            "type": "string",
            "metadata": {
                "description": "The environment 3 digits code"
            },
            "allowedValues": [
                "dev",
                "qas",
                "loa",
                "stg",
                "prd",
                "bcp"
            ]
        },
        "endPointConfig": {
            "type": "object",
            "metadata": {
                "description": "All of the settings required to setup a traffic manager endpoint"
            }
        },
        "functionCode": {
            "type": "string",
            "metadata": {
                "description": "The function 3 digits code"
            },
            "allowedValues": [
                "con",
                "tax",
                "adv",
                "ena"
            ]
        }
    },
    "variables": {
        "trafficManagerDnsName": "[concat(first(parameters('environmentCode')), parameters('projectCode'), '-deloitte')]",
    },
    "resources": [
        {
            "type": "Microsoft.Network/trafficManagerProfiles",
            "apiVersion": "2018-04-01",
            "name": "[variables('trafficManagerDnsName')]",
            "location": "global",
            "dependsOn": [],
            "properties": {
                "profileStatus": "Enabled",
                "trafficRoutingMethod": "Priority",
                "dnsConfig": {
                    "relativeName": "[variables('trafficManagerDnsName')]",
                    "ttl": 30
                },
                "monitorConfig": {
                    "protocol": "HTTPS",
                    "port": 443,
                    "path": "/api/status"
                }
            }
        },
        {
            "type": "Microsoft.Network/trafficManagerProfiles/ExternalEndpoints",
            "apiVersion": "2017-05-01",
            "name": "[concat(variables('trafficManagerDnsName'),'/Endpoint-',parameters('endPointConfig')[copyIndex()].name)]",
            "location": "global",
            "properties": {
                "target": "[parameters('endPointConfig')[copyIndex()].name]",
                "endpointStatus": "Enabled",
                "endpointLocation": "[parameters('endPointConfig')[copyIndex()].location]",
                "priority": "[parameters('endPointConfig')[copyIndex()].priority]"
            },
            "dependsOn": [
                "[concat('Microsoft.Network/trafficManagerProfiles/', variables('trafficManagerDnsName'))]"
            ],
            "copy": {
                "name": "addEndPointstoTrafficManager",
                "count": "[length(parameters('endPointConfig'))]"
            }
        }
    ],
    "outputs": {
        "trafficManager": {
            "type": "string",
            "value": "[variables('trafficManagerDnsName')]"
        }
    }
}
