{
    "id": "5cb262b2-cc3b-4fc5-92f4-21336f37db97",
    "name": "ScmAppService",
    "friendlyName": "SCM - Azure App Service",
    "description": "Azure DevOps task to create/modify/delete an App Service.",
    "helpMarkDown": "[Learn more about this task](http://tfs.deloitte.com:8080/tfs/DAS%20Public/_git/ADO%20Extensions?path=%2FWebAppSvc.md)",
    "category": "Azure Pipelines",
    "author": "SCM Platform Management",
    "version": {
        "Major": 1,
        "Minor": 0,
        "Patch": 0
    },
    "instanceNameFormat": "Create/Update AppService: $(ProjectCode)-$(ResourceUniqueId)",
    "groups": [
        {
            "name": "Project",
            "displayName": "Project-Specific Information",
            "isExpanded": true            
        },
        {
            "name": "AppService",
            "displayName": "App Service Settings",
            "isExpanded": true            
        },
        {
            "name": "AppServiceEnvironment",
            "displayName": "App Service Environment Settings",
            "isExpanded": true            
        },
        {
            "name": "AppServicePlan",
            "displayName": "App Service Plan Settings",
            "isExpanded": true
        },
        {
            "name": "AppInsights",
            "displayName": "App Insights Settings",
            "isExpanded": false
        },
        {
            "name": "LogSettings",
            "displayName": "Log Settings",
            "isExpanded": false
        }
    ],
    "inputs": [
        {
            "name": "ConnectedServiceName",
            "type": "connectedService:AzureRM",
            "label": "Azure RM Subscription",
            "defaultValue": "",
            "required": true,
            "helpMarkDown": "Select the Azure Resource Manager subscription for the deployment."
        },
        {
            "name": "ProjectCode",
            "type": "string",
            "label": "Project Code",
            "required": true,
            "helpMarkDown": "Project Code must be between 3-6 characters.",
            "groupName": "Project",
            "validation": {
                "expression": "isMatch(value, '^[0-9a-z]{3,6}$', 'IgnoreCase')",
                "message": "Project Code must be between 3-6 characters."
            }
        },
        {
            "name": "ResourceUniqueId",
            "type": "string",
            "label": "Unique Id of Resource",
            "required": true,
            "helpMarkDown": "Please input a Unique Id to add to the end of each Resource name. i.e 01 or svc01. Unique Id must be between 1-5 characters.",
            "groupName": "Project",
            "validation": {
                "expression": "isMatch(value, '^[0-9a-z]{1,5}$', 'IgnoreCase')",
                "message": "Unique Id must be between 1-5 characters."
            }
        },
        {
            "name": "ResourceGroupName",
            "type": "pickList",
            "label": "Resource Group",
            "required": true,
            "helpMarkDown": "Please select or input Azure Resource Group for App Service resource.",
            "groupName": "AppService",
            "properties": {
                "EditableOptions": "True"
            }
        },
        {
            "name": "AzureRegion",
            "type": "pickList",
            "label": "Azure Region",
            "defaultValue": "East US",            
            "required": true,
            "helpMarkDown": "Please select Azure Region for resource deployment.",
            "groupName": "AppService",
            "properties": {
                "EditableOptions": "True"
            }
        },
        {
            "name": "AppServiceType",
            "type": "pickList",
            "label": "App Service Type",
            "defaultValue": "Web",
            "required": true,            
            "helpMarkDown": "Please select App Service Type. i.e WebApp or WebJob",
            "options": {
                "Web": "WebApp",
                "Job": "WebJob"
            },
            "groupName": "AppService"
        },
        {
            "name": "AseResourceGroupName",
            "type": "pickList",
            "label": "App Service Environment Resource Group",
            "required": true,
            "helpMarkDown": "Please select or input App Service Environment Resource Group.",
            "groupName": "AppServiceEnvironment",
            "properties": {
                "EditableOptions": "True"
            }
        },
        {
            "name": "AseName",
            "type": "pickList",
            "label": "App Service Environment",
            "required": true,
            "helpMarkDown": "Please select or input App Service Environment.",
            "groupName": "AppServiceEnvironment",
            "properties": {
                "EditableOptions": "True"
            }
        },
        {
            "name": "CreateAppServicePlan",
            "type": "boolean",
            "label": "Create App Service Plan",
            "defaultValue": "true",
            "required": false,
            "helpMarkDown": "Please enable if you would like to automatically create an App Service Plan.",
            "groupName": "AppServicePlan"            
        },
        {
            "name": "WorkerPool",
            "type": "pickList",
            "label": "Worker Pool",
            "defaultValue": "1",
            "required": false,
            "visibleRule": "CreateAppServicePlan=true",
            "helpMarkDown": "Defines which worker pool (WP1, WP2 or WP3) resources will be used for App Service Plan.",
            "options": {
                "1": "WP1",
                "2": "WP2",
                "3": "WP3"
            },
            "groupName": "AppServicePlan"
        },
        {
            "name": "NumberOfWorkersFromWorkerPool",
            "type": "int",
            "label": "Number Of Workers From Worker Pool",
            "defaultValue": "1",
            "required": false,
            "visibleRule": "CreateAppServicePlan=true",
            "helpMarkDown": "Defines number of workers from worker pool that will be used by App Service Plan.",
            "groupName": "AppServicePlan"
        },
        {
            "name": "AppServicePlanRgName",
            "type": "pickList",
            "label": "App Service Plan Resource Group",
            "required": true,
            "visibleRule": "CreateAppServicePlan=false",
            "helpMarkDown": "Please select or input an existing App Service Plan Resource Group.",
            "groupName": "AppServicePlan",
            "properties": {
                "EditableOptions": "True"
            }
        },
        {
            "name": "AppServicePlanName",
            "type": "pickList",
            "label": "App Service Plan Name",
            "required": true,
            "visibleRule": "CreateAppServicePlan=false",
            "helpMarkDown": "Please select or input an existing App Service Plan.",
            "groupName": "AppServicePlan",
            "properties": {
                "EditableOptions": "True"
            }
        },
        {
            "name": "AppInsightsName",
            "type": "pickList",
            "label": "App Insights Name",
            "defaultValue": "$(ado.AppInsightsName)",
            "required": false,
            "helpMarkDown": "Please select or input App Insights resource name. Default value uses output from App Insights task. Default value is $(ado.AppInsightsName).",
            "groupName": "AppInsights",
            "properties": {
                "EditableOptions": "True"
            }
        },
        {
            "name": "LogRetentionDays",
            "type": "int",
            "label": "Log Retention Days",
            "defaultValue": "90",
            "required": false,
            "helpMarkDown": "Defines the number of log retention days.",
            "groupName": "LogSettings"
        }
    ],
    "dataSourceBindings": [
        {
            "target": "ResourceGroupName",
            "endpointId": "$(ConnectedServiceName)",
            "dataSourceName": "AzureResourceGroups"
        },
        {
            "target": "AseResourceGroupName",
            "endpointId": "$(ConnectedServiceName)",
            "dataSourceName": "AzureResourceGroups"
        },
        {
            "target": "AseName",
            "endpointId": "$(ConnectedServiceName)",
            "dataSourceName": "AzureRMResourcesInRGBasedOnType",
            "parameters": {
                "ResourceGroupName": "$(AseResourceGroupName)",
                "ResourceType": "Microsoft.Web/hostingEnvironments"
            },
            "resultTemplate": "{\"Value\": \"{{{name}}}\", \"DisplayValue\": \"{{{name}}}\" }"
        },
        {
            "target": "AzureRegion",
            "endpointId": "$(ConnectedServiceName)",
            "dataSourceName": "AzureLocations"
        },
        {
            "target": "AppInsightsName",
            "endpointId": "$(ConnectedServiceName)",
            "dataSourceName": "AzureRMResourcesInRGBasedOnType",
            "parameters": {
                "ResourceGroupName": "$(ResourceGroupName)",
                "ResourceType": "Microsoft.Insights/components"
            },
            "resultTemplate": "{\"Value\": \"{{{name}}}\", \"DisplayValue\": \"{{{name}}}\" }"
        },
        {
            "target": "AppServicePlanRgName",
            "endpointId": "$(ConnectedServiceName)",
            "dataSourceName": "AzureResourceGroups"
        },
        {
            "target": "AppServicePlanName",
            "endpointId": "$(ConnectedServiceName)",
            "dataSourceName": "AzureRMResourcesInRGBasedOnType",
            "parameters": {
                "ResourceGroupName": "$(AppServicePlanRgName)",
                "ResourceType": "Microsoft.Web/serverfarms"
            },
            "resultTemplate": "{\"Value\": \"{{{name}}}\", \"DisplayValue\": \"{{{name}}}\" }"
        }
    ],
    "execution": {
        "PowerShell3": {
            "target": "$(currentDirectory)\\AppService.ps1",
            "argumentFormat": "",
            "workingDirectory": "$(System.DefaultWorkingDirectory)"
        }
    }
}