{
  "$schema": "https://schema.management.azure.com/schemas/2015-01-01/deploymentParameters.json#",
  "contentVersion": "1.0.0.0",
  "parameters": {
    "projectCode": {
      "value": "dslab"
    },
    "dataFactoryLocation": {
      "value": "West US"
    },
    "dataLakeLocation": {
      "value": "Central US"
    },
    "functionCode": {
      "value": "ena"
    },
    "environmentCode": {
      "value": "bcp"
    },
    "workspaceId": {
      "value": "/subscriptions/0c660c62-0a87-47e9-90e1-6eb078055ff5/resourcegroups/US-ENABLINGAREAS-PROD/providers/Microsoft.OperationalInsights/workspaces/US-ENABLINGAREAS-PROD-OMS"
    },
    "logsRetentionDays": {
      "value": 90
    },
    "dataLakeAccountSku": {
      "value": "Consumption"
    },
    "dataLakeAccountEncryptionKeyVersion": {
      "value": "006737b8a66e4a43a0379752a6eb7f2a"
    },
    "deloittePublicSubnetStartIp": {
      "value": "167.219.0.0"
    },
    "deloittePublicSubnetEndIp": {
      "value": "167.219.255.255"
    },
    "deloitteExpressRouteSubnetStartIp": {
      "value": "74.217.93.0"
    },
    "deloitteExpressRouteSubnetEndIp": {
      "value": "74.217.93.255"
    },
    "vnetSharedSubnetStartIp": {
      "value": "40.121.141.223"
    },
    "vnetSharedSubnetEndIp": {
      "value": "40.121.141.223"
    },
    "databricksPublicSubnetStartIp": {
      "value": "100.109.198.38"
    },
    "databricksPublicSubnetEndIp": {
      "value": "100.109.198.38"
    },
    "onPremiseHanaServerName": {
      "reference": {
        "keyVault": {
          "id": "/subscriptions/bfc7eac2-0d08-4251-921e-5fe25ba65b98/resourceGroups/AZRG-ENA-DASDSLAB-PRD/providers/Microsoft.KeyVault/vaults/dslab-qsyem5c6jjadm"
        },
        "secretName": "OnPremiseHanaServerName"
      }
    },
    "onPremiseHanaUserName": {
      "reference": {
        "keyVault": {
          "id": "/subscriptions/bfc7eac2-0d08-4251-921e-5fe25ba65b98/resourceGroups/AZRG-ENA-DASDSLAB-PRD/providers/Microsoft.KeyVault/vaults/dslab-qsyem5c6jjadm"
        },
        "secretName": "OnPremiseHanaUserName"
      }
    },
    "onPremiseHanaUserPassword": {
      "reference": {
        "keyVault": {
          "id": "/subscriptions/bfc7eac2-0d08-4251-921e-5fe25ba65b98/resourceGroups/AZRG-ENA-DASDSLAB-PRD/providers/Microsoft.KeyVault/vaults/dslab-qsyem5c6jjadm"
        },
        "secretName": "OnPremiseHanaUserPassword"
      }
    },
    "onPremiseFileShareServerName": {
      "reference": {
        "keyVault": {
          "id": "/subscriptions/bfc7eac2-0d08-4251-921e-5fe25ba65b98/resourceGroups/AZRG-ENA-DASDSLAB-PRD/providers/Microsoft.KeyVault/vaults/dslab-qsyem5c6jjadm"
        },
        "secretName": "OnPremiseFileShareServerName"
      }
    },
    "onPremiseFileShareUserName": {
      "reference": {
        "keyVault": {
          "id": "/subscriptions/bfc7eac2-0d08-4251-921e-5fe25ba65b98/resourceGroups/AZRG-ENA-DASDSLAB-PRD/providers/Microsoft.KeyVault/vaults/dslab-qsyem5c6jjadm"
        },
        "secretName": "onPremiseFileShareUserName"
      }
    },
    "onPremiseFileSharePassword": {
      "reference": {
        "keyVault": {
          "id": "/subscriptions/bfc7eac2-0d08-4251-921e-5fe25ba65b98/resourceGroups/AZRG-ENA-DASDSLAB-PRD/providers/Microsoft.KeyVault/vaults/dslab-qsyem5c6jjadm"
        },
        "secretName": "OnPremiseFileSharePassword"
      }
    },
    "onPremiseSQLC2CConnectionString": {
      "reference": {
        "keyVault": {
          "id": "/subscriptions/bfc7eac2-0d08-4251-921e-5fe25ba65b98/resourceGroups/AZRG-ENA-DASDSLAB-PRD/providers/Microsoft.KeyVault/vaults/dslab-qsyem5c6jjadm"
        },
        "secretName": "onPremiseSQLC2CConnectionString"
      }
    },
    "onPremiseSQLC2CUserPassword": {
      "reference": {
        "keyVault": {
          "id": "/subscriptions/bfc7eac2-0d08-4251-921e-5fe25ba65b98/resourceGroups/AZRG-ENA-DASDSLAB-PRD/providers/Microsoft.KeyVault/vaults/dslab-qsyem5c6jjadm"
        },
        "secretName": "onPremiseSQLC2CUserPassword"
      }
    },
    "onPremiseSQLTalentFinderConnectionString": {
      "reference": {
        "keyVault": {
          "id": "/subscriptions/bfc7eac2-0d08-4251-921e-5fe25ba65b98/resourceGroups/AZRG-ENA-DASDSLAB-PRD/providers/Microsoft.KeyVault/vaults/dslab-qsyem5c6jjadm"
        },
        "secretName": "onPremiseSQLTalentFinderConnectionString"
      }
    },
    "onPremiseSQLTalentFinderUserPassword": {
      "reference": {
        "keyVault": {
          "id": "/subscriptions/bfc7eac2-0d08-4251-921e-5fe25ba65b98/resourceGroups/AZRG-ENA-DASDSLAB-PRD/providers/Microsoft.KeyVault/vaults/dslab-qsyem5c6jjadm"
        },
        "secretName": "onPremiseSQLTalentFinderUserPassword"
      }
    },
    "onPremiseHanaAmexServerName": {
      "reference": {
        "keyVault": {
          "id": "/subscriptions/bfc7eac2-0d08-4251-921e-5fe25ba65b98/resourceGroups/AZRG-ENA-DASDSLAB-PRD/providers/Microsoft.KeyVault/vaults/dslab-qsyem5c6jjadm"
        },
        "secretName": "OnPremiseHanaAmexServerName"
      }
    },
    "onPremiseHanaAmexUserName": {
      "reference": {
        "keyVault": {
          "id": "/subscriptions/bfc7eac2-0d08-4251-921e-5fe25ba65b98/resourceGroups/AZRG-ENA-DASDSLAB-PRD/providers/Microsoft.KeyVault/vaults/dslab-qsyem5c6jjadm"
        },
        "secretName": "OnPremiseHanaAmexUserName"
      }
    },
    "onPremiseHanaAmexUserPassword": {
      "reference": {
        "keyVault": {
          "id": "/subscriptions/bfc7eac2-0d08-4251-921e-5fe25ba65b98/resourceGroups/AZRG-ENA-DASDSLAB-PRD/providers/Microsoft.KeyVault/vaults/dslab-qsyem5c6jjadm"
        },
        "secretName": "OnPremiseHanaAmexUserPassword"
      }
    },
    "onPremiseTalentResumeServerName": {
      "reference": {
        "keyVault": {
          "id": "/subscriptions/bfc7eac2-0d08-4251-921e-5fe25ba65b98/resourceGroups/AZRG-ENA-DASDSLAB-PRD/providers/Microsoft.KeyVault/vaults/dslab-qsyem5c6jjadm"
        },
        "secretName": "onPremiseTalentResumeServerName"
      }
    },
    "onPremiseTalentResumeUserName": {
      "reference": {
        "keyVault": {
          "id": "/subscriptions/bfc7eac2-0d08-4251-921e-5fe25ba65b98/resourceGroups/AZRG-ENA-DASDSLAB-PRD/providers/Microsoft.KeyVault/vaults/dslab-qsyem5c6jjadm"
        },
        "secretName": "onPremiseTalentResumeUserName"
      }
    },
    "onPremiseTalentResumePassword": {
      "reference": {
        "keyVault": {
          "id": "/subscriptions/bfc7eac2-0d08-4251-921e-5fe25ba65b98/resourceGroups/AZRG-ENA-DASDSLAB-PRD/providers/Microsoft.KeyVault/vaults/dslab-qsyem5c6jjadm"
        },
        "secretName": "onPremiseTalentResumePassword"
      }
    },
    "onPremiseSQLGPSDMAConnectionString": {
      "reference": {
        "keyVault": {
          "id": "/subscriptions/bfc7eac2-0d08-4251-921e-5fe25ba65b98/resourceGroups/AZRG-ENA-DASDSLAB-PRD/providers/Microsoft.KeyVault/vaults/dslab-qsyem5c6jjadm"
        },
        "secretName": "onPremiseSQLGPSDMAConnectionString"
      }
    },
    "onPremiseSQLGPSDMAUserPassword": {
      "reference": {
        "keyVault": {
          "id": "/subscriptions/bfc7eac2-0d08-4251-921e-5fe25ba65b98/resourceGroups/AZRG-ENA-DASDSLAB-PRD/providers/Microsoft.KeyVault/vaults/dslab-qsyem5c6jjadm"
        },
        "secretName": "onPremiseSQLGPSDMAUserPassword"
      }
    },
    "projectKeyVaultName": {
      "value": "dslab-qsyem5c6jjadm"
    }
  }
}