{
  "$schema": "https://schema.management.azure.com/schemas/2015-01-01/deploymentParameters.json#",
  "contentVersion": "1.0.0.0",
  "parameters": {
    "projectCode": {
      "value": "dslab"
    },
    "dataFactoryLocation": {
      "value": "East US 2"
    },
    "dataLakeLocation": {
      "value": "East US 2"
    },
    "functionCode": {
      "value": "ena"
    },
    "environmentCode": {
      "value": "dev"
    },
    "workspaceId": {
      "value": "/subscriptions/0c660c62-0a87-47e9-90e1-6eb078055ff5/resourceGroups/US-ENABLINGAREAS-PREPROD/providers/Microsoft.OperationalInsights/workspaces/US-ENABLINGAREAS-PREPROD-OMS"
    },
    "logsRetentionDays": {
      "value": 90
    },
    "dataLakeAccountSku": {
      "value": "Consumption"
    },
    "dataLakeAccountEncryptionKeyVersion": {
      "value": "8f6d5dac0323472e8550369d60a1ec2b"
    },
    "deloittePublicSubnetStartIp": {
      "value": "167.219.0.0"
    },
    "deloittePublicSubnetEndIp": {
      "value": "167.219.255.255"
    },
    "deloitteExpressRouteSubnetStartIp": {
      "value": "74.217.93.0"
    },
    "deloitteExpressRouteSubnetEndIp": {
      "value": "74.217.93.255"
    },
    "vnetSharedSubnetStartIp": {
      "value": "40.121.141.223"
    },
    "vnetSharedSubnetEndIp": {
      "value": "40.121.141.223"
    },
    "databricksPublicSubnetStartIp": {
      "value": "100.109.198.38"
    },
    "databricksPublicSubnetEndIp": {
      "value": "100.109.198.38"
    },
    "onPremiseHanaServerName": {
      "reference": {
        "keyVault": {
          "id": "/subscriptions/a538b62c-01c0-4fd3-acc4-e3b725f57982/resourceGroups/AZRG-ENA-DASDSLAB-DEV/providers/Microsoft.KeyVault/vaults/ddslab-itb3p7p7cemdk"
        },
        "secretName": "OnPremiseHanaServerName"
      }
    },
    "onPremiseHanaUserName": {
      "reference": {
        "keyVault": {
          "id": "/subscriptions/a538b62c-01c0-4fd3-acc4-e3b725f57982/resourceGroups/AZRG-ENA-DASDSLAB-DEV/providers/Microsoft.KeyVault/vaults/ddslab-itb3p7p7cemdk"
        },
        "secretName": "OnPremiseHanaUserName"
      }
    },
    "onPremiseHanaUserPassword": {
      "reference": {
        "keyVault": {
          "id": "/subscriptions/a538b62c-01c0-4fd3-acc4-e3b725f57982/resourceGroups/AZRG-ENA-DASDSLAB-DEV/providers/Microsoft.KeyVault/vaults/ddslab-itb3p7p7cemdk"
        },
        "secretName": "OnPremiseHanaUserPassword"
      }
    },
    "onPremiseHanaHRServerName": {
      "reference": {
        "keyVault": {
          "id": "/subscriptions/a538b62c-01c0-4fd3-acc4-e3b725f57982/resourceGroups/AZRG-ENA-DASDSLAB-DEV/providers/Microsoft.KeyVault/vaults/ddslab-itb3p7p7cemdk"
        },
        "secretName": "OnPremiseHanaHRServerName"
      }
    },
    "onPremiseHanaHRUserName": {
      "reference": {
        "keyVault": {
          "id": "/subscriptions/a538b62c-01c0-4fd3-acc4-e3b725f57982/resourceGroups/AZRG-ENA-DASDSLAB-DEV/providers/Microsoft.KeyVault/vaults/ddslab-itb3p7p7cemdk"
        },
        "secretName": "OnPremiseHanaHRUserName"
      }
    },
    "onPremiseHanaHRUserPassword": {
      "reference": {
        "keyVault": {
          "id": "/subscriptions/a538b62c-01c0-4fd3-acc4-e3b725f57982/resourceGroups/AZRG-ENA-DASDSLAB-DEV/providers/Microsoft.KeyVault/vaults/ddslab-itb3p7p7cemdk"
        },
        "secretName": "OnPremiseHanaHRUserPassword"
      }
    },
    "onPremiseFileShareServerName": {
      "reference": {
        "keyVault": {
          "id": "/subscriptions/a538b62c-01c0-4fd3-acc4-e3b725f57982/resourceGroups/AZRG-ENA-DASDSLAB-DEV/providers/Microsoft.KeyVault/vaults/ddslab-itb3p7p7cemdk"
        },
        "secretName": "OnPremiseFileShareServerName"
      }
    },
    "onPremiseFileShareUserName": {
      "reference": {
        "keyVault": {
          "id": "/subscriptions/a538b62c-01c0-4fd3-acc4-e3b725f57982/resourceGroups/AZRG-ENA-DASDSLAB-DEV/providers/Microsoft.KeyVault/vaults/ddslab-itb3p7p7cemdk"
        },
        "secretName": "onPremiseFileShareUserName"
      }
    },
    "onPremiseFileSharePassword": {
      "reference": {
        "keyVault": {
          "id": "/subscriptions/a538b62c-01c0-4fd3-acc4-e3b725f57982/resourceGroups/AZRG-ENA-DASDSLAB-DEV/providers/Microsoft.KeyVault/vaults/ddslab-itb3p7p7cemdk"
        },
        "secretName": "OnPremiseFileSharePassword"
      }
    },
    "onPremiseSQLC2CConnectionString": {
      "reference": {
        "keyVault": {
          "id": "/subscriptions/a538b62c-01c0-4fd3-acc4-e3b725f57982/resourceGroups/AZRG-ENA-DASDSLAB-DEV/providers/Microsoft.KeyVault/vaults/ddslab-itb3p7p7cemdk"
        },
        "secretName": "onPremiseSQLC2CConnectionString"
      }
    },
    "onPremiseSQLC2CUserPassword": {
      "reference": {
        "keyVault": {
          "id": "/subscriptions/a538b62c-01c0-4fd3-acc4-e3b725f57982/resourceGroups/AZRG-ENA-DASDSLAB-DEV/providers/Microsoft.KeyVault/vaults/ddslab-itb3p7p7cemdk"
        },
        "secretName": "onPremiseSQLC2CUserPassword"
      }
    },
    "onPremiseSQLTalentFinderConnectionString": {
      "reference": {
        "keyVault": {
          "id": "/subscriptions/a538b62c-01c0-4fd3-acc4-e3b725f57982/resourceGroups/AZRG-ENA-DASDSLAB-DEV/providers/Microsoft.KeyVault/vaults/ddslab-itb3p7p7cemdk"
        },
        "secretName": "onPremiseSQLTalentFinderConnectionString"
      }
    },
    "onPremiseSQLTalentFinderUserPassword": {
      "reference": {
        "keyVault": {
          "id": "/subscriptions/a538b62c-01c0-4fd3-acc4-e3b725f57982/resourceGroups/AZRG-ENA-DASDSLAB-DEV/providers/Microsoft.KeyVault/vaults/ddslab-itb3p7p7cemdk"
        },
        "secretName": "onPremiseSQLTalentFinderUserPassword"
      }
    },
    "onPremiseHanaAmexServerName": {
      "reference": {
        "keyVault": {
          "id": "/subscriptions/a538b62c-01c0-4fd3-acc4-e3b725f57982/resourceGroups/AZRG-ENA-DASDSLAB-DEV/providers/Microsoft.KeyVault/vaults/ddslab-itb3p7p7cemdk"
        },
        "secretName": "OnPremiseHanaAmexServerName"
      }
    },
    "onPremiseHanaAmexUserName": {
      "reference": {
        "keyVault": {
          "id": "/subscriptions/a538b62c-01c0-4fd3-acc4-e3b725f57982/resourceGroups/AZRG-ENA-DASDSLAB-DEV/providers/Microsoft.KeyVault/vaults/ddslab-itb3p7p7cemdk"
        },
        "secretName": "OnPremiseHanaAmexUserName"
      }
    },
    "onPremiseHanaAmexUserPassword": {
      "reference": {
        "keyVault": {
          "id": "/subscriptions/a538b62c-01c0-4fd3-acc4-e3b725f57982/resourceGroups/AZRG-ENA-DASDSLAB-DEV/providers/Microsoft.KeyVault/vaults/ddslab-itb3p7p7cemdk"
        },
        "secretName": "OnPremiseHanaAmexUserPassword"
      }
    },
    "onPremiseTalentResumeServerName": {
      "reference": {
        "keyVault": {
          "id": "/subscriptions/a538b62c-01c0-4fd3-acc4-e3b725f57982/resourceGroups/AZRG-ENA-DASDSLAB-DEV/providers/Microsoft.KeyVault/vaults/ddslab-itb3p7p7cemdk"
        },
        "secretName": "onPremiseTalentResumeServerName"
      }
    },
    "onPremiseTalentResumeUserName": {
      "reference": {
        "keyVault": {
          "id": "/subscriptions/a538b62c-01c0-4fd3-acc4-e3b725f57982/resourceGroups/AZRG-ENA-DASDSLAB-DEV/providers/Microsoft.KeyVault/vaults/ddslab-itb3p7p7cemdk"
        },
        "secretName": "onPremiseTalentResumeUserName"
      }
    },
    "onPremiseTalentResumePassword": {
      "reference": {
        "keyVault": {
          "id": "/subscriptions/a538b62c-01c0-4fd3-acc4-e3b725f57982/resourceGroups/AZRG-ENA-DASDSLAB-DEV/providers/Microsoft.KeyVault/vaults/ddslab-itb3p7p7cemdk"
        },
        "secretName": "onPremiseTalentResumePassword"
      }
    },
    "onPremiseSQLGPSDMAConnectionString": {
      "reference": {
        "keyVault": {
          "id": "/subscriptions/a538b62c-01c0-4fd3-acc4-e3b725f57982/resourceGroups/AZRG-ENA-DASDSLAB-DEV/providers/Microsoft.KeyVault/vaults/ddslab-itb3p7p7cemdk"
        },
        "secretName": "onPremiseSQLGPSDMAConnectionString"
      }
    },
    "onPremiseSQLGPSDMAUserPassword": {
      "reference": {
        "keyVault": {
          "id": "/subscriptions/a538b62c-01c0-4fd3-acc4-e3b725f57982/resourceGroups/AZRG-ENA-DASDSLAB-DEV/providers/Microsoft.KeyVault/vaults/ddslab-itb3p7p7cemdk"
        },
        "secretName": "onPremiseSQLGPSDMAUserPassword"
      }
    },
    "projectKeyVaultName": {
      "value": "ddslab-itb3p7p7cemdk"
    }
  }
}