{
    "$schema": "https://schema.management.azure.com/schemas/2015-01-01/deploymentParameters.json#",
    "contentVersion": "1.0.0.0",
    "parameters": {
      "projectCode": {
        "value": "dslab"
      },
      "dataFactoryLocation": {
        "value": "East US 2"
      },
      "environmentCode": {
        "value": "dev"
      },
      "workspaceId": {
        "value": "/subscriptions/0c660c62-0a87-47e9-90e1-6eb078055ff5/resourceGroups/US-ENABLINGAREAS-PREPROD/providers/Microsoft.OperationalInsights/workspaces/US-ENABLINGAREAS-PREPROD-OMS"
      },
      "logsRetentionDays": {
        "value": 90
      },
      "onPremiseHanaHRServerName": {
        "reference": {
          "keyVault": {
            "id": "/subscriptions/a538b62c-01c0-4fd3-acc4-e3b725f57982/resourceGroups/AZRG-ENA-DASDSLAB-DEV-HR/providers/Microsoft.KeyVault/vaults/ddslab-fbq4tacuyghb6"
          },
          "secretName": "onPremiseHanaHRServerName"
        }
      },
      "onPremiseHanaHRUserName": {
        "reference": {
          "keyVault": {
            "id": "/subscriptions/a538b62c-01c0-4fd3-acc4-e3b725f57982/resourceGroups/AZRG-ENA-DASDSLAB-DEV-HR/providers/Microsoft.KeyVault/vaults/ddslab-fbq4tacuyghb6"
          },
          "secretName": "onPremiseHanaHRUserName"
        }
      },
      "onPremiseHanaHRUserPassword": {
        "reference": {
          "keyVault": {
            "id": "/subscriptions/a538b62c-01c0-4fd3-acc4-e3b725f57982/resourceGroups/AZRG-ENA-DASDSLAB-DEV-HR/providers/Microsoft.KeyVault/vaults/ddslab-fbq4tacuyghb6"
          },
          "secretName": "onPremiseHanaHRUserPassword"
        },
        "projectKeyVaultName": {
          "value": "ddslab-fbq4tacuyghb6"
        }
      }
    }
  }
  