{
  "$schema": "https://schema.management.azure.com/schemas/2015-01-01/deploymentTemplate.json#",
  "contentVersion": "1.0.0.0",
  "parameters": {
    "functionCode": {
      "type": "string",
      "metadata": {
        "description": "The function 3 digits code"
      },
      "allowedValues": [
        "adv",
        "con",
        "ena"
      ]
    },
    "projectCode": {
      "type": "string",
      "metadata": {
        "description": "The project 3 digits code"
      }
    },
    "environmentCode": {
      "type": "string",
      "metadata": {
        "description": "The environment 3 digits code"
      },
      "allowedValues": [
        "dev",
        "qas",
        "loa",
        "stg",
        "prd",
        "bcp"
      ]
    },
    "dataFactoryLocation": {
      "type": "string",
      "metadata": {
        "description": "The location of the Data Factory"
      },
      "allowedValues": [
        "East US 2",
        "West US"
      ]
    },
    "dataLakeLocation": {
      "type": "string",
      "metadata": {
        "description": "The location of the Data Lake"
      },
      "allowedValues": [
        "East US 2",
        "Central US"
      ]
    },
    "dataLakeAccountSku": {
      "type": "string",
      "metadata": {
        "description": "The pricing tier of datalake"
      },
      "allowedValues": [
        "Consumption",
        "Commitment_1TB",
        "Commitment_10TB"
      ]
    },
    "dataLakeAccountEncryptionKeyVersion": {
      "type": "string",
      "metadata": {
        "description": "The key vault encryption key version"
      }
    },
    "deloittePublicSubnetStartIp": {
      "type": "string",
      "metadata": {
        "description": "The vNet Subnet Start IP"
      }
    },
    "deloittePublicSubnetEndIp": {
      "type": "string",
      "metadata": {
        "description": "The vNet Subnet End IP"
      }
    },
    "deloitteExpressRouteSubnetStartIp": {
      "type": "string",
      "metadata": {
        "description": "The vNet Subnet Start IP"
      }
    },
    "deloitteExpressRouteSubnetEndIp": {
      "type": "string",
      "metadata": {
        "description": "The vNet Subnet End IP"
      }
    },
    "vnetSharedSubnetStartIp": {
      "type": "string",
      "metadata": {
        "description": "The vNet Subnet Start IP"
      }
    },
    "vnetSharedSubnetEndIp": {
      "type": "string",
      "metadata": {
        "description": "The vNet Subnet End IP"
      }
    },
    "databricksPublicSubnetStartIp": {
      "type": "string",
      "metadata": {
        "description": "The vNet Subnet Start IP"
      }
    },
    "databricksPublicSubnetEndIp": {
      "type": "string",
      "metadata": {
        "description": "The vNet Subnet End IP"
      }
    },
    "projectKeyVaultName": {
      "type": "string",
      "metadata": {
        "description": "The name of the project's KeyVault"
      }
    },
    "workspaceId": {
      "type": "string",
      "metadata": {
        "description": "Log Analytics workspace ID for the Log Analytics workspace to which logs will be sent."
      }
    },
    "logsRetentionDays": {
      "type": "int",
      "defaultValue": 0,
      "metadata": {
        "description": "Defines the number of logs retention days"
      }
    },
    "onPremiseHanaServerName": {
      "type": "securestring",
      "metadata": {
        "description": "On Premise SAP HANA key vault reference to server name"
      }
    },
    "onPremiseHanaUserName": {
      "type": "securestring",
      "metadata": {
        "description": "On Premise SAP HANA key vault reference to user name"
      }
    },
    "onPremiseHanaUserPassword": {
      "type": "securestring",
      "metadata": {
        "description": "On Premise SAP HANA key vault reference to user password"
      }
    },
    "onPremiseHanaHRServerName": {
      "type": "securestring",
      "metadata": {
        "description": "On Premise SAP HANA key vault reference to server name"
      }
    },
    "onPremiseHanaHRUserName": {
      "type": "securestring",
      "metadata": {
        "description": "On Premise SAP HANA key vault reference to user name"
      }
    },
    "onPremiseHanaHRUserPassword": {
      "type": "securestring",
      "metadata": {
        "description": "On Premise SAP HANA key vault reference to user password"
      }
    },
    "onPremiseFileShareServerName": {
      "type": "securestring",
      "metadata": {
        "description": "On Premise file share key vault reference to server name"
      }
    },
    "onPremiseFileShareUserName": {
      "type": "securestring",
      "metadata": {
        "description": "On Premise file share key vault reference to user name"
      }
    },
    "onPremiseFileSharePassword": {
      "type": "securestring",
      "metadata": {
        "description": "On Premise file share key vault reference to user password"
      }
    },
    "onPremiseSQLC2CConnectionString": {
      "type": "securestring",
      "metadata": {
        "description": "On Premise SQL Connection String for Customer to Customer DB"
      }
    },
    "onPremiseSQLC2CUserPassword": {
      "type": "securestring",
      "metadata": {
        "description": "On Premise SQL Password for Customer to Customer DB"
      }
    },
    "onPremiseSQLTalentFinderConnectionString": {
      "type": "securestring",
      "metadata": {
        "description": "On Premise SQL Connection String for Talent Finder DB"
      }
    },
    "onPremiseSQLTalentFinderUserPassword": {
      "type": "securestring",
      "metadata": {
        "description": "On Premise SQL Password for Talent Finder DB"
      }
    },
    "onPremiseHanaAmexServerName": {
      "type": "securestring",
      "metadata": {
        "description": "On Premise SAP HANA Amex key vault reference to server name"
      }
    },
    "onPremiseHanaAmexUserName": {
      "type": "securestring",
      "metadata": {
        "description": "On Premise SAP HANA Amex key vault reference to user name"
      }
    },
    "onPremiseHanaAmexUserPassword": {
      "type": "securestring",
      "metadata": {
        "description": "On Premise SAP HANA Amex key vault reference to user password"
      }
    },
    "onPremiseTalentResumeServerName": {
      "type": "securestring",
      "metadata": {
        "description": "On Premise Talent Resume file share key vault reference to server name"
      }
    },
    "onPremiseTalentResumeUserName": {
      "type": "securestring",
      "metadata": {
        "description": "On Premise Talent Resume file share key vault reference to user name"
      }
    },
    "onPremiseTalentResumePassword": {
      "type": "securestring",
      "metadata": {
        "description": "On Premise Talent Resume file share key vault reference to user password"
      }
    },
    "onPremiseSQLGPSDMAConnectionString": {
      "type": "securestring",
      "metadata": {
        "description": "On Premise SQL Connection String for GPSDMA DB"
      }
    },
    "onPremiseSQLGPSDMAUserPassword": {
      "type": "securestring",
      "metadata": {
        "description": "On Premise SQL Password for GPSDMA DB"
      }
    }
  },
  "variables": {
    "environment": {
      "dev": {
        "char": "d",
        "subscription": "preprod",
        "roleNameGuid1": "4bf01355-793a-4e21-957f-16c6d640f773",
        "roleNameGuid2": "6dbac21f-3410-4574-9649-7366be4158c3",
        "regionCode1": "eus2",
        "regionCode2": "eus2",
        "deployDataFactory": "True",
        "deployDataFactoryHRLinkedService": "False",
        "deployDataFactorySQLTalentFinderLinkedService": "True",
        "deployDataFactorySQLGPSDMALinkedService": "True"
      },
      "qas": {
        "char": "q",
        "subscription": "preprod",
        "roleNameGuid1": "43475674-208e-470e-a790-e171900b56ab",
        "roleNameGuid2": "eedf44cd-30a5-4ec8-9269-2ccb1d313c58",
        "regionCode1": "eus2",
        "regionCode2": "eus2",
        "deployDataFactory": "True",
        "deployDataFactoryHRLinkedService": "True",
        "deployDataFactorySQLTalentFinderLinkedService": "False",
        "deployDataFactorySQLGPSDMALinkedService": "True"
      },
      "loa": {
        "char": "l",
        "subscription": "preprod",
        "roleNameGuid1": "f6f51b08-87b1-4978-845f-6310be1756de",
        "roleNameGuid2": "81335424-700a-440c-a488-1301213c60f5",
        "regionCode1": "eus2",
        "regionCode2": "eus2",
        "deployDataFactory": "True",
        "deployDataFactoryHRLinkedService": "True",
        "deployDataFactorySQLTalentFinderLinkedService": "False",
        "deployDataFactorySQLGPSDMALinkedService": "False"
      },
      "stg": {
        "char": "s",
        "subscription": "prod",
        "roleNameGuid1": "c605e586-c52c-4f7b-8cc7-460aa02ac6bf",
        "roleNameGuid2": "c8d05855-5003-4130-b81b-dbe6fa56bb70",
        "regionCode1": "eus2",
        "regionCode2": "eus2",
        "deployDataFactory": "True",
        "deployDataFactoryHRLinkedService": "True",
        "deployDataFactorySQLTalentFinderLinkedService": "False",
        "deployDataFactorySQLGPSDMALinkedService": "True"
      },
      "prd": {
        "char": "",
        "subscription": "prod",
        "roleNameGuid1": "9970fe1f-e62a-4645-a060-f2124ccc119f",
        "roleNameGuid2": "f00b48d9-a2a7-4df1-965a-b632feb323e0",
        "regionCode1": "eus2",
        "regionCode2": "eus2",
        "deployDataFactory": "True",
        "deployDataFactoryHRLinkedService": "False",
        "deployDataFactorySQLTalentFinderLinkedService": "False",
        "deployDataFactorySQLGPSDMALinkedService": "True"
      },
      "bcp": {
        "char": "",
        "subscription": "prod",
        "roleNameGuid1": "9970fe1f-e62a-4645-a060-f2124ccc119f",
        "roleNameGuid2": "f00b48d9-a2a7-4df1-965a-b632feb323e0",
        "regionCode1": "cus",
        "regionCode2": "cus",
        "deployDataFactory": "False",
        "deployDataFactoryHRLinkedService": "False",
        "deployDataFactorySQLTalentFinderLinkedService": "False",
        "deployDataFactorySQLGPSDMALinkedService": "False"
      }
    },
    "environmentVariable": "[variables('environment')[parameters('environmentCode')]]",
    "logsRetentionEnabled": "[if(equals(parameters('logsRetentionDays'), 0), 'False', 'True')]",
    "dataLakeAccountName": "[concat(variables('environmentVariable').char, parameters('projectCode'),'dls', variables('environmentVariable').regionCode1)]",
    "dataLakeAccountIdResourceId": "[concat(resourceId('Microsoft.DataLakeStore/accounts', variables('dataLakeAccountName')),'/providers/Microsoft.ManagedIdentity/Identities/default')]",
    "dataLakeAccountResourceId": "[concat(resourceId('Microsoft.DataLakeStore/accounts', variables('dataLakeAccountName')))]",
    "dataFactoryName": "[concat(variables('environmentVariable').char, parameters('projectCode'),'df-', variables('environmentVariable').regionCode2)]",
    "integrationRuntime1Name": "[concat(variables('environmentVariable').char, parameters('projectCode'),'-onpremiseir')]",
    "integrationRuntime1Description": "[concat(parameters('environmentCode'), ' ', variables('integrationRuntime1Name'), 'Integration Runtime Engine')]"
  },
  "resources": [
    {
      "type": "Microsoft.DataLakeStore/accounts",
      "name": "[variables('dataLakeAccountName')]",
      "apiVersion": "2016-11-01",
      "location": "[parameters('dataLakeLocation')]",
      "properties": {
        "newTier": "[parameters('dataLakeAccountSku')]",
        "encryptionState": "Enabled",
        "encryptionConfig": {
          "type": "UserManaged",
          "keyVaultMetaInfo": {
            "keyVaultResourceId": "[resourceId('Microsoft.KeyVault/vaults', parameters('projectKeyVaultName'))]",
            "encryptionKeyName": "[variables('dataLakeAccountName')]",
            "encryptionKeyVersion": "[parameters('dataLakeAccountEncryptionKeyVersion')]"
          }
        },
        "firewallState": "Enabled",
        "firewallAllowAzureIps": "Enabled"
      },
      "identity": {
        "type": "SystemAssigned"
      },
      "resources": [
        {
          "type": "providers/diagnosticSettings",
          "name": "[concat('Microsoft.Insights/', 'service')]",
          "dependsOn": [
            "[resourceId('Microsoft.DataLakeStore/accounts', variables('dataLakeAccountName'))]"
          ],
          "apiVersion": "2017-05-01-preview",
          "properties": {
            "name": "service",
            "workspaceId": "[parameters('workspaceId')]",
            "logs": [
              {
                "category": "Audit",
                "enabled": "True",
                "retentionPolicy": {
                  "days": "[parameters('logsRetentionDays')]",
                  "enabled": "[variables('logsRetentionEnabled')]"
                }
              },
              {
                "category": "Requests",
                "enabled": "True",
                "retentionPolicy": {
                  "days": "[parameters('logsRetentionDays')]",
                  "enabled": "[variables('logsRetentionEnabled')]"
                }
              }
            ],
            "metrics": [
              {
                "category": "AllMetrics",
                "enabled": "True",
                "retentionPolicy": {
                  "days": "[parameters('logsRetentionDays')]",
                  "enabled": "[variables('logsRetentionEnabled')]"
                }
              }
            ]
          }
        }
      ]
    },
    {
      "type": "Microsoft.DataLakeStore/accounts/firewallRules",
      "name": "[concat(variables('dataLakeAccountName'), '/', 'DeloittePublicIPBlock')]",
      "apiVersion": "2016-11-01",
      "properties": {
        "startIpAddress": "[parameters('deloittePublicSubnetStartIp')]",
        "endIpAddress": "[parameters('deloittePublicSubnetEndIp')]"
      },
      "dependsOn": [
        "[resourceId('Microsoft.DataLakeStore/accounts', variables('dataLakeAccountName'))]"
      ]
    },
    {
      "type": "Microsoft.DataLakeStore/accounts/firewallRules",
      "name": "[concat(variables('dataLakeAccountName'), '/', 'DeloitteExpressRouteIPBlock')]",
      "apiVersion": "2016-11-01",
      "properties": {
        "startIpAddress": "[parameters('deloitteExpressRouteSubnetStartIp')]",
        "endIpAddress": "[parameters('deloitteExpressRouteSubnetEndIp')]"
      },
      "dependsOn": [
        "[resourceId('Microsoft.DataLakeStore/accounts', variables('dataLakeAccountName'))]"
      ]
    },
    {
      "type": "Microsoft.DataLakeStore/accounts/firewallRules",
      "name": "[concat(variables('dataLakeAccountName'), '/', 'VnetSharedSubnetIPBlock')]",
      "apiVersion": "2016-11-01",
      "properties": {
        "startIpAddress": "[parameters('vnetSharedSubnetStartIp')]",
        "endIpAddress": "[parameters('vnetSharedSubnetEndIp')]"
      },
      "dependsOn": [
        "[resourceId('Microsoft.DataLakeStore/accounts', variables('dataLakeAccountName'))]"
      ]
    },
    {
      "type": "Microsoft.DataLakeStore/accounts/firewallRules",
      "name": "[concat(variables('dataLakeAccountName'), '/', 'DatabricksPublicIP')]",
      "apiVersion": "2016-11-01",
      "properties": {
        "startIpAddress": "[parameters('databricksPublicSubnetStartIp')]",
        "endIpAddress": "[parameters('databricksPublicSubnetEndIp')]"
      },
      "dependsOn": [
        "[resourceId('Microsoft.DataLakeStore/accounts', variables('dataLakeAccountName'))]"
      ]
    },
    {
      "type": "Microsoft.DataFactory/factories",
      "apiVersion": "2017-09-01-preview",
      "name": "[variables('dataFactoryName')]",
      "condition": "[equals(variables('environmentVariable').deployDataFactory,'True')]",
      "location": "[parameters('dataFactoryLocation')]",
      "identity": {
        "type": "SystemAssigned"
      },
      "properties": {},
      "resources": [
        {
          "type": "Microsoft.DataFactory/factories/integrationruntimes",
          "apiVersion": "2017-09-01-preview",
          "name": "[concat(variables('dataFactoryName'), '/', variables('integrationRuntime1Name'))]",
          "condition": "[equals(variables('environmentVariable').deployDataFactory,'True')]",
          "dependsOn": [
            "[variables('dataFactoryName')]"
          ],
          "properties": {
            "type": "SelfHosted",
            "description": "[variables('integrationRuntime1Description')]"
          }
        },
        {
          "type": "providers/diagnosticSettings",
          "name": "[concat('Microsoft.Insights/', 'service')]",
          "condition": "[equals(variables('environmentVariable').deployDataFactory,'True')]",
          "dependsOn": [
            "[resourceId('Microsoft.DataFactory/factories', variables('dataFactoryName'))]"
          ],
          "apiVersion": "2017-05-01-preview",
          "properties": {
            "name": "service",
            "workspaceId": "[parameters('workspaceId')]",
            "logs": [
              {
                "category": "ActivityRuns",
                "enabled": "True",
                "retentionPolicy": {
                  "days": "[parameters('logsRetentionDays')]",
                  "enabled": "[variables('logsRetentionEnabled')]"
                }
              },
              {
                "category": "PipelineRuns",
                "enabled": "True",
                "retentionPolicy": {
                  "days": "[parameters('logsRetentionDays')]",
                  "enabled": "[variables('logsRetentionEnabled')]"
                }
              },
              {
                "category": "TriggerRuns",
                "enabled": "True",
                "retentionPolicy": {
                  "days": "[parameters('logsRetentionDays')]",
                  "enabled": "[variables('logsRetentionEnabled')]"
                }
              }
            ],
            "metrics": [
              {
                "category": "AllMetrics",
                "enabled": "True",
                "retentionPolicy": {
                  "days": "[parameters('logsRetentionDays')]",
                  "enabled": "[variables('logsRetentionEnabled')]"
                }
              }
            ]
          }
        }
      ]
    },
    {
      "type": "Microsoft.DataFactory/factories/linkedServices",
      "name": "[concat(variables('dataFactoryName'), '/OnpremiseHana')]",
      "apiVersion": "2017-09-01-preview",
      "condition": "[equals(variables('environmentVariable').deployDataFactory,'True')]",
      "properties": {
        "type": "SapHana",
        "typeProperties": {
          "server": "[parameters('onPremiseHanaServerName')]",
          "authenticationType": "Basic",
          "userName": "[parameters('onPremiseHanaUserName')]",
          "password": {
            "type": "SecureString",
            "value": "[parameters('onPremiseHanaUserPassword')]"
          }
        },
        "connectVia": {
          "referenceName": "[variables('integrationRuntime1Name')]",
          "type": "IntegrationRuntimeReference"
        }
      },
      "dependsOn": [
        "[concat('Microsoft.DataFactory/factories/', variables('dataFactoryName'), '/integrationRuntimes/', variables('integrationRuntime1Name'))]"
      ]
    },
    {
      "type": "Microsoft.DataFactory/factories/linkedServices",
      "name": "[concat(variables('dataFactoryName'), '/OnPremSQLC2C')]",
      "apiVersion": "2018-06-01",
      "condition": "[equals(variables('environmentVariable').deployDataFactory,'True')]",
      "properties": {
        "type": "SqlServer",
        "typeProperties": {
          "connectionString": {
            "type": "SecureString",
            "value": "[parameters('onPremiseSQLC2CConnectionString')]"
          },
          "password": {
            "type": "SecureString",
            "value": "[parameters('onPremiseSQLC2CUserPassword')]"
          }
        },
        "connectVia": {
          "referenceName": "[variables('integrationRuntime1Name')]",
          "type": "IntegrationRuntimeReference"
        }
      },
      "dependsOn": [
        "[concat('Microsoft.DataFactory/factories/', variables('dataFactoryName'), '/integrationRuntimes/', variables('integrationRuntime1Name'))]"
      ]
    },
    {
      "type": "Microsoft.DataFactory/factories/linkedServices",
      "name": "[concat(variables('dataFactoryName'), '/OnpremiseHanaHR')]",
      "apiVersion": "2017-09-01-preview",
      "condition": "[equals(variables('environmentVariable').deployDataFactoryHRLinkedService,'True')]",
      "properties": {
        "type": "SapHana",
        "typeProperties": {
          "server": "[parameters('onPremiseHanaHRServerName')]",
          "authenticationType": "Basic",
          "userName": "[parameters('onPremiseHanaHRUserName')]",
          "password": {
            "type": "SecureString",
            "value": "[parameters('onPremiseHanaHRUserPassword')]"
          }
        },
        "connectVia": {
          "referenceName": "[variables('integrationRuntime1Name')]",
          "type": "IntegrationRuntimeReference"
        }
      },
      "dependsOn": [
        "[concat('Microsoft.DataFactory/factories/', variables('dataFactoryName'), '/integrationRuntimes/', variables('integrationRuntime1Name'))]"
      ]
    },
    {
      "type": "Microsoft.DataFactory/factories/linkedServices",
      "name": "[concat(variables('dataFactoryName'), '/', variables('dataLakeAccountName'))]",
      "apiVersion": "2017-09-01-preview",
      "condition": "[equals(variables('environmentVariable').deployDataFactory,'True')]",
      "properties": {
        "type": "AzureDataLakeStore",
        "typeProperties": {
          "dataLakeStoreUri": "[concat('https://', reference(variables('dataLakeAccountResourceId'), '2016-11-01').endpoint, '/webhdfs/v1')]",
          "tenant": "[reference(variables('dataLakeAccountIdResourceId'), '2015-08-31-PREVIEW').tenantId]",
          "subscriptionId": "[subscription().subscriptionId]",
          "resourceGroupName": "[resourceGroup().Name]"
        },
        "connectVia": {
          "referenceName": "[variables('integrationRuntime1Name')]",
          "type": "IntegrationRuntimeReference"
        }
      },
      "dependsOn": [
        "[concat('Microsoft.DataFactory/factories/', variables('dataFactoryName'), '/integrationRuntimes/', variables('integrationRuntime1Name'))]",
        "[resourceId('Microsoft.DataLakeStore/accounts', variables('dataLakeAccountName'))]"
      ]
    },
    {
      "type": "Microsoft.DataFactory/factories/linkedServices",
      "name": "[concat(variables('dataFactoryName'), '/OnpremiseFileShare')]",
      "apiVersion": "2017-09-01-preview",
      "condition": "[equals(variables('environmentVariable').deployDataFactory,'True')]",
      "properties": {
        "type": "FileServer",
        "typeProperties": {
          "host": "[parameters('onPremiseFileShareServerName')]",
          "userId": "[parameters('onPremiseFileShareUserName')]",
          "password": {
            "type": "SecureString",
            "value": "[parameters('onPremiseFileSharePassword')]"
          }
        },
        "connectVia": {
          "referenceName": "[variables('integrationRuntime1Name')]",
          "type": "IntegrationRuntimeReference"
        }
      },
      "dependsOn": [
        "[concat('Microsoft.DataFactory/factories/', variables('dataFactoryName'), '/integrationRuntimes/', variables('integrationRuntime1Name'))]"
      ]
    },
    {
      "type": "Microsoft.DataFactory/factories/linkedServices",
      "name": "[concat(variables('dataFactoryName'), '/OnPremSQLTalentFinder')]",
      "apiVersion": "2018-06-01",
      "condition": "[equals(variables('environmentVariable').deployDataFactorySQLTalentFinderLinkedService,'True')]",
      "properties": {
        "type": "SqlServer",
        "typeProperties": {
          "connectionString": {
            "type": "SecureString",
            "value": "[parameters('onPremiseSQLTalentFinderConnectionString')]"
          },
          "password": {
            "type": "SecureString",
            "value": "[parameters('onPremiseSQLTalentFinderUserPassword')]"
          }
        },
        "connectVia": {
          "referenceName": "[variables('integrationRuntime1Name')]",
          "type": "IntegrationRuntimeReference"
        }
      },
      "dependsOn": [
        "[concat('Microsoft.DataFactory/factories/', variables('dataFactoryName'), '/integrationRuntimes/', variables('integrationRuntime1Name'))]"
      ]
    },
    {
      "type": "Microsoft.DataFactory/factories/linkedServices",
      "name": "[concat(variables('dataFactoryName'), '/OnpremiseHanaAmex')]",
      "apiVersion": "2017-09-01-preview",
      "condition": "[equals(variables('environmentVariable').deployDataFactory,'True')]",
      "properties": {
        "type": "SapHana",
        "typeProperties": {
          "server": "[parameters('onPremiseHanaAmexServerName')]",
          "authenticationType": "Basic",
          "userName": "[parameters('onPremiseHanaAmexUserName')]",
          "password": {
            "type": "SecureString",
            "value": "[parameters('onPremiseHanaAmexUserPassword')]"
          }
        },
        "connectVia": {
          "referenceName": "[variables('integrationRuntime1Name')]",
          "type": "IntegrationRuntimeReference"
        }
      },
      "dependsOn": [
        "[concat('Microsoft.DataFactory/factories/', variables('dataFactoryName'), '/integrationRuntimes/', variables('integrationRuntime1Name'))]"
      ]
    },
    {
      "type": "Microsoft.DataFactory/factories/linkedServices",
      "name": "[concat(variables('dataFactoryName'), '/OnpremiseTalentResume')]",
      "apiVersion": "2017-09-01-preview",
      "condition": "[equals(variables('environmentVariable').deployDataFactory,'True')]",
      "properties": {
        "type": "FileServer",
        "typeProperties": {
          "host": "[parameters('OnpremiseTalentResumeServerName')]",
          "userId": "[parameters('OnpremiseTalentResumeUserName')]",
          "password": {
            "type": "SecureString",
            "value": "[parameters('OnpremiseTalentResumePassword')]"
          }
        },
        "connectVia": {
          "referenceName": "[variables('integrationRuntime1Name')]",
          "type": "IntegrationRuntimeReference"
        }
      },
      "dependsOn": [
        "[concat('Microsoft.DataFactory/factories/', variables('dataFactoryName'), '/integrationRuntimes/', variables('integrationRuntime1Name'))]"
      ]
    },
    {
      "type": "Microsoft.DataFactory/factories/linkedServices",
      "name": "[concat(variables('dataFactoryName'), '/OnPremSQLGPSDMA')]",
      "apiVersion": "2018-06-01",
      "condition": "[equals(variables('environmentVariable').deployDataFactorySQLGPSDMALinkedService,'True')]",
      "properties": {
        "type": "SqlServer",
        "typeProperties": {
          "connectionString": {
            "type": "SecureString",
            "value": "[parameters('onPremiseSQLGPSDMAConnectionString')]"
          },
          "password": {
            "type": "SecureString",
            "value": "[parameters('onPremiseSQLGPSDMAUserPassword')]"
          }
        },
        "connectVia": {
          "referenceName": "[variables('integrationRuntime1Name')]",
          "type": "IntegrationRuntimeReference"
        }
      },
      "dependsOn": [
        "[concat('Microsoft.DataFactory/factories/', variables('dataFactoryName'), '/integrationRuntimes/', variables('integrationRuntime1Name'))]"
      ]
    }
  ],
  "outputs": {}
}