{
    "$schema": "https://schema.management.azure.com/schemas/2015-01-01/deploymentTemplate.json#",
    "contentVersion": "1.0.0.0",
    "parameters": {
      "projectCode": {
        "type": "string",
        "metadata": {
          "description": "The project 3 digits code"
        }
      },
      "environmentCode": {
        "type": "string",
        "metadata": {
          "description": "The environment 3 digits code"
        },
        "allowedValues": [
          "dev",
          "qas",
          "loa",
          "stg",
          "prd",
          "bcp"
        ]
      },
      "dataFactoryLocation": {
        "type": "string",
        "metadata": {
          "description": "The location of the Data Factory"
        },
        "allowedValues": [
          "East US 2",
          "West US"
        ]
      },
      "onPremiseHanaHRServerName": {
        "type": "securestring",
        "metadata": {
          "description": "On Premise SAP HANA HR key vault reference to server name"
        }
      },
      "onPremiseHanaHRUserName": {
        "type": "securestring",
        "metadata": {
          "description": "On Premise SAP HANA HR key vault reference to user name"
        }
      },
      "onPremiseHanaHRUserPassword": {
        "type": "securestring",
        "metadata": {
          "description": "On Premise SAP HANA HR key vault reference to user password"
        }
      },
      "workspaceId": {
        "type": "string",
        "metadata": {
          "description": "Log Analytics workspace ID for the Log Analytics workspace to which logs will be sent."
        }
      },
      "logsRetentionDays": {
        "type": "int",
        "defaultValue": 0,
        "metadata": {
          "description": "Defines the number of logs retention days"
        }
      }
    },
    "variables": {
      "environment": {
        "dev": {
          "char": "d",
          "subscription": "preprod",
          "roleNameGuid1": "4bf01355-793a-4e21-957f-16c6d640f773",
          "roleNameGuid2": "6dbac21f-3410-4574-9649-7366be4158c3",
          "regionCode1": "eus2",
          "regionCode2": "eus2",
          "deployDataFactory": "True",
          "deployDataFactoryHR": "True"
        }
      },
      "environmentVariable": "[variables('environment')[parameters('environmentCode')]]",
      "logsRetentionEnabled": "[if(equals(parameters('logsRetentionDays'), 0), 'False', 'True')]",
      "dataFactoryHRName": "[concat(variables('environmentVariable').char, parameters('projectCode'),'dfHR-', variables('environmentVariable').regionCode1)]",
      "integrationRuntime1Name": "[concat(variables('environmentVariable').char, parameters('projectCode'),'-onpremiseir')]",
      "integrationRuntime1Description": "[concat(parameters('environmentCode'), ' ', variables('integrationRuntime1Name'), 'Integration Runtime Engine')]"
    },
    "resources": [
      {
        "type": "Microsoft.DataFactory/factories",
        "apiVersion": "2018-06-01",
        "name": "[variables('dataFactoryHRName')]",
        "condition": "[equals(variables('environmentVariable').deployDataFactoryHR,'True')]",
        "location": "[parameters('dataFactoryLocation')]",
        "identity": {
          "type": "SystemAssigned"
        },
        "properties": {},
        "resources": [
          {
            "type": "providers/diagnosticSettings",
            "name": "[concat('Microsoft.Insights/', 'service')]",
            "condition": "[equals(variables('environmentVariable').deployDataFactoryHR,'True')]",
            "dependsOn": [
              "[resourceId('Microsoft.DataFactory/factories', variables('dataFactoryHRName'))]"
            ],
            "apiVersion": "2017-05-01-preview",
            "properties": {
              "name": "service",
              "workspaceId": "[parameters('workspaceId')]",
              "logs": [
                {
                  "category": "ActivityRuns",
                  "enabled": "True",
                  "retentionPolicy": {
                    "days": "[parameters('logsRetentionDays')]",
                    "enabled": "[variables('logsRetentionEnabled')]"
                  }
                },
                {
                  "category": "PipelineRuns",
                  "enabled": "True",
                  "retentionPolicy": {
                    "days": "[parameters('logsRetentionDays')]",
                    "enabled": "[variables('logsRetentionEnabled')]"
                  }
                },
                {
                  "category": "TriggerRuns",
                  "enabled": "True",
                  "retentionPolicy": {
                    "days": "[parameters('logsRetentionDays')]",
                    "enabled": "[variables('logsRetentionEnabled')]"
                  }
                }
              ],
              "metrics": [
                {
                  "category": "AllMetrics",
                  "enabled": "True",
                  "retentionPolicy": {
                    "days": "[parameters('logsRetentionDays')]",
                    "enabled": "[variables('logsRetentionEnabled')]"
                  }
                }
              ]
            }
          }
        ]
      }
    ],
    "outputs": {}
  }
