﻿{
  "$schema": "https://schema.management.azure.com/schemas/2015-01-01/deploymentParameters.json#",
  "contentVersion": "1.0.0.0",
  "parameters": {
    "projectCode": {
      "value": "dslab"
    },
    "dataFactoryName": {
      "value": "ddslabdf2-eus2"
    },
    "environmentCode": {
      "value": "dev"
    },
    "linkedServicesOnpremiseHana": {
      "value": "OnpremiseHana"
    },
    "linkedServicesOnpremiseHanaAmex": {
      "value": "OnpremiseHanaAmex"
    },
    "linkedServiceOnpremiseFileShare": {
      "value": "OnpremiseFileShare"
    },
    "linkedServiceDSLabParquet": {
      "value": "DSLabParquetDatabricks"
    },
    "linkedServiceOnPremiseTalentFileshare": {
      "value": "OnpremiseTalentResume"
    },
    "linkedServicesOnpremiseSQLServerDMA": {
      "value": "OnPremSQLGPSDMA"
    },
    "linkedServicesOnpremiseSQLServer": {
      "value": "OnPremSQLC2C"
    },
    /*
    "DatabricksParquetNotebookPath_GL": {
      "value": "/DSLabManagement/fin-data-parquet"
    },
    "DatabricksParquetNotebookParam_GL_tablename": { 
      "value": "dslab_test.gl_"
    },
    "DatabricksParquetNotebookParam_GL_headerspath": {
      "value": "adl://ddslabdlseus2.azuredatalakestore.net/dtus/core/finance/general_ledger/national/headers.csv"
    },
    "DatabricksParquetNotebookParam_GL_sourcepath": {
      "value": "adl://ddslabdlseus2.azuredatalakestore.net/dtus/core/finance/general_ledger/national/csv/"
    },
    "DatabricksParquetNotebookParam_GL_targetpath": {
      "value": "adl://ddslabdlseus2.azuredatalakestore.net/dtus/core/finance/general_ledger/national/parquet/"
    },
    "DatabricksParquetNotebookParam_GL_uploadtype": {
      "value": "Delta"
    }, */
    "DS_ADSL_GL_SHARED_properties_typeProperties_fileName": {
      "value": "@dataset().fileName"
    },
    "DS_ADSL_GL_SHARED_properties_typeProperties_folderPath": {
      "value": "@dataset().filePath"
    },

    //"DS_ADLS_PPMD_GENDER_properties_typeProperties_fileName": {
    //  "value": "ppmd_gender.csv"
    //},
    //"DS_ADLS_PPMD_GENDER_properties_typeProperties_folderPath": {
    //  "value": "/dtus/core_hr/ppmd/ppmd_gender/national"
    //},

    // Mercury Reconciliation
    "DS_ADLS_MERCURY_RECON_ROOT_FOLDER_properties_typeProperties_folderPath": {
      "value": "/dtus/core/management/mercury/reconciliation/csv"
    },
    // End of Mercury Reconciliation

    // DTE Reconciliation
    "DS_ADLS_DTE_RECON_ROOT_FOLDER_properties_typeProperties_folderPath": {
      "value": "/dtus/core/management/dte/reconciliation/csv"
    },
    // End of DTE Reconciliation

    // AMEX Reconciliation
    "DS_ADLS_AMEX_RECON_ROOT_FOLDER_properties_typeProperties_folderPath": {
      "value": "/dtus/core/management/amex/reconciliation/csv/"
    },
    // End of AMEX Reconciliation
    
    //MERCURY_OPEN_CLOSE_OPP_SNAPSHOT parameters
    "DS_ADLS_MERCURY_OPEN_CLOSE_OPP_SNAPSHOT_properties_typeProperties_fileName": {
      "value": "@dataset().fileName"

    },
    "DS_ADLS_MERCURY_OPEN_CLOSE_OPP_SNAPSHOT_properties_typeProperties_folderPath": {
      "value": "@dataset().filePath"
    },

    "DS_ADSL_HEADER_properties_typeProperties_folderPath": {
      "value": "@dataset().filePath"
    },
    "DS_ADSL_HEADER_properties_typeProperties_fileName": {
      "value": "@dataset().fileName"
    },
    "DS_ADSL_AR_SHARED_properties_typeProperties_fileName": {
      "value": "@dataset().fileName"
    },
    "DS_ADSL_AR_SHARED_properties_typeProperties_folderPath": {
      "value": "@dataset().filePath"
    },
    "DS_ADLS_AR_SHARED_PRQ_properties_typeProperties_fileName": {
      "value": "@dataset().fileName"
    },
    "DS_ADLS_AR_SHARED_PRQ_properties_typeProperties_folderPath": {
      "value": "@dataset().filePath"
    },
    "DS_ADLS_PROFITABILITY_properties_typeProperties_fileName": {
      "value": "@dataset().fileName"
    },
    "DS_ADLS_PROFITABILITY_properties_typeProperties_folderPath": {
      "value": "@dataset().filePath"
    },
    "DS_ADLS_PROFITABILITY_PRQ_properties_typeProperties_fileName": {
      "value": "@dataset().fileName"
    },
    "DS_ADLS_PROFITABILITY_PRQ_properties_typeProperties_folderPath": {
      "value": "@dataset().filePath"
    },
    "DS_ADLS_CLIENT_properties_typeProperties_fileName": {
      "value": "client.csv"
    },
    "DS_ADLS_CLIENT_properties_typeProperties_folderPath": {
      "value": "/dtus/core/masterdata/client/csv"
    },
    "DS_ADLS_COSTCENTER_properties_typeProperties_fileName": {
      "value": "costcenter.csv"
    },
    "DS_ADLS_COSTCENTER_properties_typeProperties_folderPath": {
      "value": "/dtus/core/masterdata/costcenter/csv"
    },
    "DS_ADLS_PROFIT_COST_HIER_NL_properties_typeProperties_fileName": {
      "value": "profit_cost_hier_nl.csv"
    },
    "DS_ADLS_PROFIT_COST_HIER_NL_properties_typeProperties_folderPath": {
      "value": "/dtus/core/masterdata/profit_cost_hier_nl"
    },
    "DS_ADLS_PROFIT_COST_HIER_PC_properties_typeProperties_fileName": {
      "value": "profit_cost_hier_pc.csv"
    },
    "DS_ADLS_PROFIT_COST_HIER_PC_properties_typeProperties_folderPath": {
      "value": "/dtus/core/masterdata/profit_cost_hier_pc"
    },
    "DS_ADLS_PROFIT_COST_HIER_CAT_properties_typeProperties_fileName": {
      "value": "profit_cost_hier_cat.csv"
    },
    "DS_ADLS_PROFIT_COST_HIER_CAT_properties_typeProperties_folderPath": {
      "value": "/dtus/core/masterdata/profit_cost_hier_cat"
    },
    "DS_ADLS_COSTCENTER_ECC_properties_typeProperties_folderPath": {
      "value": "dtus/core/masterdata/costcenter_ecc"
    },
    "DS_ADLS_EMPLOYEE_properties_typeProperties_fileName": {
      "value": "employee.csv"
    },
    "DS_ADLS_EMPLOYEE_properties_typeProperties_folderPath": {
      "value": "/dtus/core/masterdata/employee/csv"
    },

    "DS_ADLS_EMPLOYEE_TD_properties_typeProperties_fileName": {
      "value": "@dataset().fileName"
    },
    "DS_ADLS_EMPLOYEE_TD_properties_typeProperties_folderPath": {
      "value": "/dtus/core/masterdata/employee_history/csv"
    },

    "DS_ADLS_PARENT_CLIENT_properties_typeProperties_fileName": {
      "value": "parent_client.csv"
    },
    "DS_ADLS_PARENT_CLIENT_properties_typeProperties_folderPath": {
      "value": "/dtus/core/masterdata/parent_client/csv"
    },
    "DS_ADLS_WBS_properties_typeProperties_fileName": {
      "value": "wbs.csv"
    },
    "DS_ADLS_WBS_properties_typeProperties_folderPath": {
      "value": "/dtus/core/masterdata/wbs/csv"
    },
    "DS_ADLS_PROFITCENTER_properties_typeProperties_fileName": {
      "value": "profitcenter.csv"
    },
    "DS_ADLS_PROFITCENTER_properties_typeProperties_folderPath": {
      "value": "/dtus/core/masterdata/profitcenter/csv"
    },
    "DS_ADLS_AA_TYPE_properties_typeProperties_fileName": {
      "value": "aa_type.csv"
    },
    "DS_ADLS_ACCOUNT_properties_typeProperties_fileName": {
      "value": "account.csv"
    },
    "DS_ADLS_COMPANY_CODE_properties_typeProperties_fileName": {
      "value": "company_code.csv"
    },
    "DS_ADLS_DOCUMENT_TYPE_properties_typeProperties_fileName": {
      "value": "document_type.csv"
    },
    "DS_ADLS_TEXTS_properties_typeProperties_folderPath": {
      "value": "/dtus/core/masterdata/texts/csv"
    },
    "DS_ADLS_CP3_ROOT_FOLDER_properties_typeProperties_folderPath": {
      "value": "/dtus/core/cp3/"
    },
    "DS_ADLS_MCE_ROOT_FOLDER_properties_typeProperties_folderPath": {
      "value": "/dtus/core/mce/"
    },
    "DS_ADLS_DTE_ROOT_FOLDER_properties_typeProperties_folderPath": {
      "value": "/dtus/core/dte/"
    },
    "DS_ADLS_FINANCE_ROOT_FOLDER_properties_typeProperties_folderPath": {
      "value": "/dtus/core/finance/"
    },
    "PL_COPY_HANA_DTE_DOCUMENT_parameters_rowsInRange": {
      "value": 4000000
    },
    "PL_COPY_HANA_DTE_TRIP_parameters_rowsInRange": {
      "value": 10000000
    },
    "DS_ADLS_DTE_TIME_ROOT_FOLDER_properties_typeProperties_folderPath": {
      "value": "/dtus/core/dte/time"
    },
    "DS_ADLS_MERCURY_COMPETITOR_properties_typeProperties_folderPath": {
      "value": "/dtus/core/mercury/competitor/national"
    },
    "DS_ADLS_MERCURY_COMPETITOR_properties_typeProperties_fileName": {
      "value": "mercury_competitor.csv"
    },
    "DS_ADLS_MERCURY_ALLIANCE_PRODUCT_properties_typeProperties_folderPath": {
      "value": "/dtus/core/mercury/alliance_product/national"
    },
    "DS_ADLS_MERCURY_ALLIANCE_PRODUCT_properties_typeProperties_fileName": {
      "value": "mercury_alliance_product.csv"
    },
    "DS_ADLS_MERCURY_OPPORTUNITY_EXTRACT_properties_typeProperties_folderPath": {
      "value": "/dtus/core/mercury/opportunity/national"
    },
    "DS_ADLS_MERCURY_OPPORTUNITY_EXTRACT_properties_typeProperties_fileName": {
      "value": "mercury_opportunity.csv"
    },
    "DS_ADLS_MERCURY_SERVICE_EXTRACT_properties_typeProperties_folderPath": {
      "value": "/dtus/core/mercury/service/national"
    },
    "DS_ADLS_MERCURY_SERVICE_EXTRACT_properties_typeProperties_fileName": {
      "value": "mercury_service.csv"
    },
    "DS_ADLS_MERCURY_EVENT_EXTRACT_properties_typeProperties_folderPath": {
      "value": "/dtus/core/mercury/event/national"
    },
    "DS_ADLS_MERCURY_EVENT_EXTRACT_properties_typeProperties_fileName": {
      "value": "mercury_event.csv"
    },
    "DS_ADLS_MERCURY_TASK_EXTRACT_properties_typeProperties_folderPath": {
      "value": "/dtus/core/mercury/task/national"
    },
    "DS_ADLS_MERCURY_TASK_EXTRACT_properties_typeProperties_fileName": {
      "value": "mercury_task.csv"
    },
    "DS_ADLS_MERCURY_ALUMNI_properties_typeProperties_folderPath": {
      "value": "/dtus/core/mercury/alumni/national"
    },
    "DS_ADLS_MERCURY_ALUMNI_properties_typeProperties_fileName": {
      "value": "mercury_alumni.csv"
    },
    "DS_ADLS_MERCURY_PURSUIT_TEAM_MEMBER_properties_typeProperties_folderPath": {
      "value": "/dtus/core/mercury/pursuit_team_member/national"
    },
    "DS_ADLS_MERCURY_PURSUIT_TEAM_MEMBER_properties_typeProperties_fileName": {
      "value": "mercury_pursuit_team_member.csv"
    },
    "DS_ADLS_MERCURY_CAMPAIGN_properties_typeProperties_folderPath": {
      "value": "/dtus/core/mercury/campaign/national"
    },
    "DS_ADLS_MERCURY_CAMPAIGN_properties_typeProperties_fileName": {
      "value": "mercury_campaign.csv"
    },
    "DS_ADLS_MERCURY_CONTACT_properties_typeProperties_folderPath": {
      "value": "/dtus/core/mercury/contact/national"
    },
    "DS_ADLS_MERCURY_CONTACT_properties_typeProperties_fileName": {
      "value": "mercury_contact.csv"
    },
    "DS_ADLS_MERCURY_LEAD_properties_typeProperties_folderPath": {
      "value": "/dtus/core/mercury/lead/national"
    },
    "DS_ADLS_MERCURY_LEAD_properties_typeProperties_fileName": {
      "value": "mercury_lead.csv"
    },
    "DS_ADLS_CLIENT_PRQ_properties_typeProperties_fileName": {
      "value": "client.parquet"
    },
    "DS_ADLS_CLIENT_PRQ_properties_typeProperties_folderPath": {
      "value": "/dtus/core/masterdata/client/parquet"
    },
    "DS_ADLS_COSTCENTER_PRQ_properties_typeProperties_fileName": {
      "value": "costcenter.parquet"
    },
    "DS_ADLS_COSTCENTER_PRQ_properties_typeProperties_folderPath": {
      "value": "/dtus/core/masterdata/costcenter/parquet"
    },
    "DS_ADLS_EMPLOYEE_PRQ_properties_typeProperties_fileName": {
      "value": "employee.parquet"
    },
    "DS_ADLS_EMPLOYEE_PRQ_properties_typeProperties_folderPath": {
      "value": "/dtus/core/masterdata/employee/parquet"
    },
    "DS_ADLS_PARENT_CLIENT_PRQ_properties_typeProperties_fileName": {
      "value": "parent_client.parquet"
    },
    "DS_ADLS_PARENT_CLIENT_PRQ_properties_typeProperties_folderPath": {
      "value": "/dtus/core/masterdata/parent_client/parquet"
    },
    "DS_ADLS_WBS_PRQ_properties_typeProperties_fileName": {
      "value": "wbs.parquet"
    },
    "DS_ADLS_WBS_PRQ_properties_typeProperties_folderPath": {
      "value": "/dtus/core/masterdata/wbs/parquet"
    },
    "DS_ADLS_PROFITCENTER_PRQ_properties_typeProperties_fileName": {
      "value": "profitcenter.parquet"
    },
    "DS_ADLS_PROFITCENTER_PRQ_properties_typeProperties_folderPath": {
      "value": "/dtus/core/masterdata/profitcenter/parquet"
    },
    "DS_ADLS_AA_TYPE_PRQ_properties_typeProperties_fileName": {
      "value": "aa_type.parquet"
    },
    "DS_ADLS_ACCOUNT_PRQ_properties_typeProperties_fileName": {
      "value": "account.parquet"
    },
    "DS_ADLS_COMPANY_CODE_PRQ_properties_typeProperties_fileName": {
      "value": "company_code.parquet"
    },
    "DS_ADLS_DOCUMENT_TYPE_PRQ_properties_typeProperties_fileName": {
      "value": "document_type.parquet"
    },
    "DS_ADLS_TEXTS_PRQ_properties_typeProperties_folderPath": {
      "value": "/dtus/core/masterdata/texts/parquet"
    },
    "DS_FILE_GL_SHARED_properties_typeProperties_fileName": {
      "value": "@dataset().fileName"
    },
    "DS_FILE_GL_SHARED_properties_typeProperties_folderPath": {
      "value": "GL_SHARED"
    },
    "DS_FILE_AR_SHARED_properties_typeProperties_fileName": {
      "value": "@dataset().fileName"
    },
    "DS_FILE_AR_SHARED_properties_typeProperties_folderPath": {
      "value": "AR_SHARED"
    },

    "DS_ADLS_GL_SHARED_PART_properties_typeProperties_folderPath": {
      "value": "/dtus/core/finance/general_ledger/national/csv/"
    },
    "DS_NAS_GL_SHARED_properties_typeProperties_fileName": {
      "value": "@dataset().fileName"
    },
    "DS_NAS_GL_SHARED_folderPath": {
      "value": "\\\\ushdcnas50.us.deloitte.com\\HANA_DTUS_DWD\\DSLAB\\GL_SHARED\\"
    },

    // START Talent Parameters Values
    "DS_ADLS_TALENT_ROOT_FOLDER_properties_typeProperties_folderPath": {
      "value": "/dtus/core/talent/"
    },

    // START C2C Parameters Values
    "DS_ADLS_C2C_ROOT_FOLDER_properties_typeProperties_folderPath": {
      "value": "/dtus/core/rcm/"
    },

    // END C2C Parameters Values
    
    //Talent resume parameters
    "DS_FILE_NAS_RESUME_SHARE_properties_typeProperties_folderPath": {

      "value": "Resumes"
    },
    "DS_FILE_NAS_METADATA_SHARE_properties_typeProperties_folderPath": {

      "value": "Metadata"
    },
    "DS_ADSL_TALENT_RESUME_properties_typeProperties_folderPath": {
      "value": "@dataset().filePath"
    },
    "DS_ADSL_TALENT_METADATA_properties_typeProperties_folderPath": {
      "value": "@dataset().filePath"
    },

    //Employee TD parameters -- start
    "PL_COPY_HANA_EMPLOYEE_TD_parameters_rowsInRange": {
      "value": 1170000
    },
    //Employee TD parameters -- end
    "DS_NAS_TALENT_FULL_RESUME1_properties_typeProperties_filePath": {
      "value": "Resume_Full1"
    },
    "DS_NAS_TALENT_FULL_RESUME2_properties_typeProperties_filePath": {
      "value": "Resume_Full2"
    },
    "DS_FILE_NAS_METADATA_SHARE_properties_typeProperties_filePath": {
      "value": "Metadata"
    },

    //Talent 2 - Staffit & StaffTrak parameters -- start
    "DS_ADLS_STAFFIT_ROOT_FOLDER_properties_typeProperties_folderPath": {
      "value": "/dtus/core/staffit/"
    },
    "DS_ADLS_STAFFTRAK_AA_ROOT_FOLDER_properties_typeProperties_folderPath": {
      "value": "/dtus/core/stafftrak_aa/"
    },
    "DS_ADLS_STAFFTRAK_TAX_ROOT_FOLDER_properties_typeProperties_folderPath": {
      "value": "/dtus/core/stafftrak_tax/"
    },
    "DS_ADLS_MD_ROOT_FOLDER_properties_typeProperties_folderPath": {
      "value": "/dtus/core/masterdata/"
    }
    //Talent 2 - Staffit & StaffTrak parameters -- end
  }
}
