{
    "$schema": "https://schema.management.azure.com/schemas/2015-01-01/deploymentParameters.json#",
    "contentVersion": "1.0.0.0",
    "parameters": {
      "projectCode": {
        "value": "dslab"
      },
      "dataFactoryLocation": {
        "value": "East US 2"
      },
      "dataLakeLocation": {
        "value": "East US 2"
      },
      "functionCode": {
        "value": "ena"
      },
      "environmentCode": {
        "value": "qas"
      },
      "workspaceId": {
        "value": "/subscriptions/0c660c62-0a87-47e9-90e1-6eb078055ff5/resourceGroups/US-ENABLINGAREAS-PREPROD/providers/Microsoft.OperationalInsights/workspaces/US-ENABLINGAREAS-PREPROD-OMS"
      },
      "logsRetentionDays": {
        "value": 90
      },
      "dataLakeAccountSku": {
        "value": "Consumption"
      },
      "dataLakeAccountEncryptionKeyVersion": {
        "value": "018168f366a94efe9d1dfc989b45b281"
      },
      "deloittePublicSubnetStartIp": {
        "value": "167.219.0.0"
      },
      "deloittePublicSubnetEndIp": {
        "value": "167.219.255.255"
      },
      "deloitteExpressRouteSubnetStartIp": {
        "value": "74.217.93.0"
      },
      "deloitteExpressRouteSubnetEndIp": {
        "value": "74.217.93.255"
      },
      "vnetSharedSubnetStartIp": {
        "value": "40.121.141.223"
      },
      "vnetSharedSubnetEndIp": {
        "value": "40.121.141.223"
      },
      "databricksPublicSubnetStartIp": {
        "value": "100.109.198.38"
      },
      "databricksPublicSubnetEndIp": {
        "value": "100.109.198.38"
      },
      "onPremiseHanaServerName": {
        "reference": {
          "keyVault": {
            "id": "/subscriptions/a538b62c-01c0-4fd3-acc4-e3b725f57982/resourceGroups/AZRG-ENA-DASDSLAB-QAS/providers/Microsoft.KeyVault/vaults/qdslab-cq7tm6cf6whjy"
          },
          "secretName": "onPremiseHanaServerName"
        }
      },
      "onPremiseHanaUserName": {
        "reference": {
          "keyVault": {
            "id": "/subscriptions/a538b62c-01c0-4fd3-acc4-e3b725f57982/resourceGroups/AZRG-ENA-DASDSLAB-QAS/providers/Microsoft.KeyVault/vaults/qdslab-cq7tm6cf6whjy"
          },
          "secretName": "onPremiseHanaUserName"
        }
      },
      "onPremiseHanaUserPassword": {
        "reference": {
          "keyVault": {
            "id": "/subscriptions/a538b62c-01c0-4fd3-acc4-e3b725f57982/resourceGroups/AZRG-ENA-DASDSLAB-QAS/providers/Microsoft.KeyVault/vaults/qdslab-cq7tm6cf6whjy"
          },
          "secretName": "onPremiseHanaUserPassword"
        }
      },
      "onPremiseHanaHRServerName": {
        "reference": {
          "keyVault": {
            "id": "/subscriptions/a538b62c-01c0-4fd3-acc4-e3b725f57982/resourceGroups/AZRG-ENA-DASDSLAB-QAS/providers/Microsoft.KeyVault/vaults/qdslab-cq7tm6cf6whjy"
          },
          "secretName": "onPremiseHanaHRServerName"
        }
      },
      "onPremiseHanaHRUserName": {
        "reference": {
          "keyVault": {
            "id": "/subscriptions/a538b62c-01c0-4fd3-acc4-e3b725f57982/resourceGroups/AZRG-ENA-DASDSLAB-QAS/providers/Microsoft.KeyVault/vaults/qdslab-cq7tm6cf6whjy"
          },
          "secretName": "onPremiseHanaHRUserName"
        }
      },
      "onPremiseHanaHRUserPassword": {
        "reference": {
          "keyVault": {
            "id": "/subscriptions/a538b62c-01c0-4fd3-acc4-e3b725f57982/resourceGroups/AZRG-ENA-DASDSLAB-QAS/providers/Microsoft.KeyVault/vaults/qdslab-cq7tm6cf6whjy"
          },
          "secretName": "onPremiseHanaHRUserPassword"
        }
      },
      "onPremiseFileShareServerName": {
        "reference": {
          "keyVault": {
            "id": "/subscriptions/a538b62c-01c0-4fd3-acc4-e3b725f57982/resourceGroups/AZRG-ENA-DASDSLAB-QAS/providers/Microsoft.KeyVault/vaults/qdslab-cq7tm6cf6whjy"
          },
          "secretName": "OnPremiseFileShareServerName"
        }
      },
      "onPremiseFileShareUserName": {
        "reference": {
          "keyVault": {
            "id": "/subscriptions/a538b62c-01c0-4fd3-acc4-e3b725f57982/resourceGroups/AZRG-ENA-DASDSLAB-QAS/providers/Microsoft.KeyVault/vaults/qdslab-cq7tm6cf6whjy"
          },
          "secretName": "onPremiseFileShareUserName"
        }
      },
      "onPremiseFileSharePassword": {
        "reference": {
          "keyVault": {
            "id": "/subscriptions/a538b62c-01c0-4fd3-acc4-e3b725f57982/resourceGroups/AZRG-ENA-DASDSLAB-QAS/providers/Microsoft.KeyVault/vaults/qdslab-cq7tm6cf6whjy"
          },
          "secretName": "OnPremiseFileSharePassword"
        }
      },
      "onPremiseSQLC2CConnectionString": {
        "reference": {
          "keyVault": {
            "id": "/subscriptions/a538b62c-01c0-4fd3-acc4-e3b725f57982/resourceGroups/AZRG-ENA-DASDSLAB-QAS/providers/Microsoft.KeyVault/vaults/qdslab-cq7tm6cf6whjy"
          },
          "secretName": "onPremiseSQLC2CConnectionString"
        }
      },
      "onPremiseSQLC2CUserPassword": {
        "reference": {
          "keyVault": {
            "id": "/subscriptions/a538b62c-01c0-4fd3-acc4-e3b725f57982/resourceGroups/AZRG-ENA-DASDSLAB-QAS/providers/Microsoft.KeyVault/vaults/qdslab-cq7tm6cf6whjy"
          },
          "secretName": "onPremiseSQLC2CUserPassword"
        }
      },
      "onPremiseSQLTalentFinderConnectionString": {
        "reference": {
          "keyVault": {
            "id": "/subscriptions/a538b62c-01c0-4fd3-acc4-e3b725f57982/resourceGroups/AZRG-ENA-DASDSLAB-QAS/providers/Microsoft.KeyVault/vaults/qdslab-cq7tm6cf6whjy"
          },
          "secretName": "onPremiseSQLTalentFinderConnectionString"
        }
      },
      "onPremiseSQLTalentFinderUserPassword": {
        "reference": {
          "keyVault": {
            "id": "/subscriptions/a538b62c-01c0-4fd3-acc4-e3b725f57982/resourceGroups/AZRG-ENA-DASDSLAB-QAS/providers/Microsoft.KeyVault/vaults/qdslab-cq7tm6cf6whjy"
          },
          "secretName": "onPremiseSQLTalentFinderUserPassword"
        }
      },
      "onPremiseHanaAmexServerName": {
        "reference": {
          "keyVault": {
            "id": "/subscriptions/a538b62c-01c0-4fd3-acc4-e3b725f57982/resourceGroups/AZRG-ENA-DASDSLAB-QAS/providers/Microsoft.KeyVault/vaults/qdslab-cq7tm6cf6whjy"
          },
          "secretName": "OnPremiseHanaAmexServerName"
        }
      },
      "onPremiseHanaAmexUserName": {
        "reference": {
          "keyVault": {
            "id": "/subscriptions/a538b62c-01c0-4fd3-acc4-e3b725f57982/resourceGroups/AZRG-ENA-DASDSLAB-QAS/providers/Microsoft.KeyVault/vaults/qdslab-cq7tm6cf6whjy"
          },
          "secretName": "OnPremiseHanaAmexUserName"
        }
      },
      "onPremiseHanaAmexUserPassword": {
        "reference": {
          "keyVault": {
            "id": "/subscriptions/a538b62c-01c0-4fd3-acc4-e3b725f57982/resourceGroups/AZRG-ENA-DASDSLAB-QAS/providers/Microsoft.KeyVault/vaults/qdslab-cq7tm6cf6whjy"
          },
          "secretName": "OnPremiseHanaAmexUserPassword"
        }
      },
      "onPremiseTalentResumeServerName": {
        "reference": {
          "keyVault": {
            "id": "/subscriptions/a538b62c-01c0-4fd3-acc4-e3b725f57982/resourceGroups/AZRG-ENA-DASDSLAB-QAS/providers/Microsoft.KeyVault/vaults/qdslab-cq7tm6cf6whjy"
          },
          "secretName": "onPremiseTalentResumeServerName"
        }
      },
      "onPremiseTalentResumeUserName": {
        "reference": {
          "keyVault": {
            "id": "/subscriptions/a538b62c-01c0-4fd3-acc4-e3b725f57982/resourceGroups/AZRG-ENA-DASDSLAB-QAS/providers/Microsoft.KeyVault/vaults/qdslab-cq7tm6cf6whjy"
          },
          "secretName": "onPremiseTalentResumeUserName"
        }
      },
      "onPremiseTalentResumePassword": {
        "reference": {
          "keyVault": {
            "id": "/subscriptions/a538b62c-01c0-4fd3-acc4-e3b725f57982/resourceGroups/AZRG-ENA-DASDSLAB-QAS/providers/Microsoft.KeyVault/vaults/qdslab-cq7tm6cf6whjy"
          },
          "secretName": "onPremiseTalentResumePassword"
        }
      },
      "onPremiseSQLGPSDMAConnectionString": {
        "reference": {
          "keyVault": {
            "id": "/subscriptions/a538b62c-01c0-4fd3-acc4-e3b725f57982/resourceGroups/AZRG-ENA-DASDSLAB-QAS/providers/Microsoft.KeyVault/vaults/qdslab-cq7tm6cf6whjy"
          },
          "secretName": "onPremiseSQLGPSDMAConnectionString"
        }
      },
      "onPremiseSQLGPSDMAUserPassword": {
        "reference": {
          "keyVault": {
            "id": "/subscriptions/a538b62c-01c0-4fd3-acc4-e3b725f57982/resourceGroups/AZRG-ENA-DASDSLAB-QAS/providers/Microsoft.KeyVault/vaults/qdslab-cq7tm6cf6whjy"
          },
          "secretName": "onPremiseSQLGPSDMAUserPassword"
        }
      },
      "projectKeyVaultName": {
        "value": "qdslab-cq7tm6cf6whjy"
      }
    }
  }