{
    "$schema": "https://schema.management.azure.com/schemas/2015-01-01/deploymentParameters.json#",
    "contentVersion": "1.0.0.0",
    "parameters": {
      "projectCode": {
        "value": "dslab"
      },
      "dataFactoryLocation": {
        "value": "East US 2"
      },
      "dataLakeLocation": {
        "value": "East US 2"
      },
      "functionCode": {
        "value": "ena"
      },
      "environmentCode": {
        "value": "stg"
      },
      "workspaceId": {
        "value": "/subscriptions/0c660c62-0a87-47e9-90e1-6eb078055ff5/resourcegroups/US-ENABLINGAREAS-PROD/providers/Microsoft.OperationalInsights/workspaces/US-ENABLINGAREAS-PROD-OMS"
      },
      "logsRetentionDays": {
        "value": 90
      },
      "dataLakeAccountSku": {
        "value": "Consumption"
      },
      "dataLakeAccountEncryptionKeyVersion": {
        "value": "39338eaa64ab45d985d20b463abe09ac"
      },
      "deloittePublicSubnetStartIp": {
        "value": "167.219.0.0"
      },
      "deloittePublicSubnetEndIp": {
        "value": "167.219.255.255"
      },
      "deloitteExpressRouteSubnetStartIp": {
        "value": "74.217.93.0"
      },
      "deloitteExpressRouteSubnetEndIp": {
        "value": "74.217.93.255"
      },
      "vnetSharedSubnetStartIp": {
        "value": "40.121.141.223"
      },
      "vnetSharedSubnetEndIp": {
        "value": "40.121.141.223"
      },
      "databricksPublicSubnetStartIp": {
        "value": "100.109.198.38"
      },
      "databricksPublicSubnetEndIp": {
        "value": "100.109.198.38"
      },
      "onPremiseHanaServerName": {
        "reference": {
          "keyVault": {
            "id": "/subscriptions/bfc7eac2-0d08-4251-921e-5fe25ba65b98/resourceGroups/AZRG-ENA-DASDSLAB-STG/providers/Microsoft.KeyVault/vaults/sdslab-z55pskfjuvl4a"
          },
          "secretName": "OnPremiseHanaServerName"
        }
      },
      "onPremiseHanaUserName": {
        "reference": {
          "keyVault": {
            "id": "/subscriptions/bfc7eac2-0d08-4251-921e-5fe25ba65b98/resourceGroups/AZRG-ENA-DASDSLAB-STG/providers/Microsoft.KeyVault/vaults/sdslab-z55pskfjuvl4a"
          },
          "secretName": "OnPremiseHanaUserName"
        }
      },
      "onPremiseHanaUserPassword": {
        "reference": {
          "keyVault": {
            "id": "/subscriptions/bfc7eac2-0d08-4251-921e-5fe25ba65b98/resourceGroups/AZRG-ENA-DASDSLAB-STG/providers/Microsoft.KeyVault/vaults/sdslab-z55pskfjuvl4a"
          },
          "secretName": "OnPremiseHanaUserPassword"
        }
      },
      "onPremiseHanaHRServerName": {
        "reference": {
          "keyVault": {
            "id": "/subscriptions/bfc7eac2-0d08-4251-921e-5fe25ba65b98/resourceGroups/AZRG-ENA-DASDSLAB-STG/providers/Microsoft.KeyVault/vaults/sdslab-z55pskfjuvl4a"
          },
          "secretName": "OnPremiseHanaHRServerName"
        }
      },
      "onPremiseHanaHRUserName": {
        "reference": {
          "keyVault": {
            "id": "/subscriptions/bfc7eac2-0d08-4251-921e-5fe25ba65b98/resourceGroups/AZRG-ENA-DASDSLAB-STG/providers/Microsoft.KeyVault/vaults/sdslab-z55pskfjuvl4a"
          },
          "secretName": "OnPremiseHanaHRUserName"
        }
      },
      "onPremiseHanaHRUserPassword": {
        "reference": {
          "keyVault": {
            "id": "/subscriptions/bfc7eac2-0d08-4251-921e-5fe25ba65b98/resourceGroups/AZRG-ENA-DASDSLAB-STG/providers/Microsoft.KeyVault/vaults/sdslab-z55pskfjuvl4a"
          },
          "secretName": "OnPremiseHanaHRUserPassword"
        }
      },
      "onPremiseFileShareServerName": {
        "reference": {
          "keyVault": {
            "id": "/subscriptions/bfc7eac2-0d08-4251-921e-5fe25ba65b98/resourceGroups/AZRG-ENA-DASDSLAB-STG/providers/Microsoft.KeyVault/vaults/sdslab-z55pskfjuvl4a"
          },
          "secretName": "OnPremiseFileShareServerName"
        }
      },
      "onPremiseFileShareUserName": {
        "reference": {
          "keyVault": {
            "id": "/subscriptions/bfc7eac2-0d08-4251-921e-5fe25ba65b98/resourceGroups/AZRG-ENA-DASDSLAB-STG/providers/Microsoft.KeyVault/vaults/sdslab-z55pskfjuvl4a"
          },
          "secretName": "onPremiseFileShareUserName"
        }
      },
      "onPremiseFileSharePassword": {
        "reference": {
          "keyVault": {
            "id": "/subscriptions/bfc7eac2-0d08-4251-921e-5fe25ba65b98/resourceGroups/AZRG-ENA-DASDSLAB-STG/providers/Microsoft.KeyVault/vaults/sdslab-z55pskfjuvl4a"
          },
          "secretName": "OnPremiseFileSharePassword"
        }
      },
      "onPremiseSQLC2CConnectionString": {
        "reference": {
          "keyVault": {
            "id": "/subscriptions/bfc7eac2-0d08-4251-921e-5fe25ba65b98/resourceGroups/AZRG-ENA-DASDSLAB-STG/providers/Microsoft.KeyVault/vaults/sdslab-z55pskfjuvl4a"
          },
          "secretName": "onPremiseSQLC2CConnectionString"
        }
      },
      "onPremiseSQLC2CUserPassword": {
        "reference": {
          "keyVault": {
            "id": "/subscriptions/bfc7eac2-0d08-4251-921e-5fe25ba65b98/resourceGroups/AZRG-ENA-DASDSLAB-STG/providers/Microsoft.KeyVault/vaults/sdslab-z55pskfjuvl4a"
          },
          "secretName": "onPremiseSQLC2CUserPassword"
        }
      },
      "onPremiseSQLTalentFinderConnectionString": {
        "reference": {
          "keyVault": {
            "id": "/subscriptions/bfc7eac2-0d08-4251-921e-5fe25ba65b98/resourceGroups/AZRG-ENA-DASDSLAB-STG/providers/Microsoft.KeyVault/vaults/sdslab-z55pskfjuvl4a"
          },
          "secretName": "onPremiseSQLTalentFinderConnectionString"
        }
      },
      "onPremiseSQLTalentFinderUserPassword": {
        "reference": {
          "keyVault": {
            "id": "/subscriptions/bfc7eac2-0d08-4251-921e-5fe25ba65b98/resourceGroups/AZRG-ENA-DASDSLAB-STG/providers/Microsoft.KeyVault/vaults/sdslab-z55pskfjuvl4a"
          },
          "secretName": "onPremiseSQLTalentFinderUserPassword"
        }
      },
      "onPremiseHanaAmexServerName": {
        "reference": {
          "keyVault": {
            "id": "/subscriptions/bfc7eac2-0d08-4251-921e-5fe25ba65b98/resourceGroups/AZRG-ENA-DASDSLAB-STG/providers/Microsoft.KeyVault/vaults/sdslab-z55pskfjuvl4a"
          },
          "secretName": "OnPremiseHanaAmexServerName"
        }
      },
      "onPremiseHanaAmexUserName": {
        "reference": {
          "keyVault": {
            "id": "/subscriptions/bfc7eac2-0d08-4251-921e-5fe25ba65b98/resourceGroups/AZRG-ENA-DASDSLAB-STG/providers/Microsoft.KeyVault/vaults/sdslab-z55pskfjuvl4a"
          },
          "secretName": "OnPremiseHanaAmexUserName"
        }
      },
      "onPremiseHanaAmexUserPassword": {
        "reference": {
          "keyVault": {
            "id": "/subscriptions/bfc7eac2-0d08-4251-921e-5fe25ba65b98/resourceGroups/AZRG-ENA-DASDSLAB-STG/providers/Microsoft.KeyVault/vaults/sdslab-z55pskfjuvl4a"
          },
          "secretName": "OnPremiseHanaAmexUserPassword"
        }
      },
      "onPremiseTalentResumeServerName": {
        "reference": {
          "keyVault": {
            "id": "/subscriptions/bfc7eac2-0d08-4251-921e-5fe25ba65b98/resourceGroups/AZRG-ENA-DASDSLAB-STG/providers/Microsoft.KeyVault/vaults/sdslab-z55pskfjuvl4a"
          },
          "secretName": "onPremiseTalentResumeServerName"
        }
      },
      "onPremiseTalentResumeUserName": {
        "reference": {
          "keyVault": {
            "id": "/subscriptions/bfc7eac2-0d08-4251-921e-5fe25ba65b98/resourceGroups/AZRG-ENA-DASDSLAB-STG/providers/Microsoft.KeyVault/vaults/sdslab-z55pskfjuvl4a"
          },
          "secretName": "onPremiseTalentResumeUserName"
        }
      },
      "onPremiseTalentResumePassword": {
        "reference": {
          "keyVault": {
            "id": "/subscriptions/bfc7eac2-0d08-4251-921e-5fe25ba65b98/resourceGroups/AZRG-ENA-DASDSLAB-STG/providers/Microsoft.KeyVault/vaults/sdslab-z55pskfjuvl4a"
          },
          "secretName": "onPremiseTalentResumePassword"
        }
      },
      "onPremiseSQLGPSDMAConnectionString": {
        "reference": {
          "keyVault": {
            "id": "/subscriptions/bfc7eac2-0d08-4251-921e-5fe25ba65b98/resourceGroups/AZRG-ENA-DASDSLAB-STG/providers/Microsoft.KeyVault/vaults/sdslab-z55pskfjuvl4a"
          },
          "secretName": "onPremiseSQLGPSDMAConnectionString"
        }
      },
      "onPremiseSQLGPSDMAUserPassword": {
        "reference": {
          "keyVault": {
            "id": "/subscriptions/bfc7eac2-0d08-4251-921e-5fe25ba65b98/resourceGroups/AZRG-ENA-DASDSLAB-STG/providers/Microsoft.KeyVault/vaults/sdslab-z55pskfjuvl4a"
          },
          "secretName": "onPremiseSQLGPSDMAUserPassword"
        }
      },
      "projectKeyVaultName": {
        "value": "sdslab-z55pskfjuvl4a"
      }
    }
  }