{
    "$schema": "https://schema.management.azure.com/schemas/2015-01-01/deploymentTemplate.json#",
    "contentVersion": "1.0.0.0",
    "parameters": {
        "trafficManagerDnsName": {
            "type": "string",
            "metadata": {
                "description": "The name of the Traffic Manager"
            }
        },
        "priority": {
            "type": "string",
            "metadata": {
                "description": "The priority of the endpoint - Primary(1) or Secondary(2)"
            },
            "allowedValues": [
                "1",
                "2"
            ]
        },
        "endPointLocation": {
            "type": "string",
            "metadata": {
                "description": "The name of the location for the trafficmanager endpoint"
            }
        },
        "endPointTarget": {
            "type": "string",
            "metadata": {
                "description": "The hostname of the target for the endpoint"
            }
        }
    },
    "variables": {
        "trafficManagerDnsName": "[parameters('trafficManagerDnsName')]",
        "EndPointConfig": {
             "location": "[parameters('endPointLocation')]",
             "priority": "[parameters('priority')]",
             "target": "[parameters('endPointTarget')]"
        }
    },
    "resources": [
        {
            "type": "Microsoft.Network/trafficManagerProfiles/ExternalEndpoints",
            "apiVersion": "2017-05-01",
            "name": "[concat(variables('trafficManagerDnsName'),'/Endpoint-',variables('endPointConfig').priority)]",
            "location": "global",
            "properties": {
                "target": "[variables('endPointConfig').target]",
                "endpointStatus": "Enabled",
                "endpointLocation": "[variables('endPointConfig').location]",
                "priority": "[variables('endPointConfig').priority]"
            }
        }
    ],
    "outputs": {
    }
}
