{
    "$schema": "https://schema.management.azure.com/schemas/2015-01-01/deploymentTemplate.json#",
    "contentVersion": "1.0.0.0",
    "parameters": {
        "trafficManagerDnsName": {
            "type": "string",
            "metadata": {
                "description": "The name of the Traffic Manager"
            }
        },
        "environmentCode": {
            "type": "string",
            "metadata": {
                "description": "The environment 3 digits code"
            },
            "allowedValues": [
                "stg",
                "prd",
                "bcp"
            ]
        },
        "endPointLocation": {
            "type": "string",
            "metadata": {
                "description": "The name of the location for the trafficmanager endpoint"
            }
        },
        "endPointTarget": {
            "type": "string",
            "metadata": {
                "description": "The hostname of the target for the endpoint"
            }
        }
    },
    "variables": {
        "isprd": "[if(equals(parameters('environmentCode'), 'prd'), bool('true'),bool('false'))]",
        "isbcp": "[if(equals(parameters('environmentCode'), 'bcp'), bool('true'),bool('false'))]",
        "isbcporprd" : "[or(variables('isprd'), variables('isbcp'))]",
        "envchar": "[if(variables('isbcporprd'),'',first(parameters('environmentCode')))]",
        "trafficManagerDnsName": "[concat(variables('envchar'), parameters('trafficManagerDnsName'), '-deloitte')]",
        "EndPointConfig": {
             "location": "[parameters('endPointLocation')]",
             "priority": "[if(variables('isbcp'),2,1)]",
             "target": "[parameters('endPointTarget')]"
        }
    },
    "resources": [
        {
            "type": "Microsoft.Network/trafficManagerProfiles",
            "apiVersion": "2018-04-01",
            "name": "[variables('trafficManagerDnsName')]",
            "location": "global",
            "dependsOn": [],
            "properties": {
                "profileStatus": "Enabled",
                "trafficRoutingMethod": "Priority",
                "dnsConfig": {
                    "relativeName": "[variables('trafficManagerDnsName')]",
                    "ttl": 30
                },
                "monitorConfig": {
                    "protocol": "HTTPS",
                    "port": 443,
                    "path": "/api/status"
                }
            }
        },
        {
            "type": "Microsoft.Network/trafficManagerProfiles/ExternalEndpoints",
            "apiVersion": "2017-05-01",
            "name": "[concat(variables('trafficManagerDnsName'),'/Endpoint-',variables('endPointConfig').priority)]",
            "location": "global",
            "properties": {
                "target": "[variables('endPointConfig').target]",
                "endpointStatus": "Enabled",
                "endpointLocation": "[variables('endPointConfig').location]",
                "priority": "[variables('endPointConfig').priority]"
            },
            "dependsOn": [
                "[concat('Microsoft.Network/trafficManagerProfiles/', variables('trafficManagerDnsName'))]"
            ]
        }
    ],
    "outputs": {
        "trafficManager": {
            "type": "string",
            "value": "[variables('trafficManagerDnsName')]"
        }
    }
}
