{
    "$schema": "https://schema.management.azure.com/schemas/2015-01-01/deploymentTemplate.json#",
    "contentVersion": "1.0.0.0",
    "parameters": {
        "trafficManagerDnsName": {
            "type": "string",
            "metadata": {
                "description": "The name of the Traffic Manager"
            }
        },
        "priority": {
            "type": "string",
            "metadata": {
                "description": "The priority of the endpoint - Primary(1) or Secondary(2)"
            },
            "allowedValues": [
                "1",
                "2"
            ]
        },
        "endPointLocation": {
            "type": "string",
            "metadata": {
                "description": "The name of the location for the trafficmanager endpoint"
            }
        },
        "endPointTarget": {
            "type": "string",
            "metadata": {
                "description": "The hostname of the target for the endpoint"
            }
        },
        "TrafficManagertemplateURI": {
            "type": "string",
            "metadata": {
                "description": "The URI of the ARM template for the Traffic Manager."
            }
        },
        "EndPointtemplateURI": {
            "type": "string",
            "metadata": {
                "description": "The URI of the ARM template for the EndPoint"
            }
        },
    },
    "variables": {
        "trafficManager" : {
            "name" : "[parameters('trafficManagerDnsName')]",
            "templateURI" : "[parameters('TrafficManagertemplateURI')]"
        },
        "EndPointConfig": {
             "location": "[parameters('endPointLocation')]",
             "priority": "[parameters('priority')]",
             "target": "[parameters('endPointTarget')]",
             "templateURI" : "[parameters('EndPointtemplateURI')]"
        }

    },
    "resources": [
        {
            "type": "Microsoft.Resources/deployments",
            "apiVersion": "2018-05-01",
            "name": "[concat(variables('trafficManager').name,'-linkedtemplate')]",
            "properties": {
                "mode": "Incremental",
                "templateLink": {
                    "uri": "[variables('trafficManager').templateURI]",
                    "contentVersion": "1.0.0.1"
                },
                "parameters": {
                    "trafficManagerDnsName":{"value": "[variables('trafficManager').name]"}
                }
            }
        },
        {
            "type": "Microsoft.Resources/deployments",
            "apiVersion": "2018-05-01",
            "name": "[concat(variables('EndPointConfig').target,'-linkedtemplate')]",
            "dependsOn": [
                "[concat('Microsoft.Resources/deployments/',variables('trafficManager').name,'-linkedtemplate')]"
            ],
            "properties": {
                "mode": "Incremental",
                "templateLink": {
                    "uri": "[variables('EndPointConfig').templateURI]",
                    "contentVersion": "1.0.0.0"
                },
                "parameters": {
                    "trafficManagerDnsName":{"value": "[variables('trafficManager').name]"},
                    "priority":{"value": "[variables('EndPointConfig').priority]"},
                    "endPointLocation":{"value": "[variables('EndPointConfig').location]"},
                    "endPointTarget":{"value": "[variables('EndPointConfig').target]"}
                }
            }
        }
    ],
    "outputs": {
    }
}