{
  "$schema": "https://schema.management.azure.com/schemas/2015-01-01/deploymentParameters.json#",
  "contentVersion": "1.0.0.0",
  "parameters": {
    "projectCode": {
      "value": "*** Enter 3 to 6 digit project code"
    },
    "functionCode": {
      "value": "*** Enter 3 to 6 digit function code"
    },
    "environmentCode": {
      "value": "prd"
    },
    "sku": {
      "value": "Free"
    },
    "scriptUri": {
      "value": "The source code path (url) for the scrip to be used in the runbook"
    },
    "runbookName": {
      "value": "*** Name of the runbook"
    },
    "regionId": {
      "value": "East US"
    },
    "runbookType": {
      "value": "PowerShell"
    },
    "runbookDescription": {
      "value": "*** Description of the runbook"
    },
    "jobScheduleGuid": {
      "value": "*** The guid for the job schedule"
    },
    "scheduleDescription": {
      "value": "** Description of the schedule"
    },
    "scheduleFrequency": {
      "value": "Day"
    },
    "scheduleStartTime": {
      "value": "**** start time of the runbook scheduled -- in this format : 2019-08-09T23:56:00-05:00"
    },
    "scheduleExpiryTime": {
      "value": "**** expiration time of the runbook scheduled -- in this format : 9999-12-31T17:59:00-06:00"
    },
    "scheduleInterval": {
      "value": "*** Number of intervals days for schedule"
    },
    "AutomationAccountName": {
      "value": "*** Name of Automation Account where this runbook will reside"
    },
    "rb-parameters": {
        "paratmer-name 1" : "Value of paramters-name 1",
        "paratmer-name 2" : "Value of paramters-name 2",
        "paratmer-name 3" : "Value of paramters-name 3",
        "paratmer-name 4" : "Value of paramters-name 4 .. -- Only have number of paramters needed"
    }
  }
}