{
    "$schema": "https://schema.management.azure.com/schemas/2015-01-01/deploymentTemplate.json#",
    "contentVersion": "1.0.0.0",
    "parameters": {
        "projectCode": {
            "type": "string",
            "metadata": {
                "description": "The project 3-5 digits code"
            }
        },
        "environmentCode": {
            "type": "string",
            "metadata": {
                "description": "The environment 3 digits code"
            },
            "allowedValues": [
                "dev",
                "qas",
                "loa",
                "stg",
                "prd",
                "bcp"
            ]
        },
        "customApp1HostName": {
            "type": "string",
            "metadata": {
                "description": "The custom hostname for the primary webapp"
            }
        },
        "sharedKeyVaultId": {
            "type": "string",
            "metadata": {
                "description": "The Key Vault used for the project"
            }
        },
        "workerPool": {
            "type": "string",
            "allowedValues": [
                "1",
                "2",
                "3"
            ],
            "defaultValue": 0,
            "metadata": {
                "description": "Defines which worker pool's (WP1, WP2 or WP3) resources will be used for the app service plan."
            }
        },
        "numberOfWorkersFromWorkerPool": {
            "type": "int",
            "defaultValue": 1,
            "metadata": {
                "description": "Defines the number of workers from the worker pool that will be used by the app service plan."
            }
        },
        "workspaceId": {
            "type": "string",
            "metadata": {
                "description": "Log Analytics workspace ID for the Log Analytics workspace to which logs will be sent."
            }
        },
        "logsRetentionDays": {
            "type": "int",
            "defaultValue": 0,
            "metadata": {
                "description": "Defines the number of logs retention days"
            }
        },
        "azureRegionCode": {
            "type": "string",
            "allowedValues": [
                "eus",
                "wus"
            ],
            "metadata" : {
                "description": "The region code where this resource will be located"
            }
        },
        "azureRegion": {
            "type": "string",
            "metadata" : {
                "description": "The region where this resource will be located"
            }
        },
        "appServiceEnvironmentName": {
            "type": "string",
            "metadata" : {
                "description": "The name of the ASE used by this AppService"
            }
        },
        "appServiceEnvironmentRgName": {
            "type": "string",
            "metadata" : {
                "description": "The name of the resource group where the ASE is located."
            }
        },
        "certKeyVaultSecretName": {
            "type": "string",
            "metadata" : {
                "description": "The name of the certificate stored in shared KeyVault."
            }
        }
    },
    "variables": {
        "appServiceEnvironmentName": "[parameters('appServiceEnvironmentName')]",
        "appServiceEnvironmentRgName": "[parameters('appServiceEnvironmentRgName')]",
        "appInsightsName": "[concat(parameters('environmentCode'), '-', parameters('projectCode'), '-',parameters('azureRegionCode'), '-ai')]",
        "location": "[parameters('azureRegion')]",
        "AppSvcPlan" : {
            "name": "[concat(parameters('environmentCode'), '-', parameters('projectCode'), '-',parameters('azureRegionCode'),'-asp')]",
            "workerPool" : "[parameters('workerPool')]",
            "numberOfWorkersFromWorkerPool" : "[parameters('numberOfWorkersFromWorkerPool')]"
        },
        "certificate" : {
            "secretName" : "[parameters('certKeyVaultSecretName')]",
            "sharedKeyVaultId" : "[parameters('sharedKeyVaultId')]" 
        },
        "AppSvc": {
            "name": "[concat(parameters('environmentCode'), '-', parameters('projectCode'), '-',parameters('azureRegionCode'),'-web')]",
            "customHostName" : "[parameters('customApp1HostName')]"
        },
        "isBcp": "[if(equals(parameters('environmentCode'), 'bcp'), bool('true'), bool('false'))]",
        "OMS": {
            "id": "[parameters('workspaceId')]",
            "logRetention": "[parameters('logsRetentionDays')]",
            "logsRetentionEnabled": "[if(equals(parameters('logsRetentionDays'), 0), 'False', 'True')]"
        }        
    },
    "resources": [
        {
            "type": "Microsoft.Insights/components",
            "apiVersion": "2014-04-01",
            "name": "[variables('appInsightsName')]",
            "condition": "[not(variables('isBcp'))]",
            "dependsOn": [],          
            "location": "[resourceGroup().location]",
            "properties": {
                "applicationId": "[variables('appInsightsName')]"
            },
            "resources": [
                {
                    "type": "providers/diagnosticSettings",
                    "name": "[concat('Microsoft.Insights/', 'service')]",
                    "dependsOn": [
                        "[resourceId('Microsoft.Insights/components', variables('appInsightsName'))]"
                    ],
                    "apiVersion": "2017-05-01-preview",
                    "properties": {
                        "name": "service",
                        "workspaceId": "[variables('OMS').ID]",
                        "metrics": [
                            {
                                "category": "AllMetrics",
                                "enabled": "True",
                                "retentionPolicy": {
                                    "days": "[variables('OMS').logRetention]",
                                    "enabled": "[variables('OMS').logsRetentionEnabled]"
                                }
                            }
                        ]
                    }
                }
            ]
        },
        {
            "type": "Microsoft.Web/serverfarms",
            "apiVersion": "2016-09-01",
            "name": "[variables('AppSvcPlan').name]",
            "dependsOn": [
                "[concat('Microsoft.Insights/components/',variables('appInsightsName'))]"
            ],
            "location": "[variables('location')]",
            "properties": {
                "name": "[variables('AppSvcPlan').name]",
                "hostingEnvironmentProfile": {
                    "id": "[resourceId(variables('appServiceEnvironmentRgName'),'Microsoft.Web/hostingEnvironments',variables('appServiceEnvironmentName'))]"
                }
            },
            "sku": {
                "name": "[concat('I',variables('AppSvcPlan').workerPool)]",
                "tier": "Premium",
                "size": "[concat('I',variables('AppSvcPlan').workerPool)]",
                "family": "I",
                "capacity": "[variables('AppSvcPlan').numberOfWorkersFromWorkerPool]"
            },
            "resources": [
                {
                    "type": "providers/diagnosticSettings",
                    "name": "[concat('Microsoft.Insights/', 'service')]",
                    "dependsOn": [
                        "[resourceId('Microsoft.Web/serverfarms', variables('AppSvcPlan').name)]"
                    ],
                    "apiVersion": "2017-05-01-preview",
                    "properties": {
                        "name": "service",
                        "workspaceId": "[variables('OMS').ID]",
                        "metrics": [
                            {
                                "category": "AllMetrics",
                                "enabled": "True",
                                "retentionPolicy": {
                                    "days": "[variables('OMS').logRetention]",
                                    "enabled": "[variables('OMS').logsRetentionEnabled]"
                                }
                            }
                        ]
                    }
                }
            ]
        },
        {
            "type": "Microsoft.Web/certificates",
            "apiVersion": "2016-03-01",
            "name": "[variables('certificate').secretName]",
            "dependsOn": [
                "[concat('Microsoft.Web/serverFarms/',variables('AppSvcPlan').name)]"
            ],
            "location": "[variables('location')]",
            "properties": {
                "keyVaultId": "[variables('certificate').sharedKeyVaultId]",
                "keyVaultSecretName": "[variables('certificate').secretName]",
                "serverFarmId": "[resourceId('Microsoft.Web/serverfarms', variables('AppSvcPlan').name)]"
            }
        },
        {
            "type": "Microsoft.Web/sites",
            "apiVersion": "2016-08-01",
            "name": "[variables('AppSvc').name]",
            "location": "[variables('location')]",
            "dependsOn": [
                "[concat('Microsoft.Web/serverFarms/',variables('AppSvcPlan').name)]",
                "[concat('Microsoft.Web/certificates/', variables('certificate').secretName)]"
            ],
            "identity": {
                "type": "SystemAssigned"
            },
            "properties": {
                "name": "[variables('AppSvc').name]",
                "serverFarmId": "[resourceId('Microsoft.Web/serverFarms',variables('AppSvcPlan').name)]",
                "hostingEnvironmentProfile": {
                    "id": "[resourceId(variables('appServiceEnvironmentRgName'),'Microsoft.Web/hostingEnvironments',variables('appServiceEnvironmentName'))]"
                },
                "siteConfig": {
                    "netFrameworkVersion": "v4.7",
                    "phpVersion": "",
                    "pythonVersion": "",
                    "javaVersion": "",
                    "nodeVersion": "",
                    "linuxFxVersion": "",
                    "use32BitWorkerProcess": "False",
                    "webSocketsEnabled": "False",
                    "alwaysOn": "True",
                    "managedPipelineMode": "Integrated",
                    "remoteDebuggingEnabled": "False",
                    "appSettings": [
                        {
                            "name": "APPINSIGHTS_INSTRUMENTATIONKEY",
                            "value": "[reference(concat('microsoft.insights/components/', variables('appInsightsName'))).InstrumentationKey]"
                        }
                    ],
                    "connectionStrings": [],
                    "defaultDocuments": [],
                    "handlerMappings": [],
                    "virtualApplications": [
                        {
                            "virtualPath": "/",
                            "physicalPath": "site\\wwwroot",
                            "preloadEnabled": "True",
                            "virtualDirectories": ""
                        }
                    ]
                },
                "clientAffinityEnabled": "False",
                "siteAuthEnabled": "False",
                "managedServiceIdentityId": "",
                "httpsOnly": "True",
                "push": "",
                "localMySqlEnabled": "False",
                "apiDefinition": "",
                "cors": ""
            },
            "resources": [
                {
                    "type": "siteextensions",
                    "apiVersion": "2016-08-01",
                    "name": "Microsoft.ApplicationInsights.AzureWebSites",
                    "dependsOn": [
                        "[concat('Microsoft.Web/sites/', variables('AppSvc').name)]"
                    ],
                    "properties": {}
                },
                {
                    "type": "providers/diagnosticSettings",
                    "name": "[concat('Microsoft.Insights/', 'service')]",
                    "dependsOn": [
                        "[resourceId('Microsoft.Web/sites', variables('AppSvc').name)]"
                    ],
                    "apiVersion": "2017-05-01-preview",
                    "properties": {
                        "name": "service",
                        "workspaceId": "[variables('OMS').ID]",
                        "metrics": [
                            {
                                "category": "AllMetrics",
                                "enabled": "True",
                                "retentionPolicy": {
                                    "days": "[variables('OMS').logRetention]",
                                    "enabled": "[variables('OMS').logsRetentionEnabled]"
                                }
                            }
                        ]
                    }
                }
            ]
        },
        {
            "type": "Microsoft.Web/sites/hostNameBindings",
            "apiVersion": "2016-08-01",
            "name": "[concat(variables('AppSvc').name, '/', variables('AppSvc').customHostName)]",
            "location": "[variables('location')]",
            "properties": {
                "siteName": "[variables('AppSvc').name]",
                "hostNameType": "Verified",
                "sslState": "SniEnabled",
                "thumbprint": "[reference(resourceId('Microsoft.Web/certificates', variables('certificate').secretName)).Thumbprint]"
            },
            "dependsOn": [
                "[concat('Microsoft.Web/sites/', variables('AppSvc').name)]"
            ]
        }        
    ],
    "outputs": {
        "appServiceName": {
            "type": "string",
            "value": "[variables('AppSvc').name]"
        },
        "appServicePlan": {
            "type": "string",
            "value": "[variables('AppSvcPlan').name]"
        }
    }
}
