{
    "$schema": "https://schema.management.azure.com/schemas/2015-01-01/deploymentParameters.json#",
    "contentVersion": "1.0.0.0",
    "parameters": {
        "projectCode": {
            "value": "*** Enter 3 to 6 digit project code"
        },
        "functionCode": {
            "value": "**** Enter 3 digit function code, ex: adv for advisory ***"
        },
        "environmentCode": {
            "value": "stg"
        },
        "customApp1HostName": {
            "value": "****Hostname of application ****.runtime.deloitte.com"
        },
        "workerPool": {
            "value": "1"
        },
        "sharedKeyVaultId": {
            "value": "/subscriptions/**Subscription ID goes here **/resourceGroups/** Shared KV Resource Group goes here **/providers/Microsoft.KeyVault/vaults/** Shared KV name goes here **"
        },
        "workspaceId": {
            "value": "/subscriptions/0c660c62-0a87-47e9-90e1-6eb078055ff5/resourcegroups/*** US_Function Name_PREPROD or PROD RG/providers/Microsoft.OperationalInsights/workspaces/US-CONSULTING-PREPROD-OMS"
        },
        "logsRetentionDays": {
            "value": 90
        }
    }
}