{
  "$schema": "https://schema.management.azure.com/schemas/2015-01-01/deploymentParameters.json#",
  "contentVersion": "1.0.0.0",
  "parameters": {
    "projectCode": {
      "value": "*** Enter 3 to 6 digit project code"
    },
    "functionCode": {
      "value": "*** Enter 3 to 6 digit function code"
    },
    "logsRetentionDays": {
      "value": 90
    },
    "environmentCode": {
      "value": "qas"
    },
    "location": {
      "value": "East US"
    },
    "workspaceId": {
      "value": "/subscriptions/**Subscription ID goes here **/resourcegroups/*** US_Function Name_PREPROD or PROD RG/providers/Microsoft.OperationalInsights/workspaces/**workspace name here"
    },
    "storageKind": {
      "value": "StorageV2"
    },
    "storageAccountType": {
      "value": "Standard_LRS"
    },
    "KeyVaultAccessPolicies": {
      "value": [
        {
          "tenantId": "36da45f1-dd2c-4d1f-af13-5abe46b99921",
          "objectId": "** ID for SCM Group",
          "permissions": {
            "keys": [
              "Get",
              "List",
              "Update",
              "Create",
              "Import",
              "Delete",
              "Recover",
              "Backup",
              "Restore"
            ],
            "secrets": [
              "Get",
              "List",
              "Set",
              "Delete",
              "Recover",
              "Backup",
              "Restore"
            ],
            "certificates": [
              "Get",
              "List",
              "Update",
              "Create",
              "Import",
              "Delete",
              "Recover",
              "Backup",
              "ManageContacts",
              "ManageIssuers",
              "GetIssuers",
              "ListIssuers",
              "SetIssuers",
              "DeleteIssuers"
            ],
            "storage": [
              "get",
              "list",
              "set",
              "setsas",
              "getsas",
              "listsas"
            ]
          }
        },
        {
          "tenantId": "36da45f1-dd2c-4d1f-af13-5abe46b99921",
          "objectId": "*** Dev Team Security Group",
          "permissions": {
            "keys": [],
            "secrets": [],
            "storage": [
              "list",
              "regeneratekey"
            ]
          }
        }
      ]
    }
  }
}