Team Name,Cluster Name,Year-Month,Total Hours,
App Insights,AppInsightsTeamCluster,2018-07,15,
App Insights,AppInsightsTeamCluster,2018-08,5,
App Insights,AppInsightsTeamCluster,2018-11,5,
App Insights,AppInsightsTeamCluster,2019-06,5,
App Insights,AppInsightsTeamCluster,2019-07,28,
App Insights,AppInsightsTeamCluster,2019-08,27,
App Insights,AppInsightsTeamCluster,2019-09,27,
App Insights,AppInsightsTeamCluster,2019-10,7,
App Insights,AppInsightsTeamCluster-R,2018-11,3,
App Insights,AppInsightsTeamCluster-R,2018-12,109,
App Insights,AppInsightsTeamCluster-R,2019-05,32,
App Insights,AppInsightsTeamCluster-R,2019-06,22,
App Insights,AppInsightsTeamCluster-R,2019-07,50,
App Insights,AppInsightsTeamCluster-R,2019-08,202,
App Insights,AppInsightsTeamCluster-R,2019-10,37,
ITS DAS DnA,DataAndAnalyticsTeamCluster,2018-08,50,
ITS DAS DnA,DataAndAnalyticsTeamCluster,2018-09,23,
ITS DAS DnA,DataAndAnalyticsTeamCluster,2018-10,191,
ITS DAS DnA,DataAndAnalyticsTeamCluster,2018-11,47,
ITS DAS DnA,DataAndAnalyticsTeamCluster,2018-12,15,
ITS DAS DnA,DataAndAnalyticsTeamCluster,2019-01,11,
ITS DAS DnA,DataAndAnalyticsTeamCluster,2019-02,6,
ITS DAS DnA,DataAndAnalyticsTeamCluster,2019-05,0,
ITS DAS DnA,DataAndAnalyticsTeamCluster,2019-06,91,
ITS DAS DnA,DataAndAnalyticsTeamCluster,2019-07,174,
ITS DAS DnA,DataAndAnalyticsTeamCluster,2019-08,29,
ITS DAS DnA,DataAndAnalyticsTeamCluster,2019-09,7,
ITS DAS DnA,DataAndAnalyticsTeamCluster,2019-10,15,
ITS DAS DnA,DataAndAnalyticsTeamCluster-R,2018-09,79,
ITS DAS DnA,DataAndAnalyticsTeamCluster-R,2018-10,108,
ITS DAS DnA,DataAndAnalyticsTeamCluster-R,2018-11,181,
ITS DAS DnA,DataAndAnalyticsTeamCluster-R,2018-12,215,
ITS DAS DnA,DataAndAnalyticsTeamCluster-R,2019-03,2,
ITS DAS DnA,DataAndAnalyticsTeamCluster-R,2019-05,204,
ITS DAS DnA,DataAndAnalyticsTeamCluster-R,2019-06,54,
ITS DAS DnA,DataAndAnalyticsTeamCluster-R,2019-07,276,
ITS DAS DnA,DataAndAnalyticsTeamCluster-R,2019-08,447,
ITS DAS DnA,DataAndAnalyticsTeamCluster-R,2019-09,314,
ITS DAS DnA,DataAndAnalyticsTeamCluster-R,2019-10,396,
Marketing and Client Experience,MarketingAndClientExperienceTeamCluster,2018-07,7,
Marketing and Client Experience,MarketingAndClientExperienceTeamCluster,2018-08,2,
Marketing and Client Experience,MarketingAndClientExperienceTeamCluster,2018-09,32,
Marketing and Client Experience,MarketingAndClientExperienceTeamCluster,2018-10,30,
Marketing and Client Experience,MarketingAndClientExperienceTeamCluster,2018-11,26,
Marketing and Client Experience,MarketingAndClientExperienceTeamCluster,2019-01,2,
Marketing and Client Experience,MarketingAndClientExperienceTeamCluster,2019-02,14,
Marketing and Client Experience,MarketingAndClientExperienceTeamCluster,2019-03,3,
Marketing and Client Experience,MarketingAndClientExperienceTeamCluster,2019-04,13,
Marketing and Client Experience,MarketingAndClientExperienceTeamCluster,2019-05,12,
Marketing and Client Experience,MarketingAndClientExperienceTeamCluster,2019-06,19,
Marketing and Client Experience,MarketingAndClientExperienceTeamCluster,2019-07,2,
Marketing and Client Experience,MarketingAndClientExperienceTeamCluster,2019-08,11,
Marketing and Client Experience,MarketingAndClientExperienceTeamCluster,2019-10,9,
Marketing and Client Experience,MarketingAndClientExperience-ML,2019-04,11,
Marketing and Client Experience,MarketingAndClientExperience-ML,2019-05,89,
Marketing and Client Experience,MarketingAndClientExperience-ML,2019-07,3,
Marketing and Client Experience,MarketingAndClientExperience-ML,2019-08,2,
Marketing and Client Experience,MarketingAndClientExperience-ML,2019-09,10,
Marketing and Client Experience,MarketingAndClientExperience-ML,2019-10,12,
Marketing and Client Experience,MarketingAndClientExperienceTeamCluster-R,2018-11,3,
Marketing and Client Experience,MarketingAndClientExperienceTeamCluster-R,2018-12,109,
Marketing and Client Experience,MarketingAndClientExperienceTeamCluster-R,2019-10,242,
People Analytics,PeopleAnalyticsTeamCluster,2018-07,4,
People Analytics,PeopleAnalyticsTeamCluster,2018-08,3,
People Analytics,PeopleAnalyticsTeamCluster,2018-09,3,
People Analytics,PeopleAnalyticsTeamCluster,2018-11,5,
People Analytics,PeopleAnalyticsTeamCluster,2018-12,1,
People Analytics,PeopleAnalyticsTeamCluster,2019-01,85,
People Analytics,PeopleAnalyticsTeamCluster,2019-02,14,
People Analytics,PeopleAnalyticsTeamCluster,2019-03,50,
People Analytics,PeopleAnalyticsTeamCluster,2019-04,82,
People Analytics,PeopleAnalyticsTeamCluster,2019-05,113,
People Analytics,PeopleAnalyticsTeamCluster,2019-06,96,
People Analytics,PeopleAnalyticsTeamCluster,2019-07,91,
People Analytics,PeopleAnalyticsTeamCluster,2019-08,84,
People Analytics,PeopleAnalyticsTeamCluster,2019-09,23,
People Analytics,PeopleAnalyticsTeamCluster-ML,2019-02,23,
People Analytics,PeopleAnalyticsTeamCluster-ML,2019-03,24,
People Analytics,PeopleAnalyticsTeamCluster-ML,2019-04,6,
People Analytics,PeopleAnalyticsTeamCluster-ML,2019-07,4,
People Analytics,PeopleAnalyticsTeamCluster-ML,2019-08,33,
People Analytics,PeopleAnalyticsTeamCluster-ML,2019-09,64,
People Analytics,PeopleAnalyticsTeamCluster-R,2018-11,3,
People Analytics,PeopleAnalyticsTeamCluster-R,2018-12,109,
People Analytics,PeopleAnalyticsTeamCluster-R,2019-02,4,
People Analytics,PeopleAnalyticsTeamCluster-R,2019-03,56,
People Analytics,PeopleAnalyticsTeamCluster-R,2019-09,2,
SPE Team,SPETeamCluster,2018-08,137,
SPE Team,SPETeamCluster,2018-09,166,
SPE Team,SPETeamCluster,2018-10,247,
SPE Team,SPETeamCluster,2018-11,191,
SPE Team,SPETeamCluster,2018-12,174,
SPE Team,SPETeamCluster,2019-01,96,
SPE Team,SPETeamCluster,2019-02,83,
SPE Team,SPETeamCluster,2019-03,90,
SPE Team,SPETeamCluster,2019-04,197,
SPE Team,SPETeamCluster,2019-05,251,
SPE Team,SPETeamCluster,2019-06,170,
SPE Team,SPETeamCluster,2019-07,143,
SPE Team,SPETeamCluster,2019-08,97,
SPE Team,SPETeamCluster,2019-09,137,
SPE Team,SPETeamCluster,2019-10,60,
SPE Team,SPETeamCluster-ML,2018-11,8,
SPE Team,SPETeamCluster-ML,2018-12,118,
SPE Team,SPETeamCluster-ML,2019-01,130,
SPE Team,SPETeamCluster-ML,2019-02,52,
SPE Team,SPETeamCluster-ML,2019-03,50,
SPE Team,SPETeamCluster-ML,2019-04,139,
SPE Team,SPETeamCluster-ML,2019-05,489,
SPE Team,SPETeamCluster-ML,2019-06,148,
SPE Team,SPETeamCluster-ML,2019-07,60,
SPE Team,SPETeamCluster-ML,2019-08,182,
SPE Team,SPETeamCluster-ML,2019-09,113,
SPE Team,SPETeamCluster-ML,2019-10,156,
SPE Team,SPETeamCluster-ML-GPU,2018-12,27,
SPE Team,SPETeamCluster-ML-GPU,2019-01,189,
SPE Team,SPETeamCluster-ML-GPU,2019-02,18,
SPE Team,SPETeamCluster-R,2018-11,12,
SPE Team,SPETeamCluster-R,2018-12,109,
SPE Team,SPETeamCluster-R,2019-01,79,
SPE Team,SPETeamCluster-R,2019-02,203,
SPE Team,SPETeamCluster-R,2019-03,4,
SPE Team,SPETeamCluster-R,2019-04,27,
SPE Team,SPETeamCluster-R,2019-05,113,
SPE Team,SPETeamCluster-R,2019-06,10,
SPE Team,SPETeamCluster-R,2019-07,2,
SPE Team,SPETeamCluster-R,2019-08,35,
SPE Team,SPETeamCluster-R,2019-09,108,
SPE Team,SPETeamCluster-R,2019-10,3,
Strategic Analytics,StrategicAnalyticsTeamCluster,2018-07,95,
Strategic Analytics,StrategicAnalyticsTeamCluster,2018-08,112,
Strategic Analytics,StrategicAnalyticsTeamCluster,2018-09,102,
Strategic Analytics,StrategicAnalyticsTeamCluster,2018-10,134,
Strategic Analytics,StrategicAnalyticsTeamCluster,2018-11,135,
Strategic Analytics,StrategicAnalyticsTeamCluster,2018-12,123,
Strategic Analytics,StrategicAnalyticsTeamCluster,2019-01,34,
Strategic Analytics,StrategicAnalyticsTeamCluster,2019-02,53,
Strategic Analytics,StrategicAnalyticsTeamCluster,2019-03,2,
Strategic Analytics,StrategicAnalyticsTeamCluster,2019-04,3,
Strategic Analytics,StrategicAnalyticsTeamCluster,2019-05,21,
Strategic Analytics,StrategicAnalyticsTeamCluster,2019-06,3,
Strategic Analytics,StrategicAnalyticsTeamCluster,2019-07,2,
Strategic Analytics,StrategicAnalyticsTeamCluster,2019-08,41,
Strategic Analytics,StrategicAnalyticsTeamCluster,2019-09,27,
Strategic Analytics,StrategicAnalyticsTeamCluster,2019-10,14,
Strategic Analytics,StrategicAnalyticsTeamCluster-R,2018-11,3,
Strategic Analytics,StrategicAnalyticsTeamCluster-R,2018-12,440,
Strategic Analytics,StrategicAnalyticsTeamCluster-R,2019-01,571,
Strategic Analytics,StrategicAnalyticsTeamCluster-R,2019-02,541,
Strategic Analytics,StrategicAnalyticsTeamCluster-R,2019-03,636,
Strategic Analytics,StrategicAnalyticsTeamCluster-R,2019-04,374,
Strategic Analytics,StrategicAnalyticsTeamCluster-R,2019-05,717,
Strategic Analytics,StrategicAnalyticsTeamCluster-R,2019-06,22,
Strategic Analytics,StrategicAnalyticsTeamCluster-R,2019-07,594,
Strategic Analytics,StrategicAnalyticsTeamCluster-R,2019-08,818,
Strategic Analytics,StrategicAnalyticsTeamCluster-R,2019-09,655,
Strategic Analytics,StrategicAnalyticsTeamCluster-R,2019-10,208,
Strategic Analytics,StrategicAnalyticsTeamCluster-R,2019-10,303,
Strategic Analytics,StrategicAnalyticsTeamCluster-ML,2019-05,1,
Strategic Analytics,StrategicAnalyticsTeamCluster-ML,2019-06,714,
Strategic Analytics,StrategicAnalyticsTeamCluster-ML,2019-07,108,
Strategic Analytics,StrategicAnalyticsTeamCluster-ML,2019-08,45,
Strategic Analytics,StrategicAnalyticsTeamCluster-ML,2019-09,195,
Strategic Analytics,StrategicAnalyticsTeamCluster-ML,2019-10,64,
Strategic Analytics,StrategicAnalyticsTeamCluster-ML,2019-10,149,
Strategic Analytics,StrategicAnalyticsTalentTeamCluster,2019-07,10,
Strategic Analytics,StrategicAnalyticsTalentTeamCluster,2019-08,1,
Strategic Analytics,StrategicAnalyticsTalentTeamCluster-ML,2019-07,5,
Strategic Analytics,StrategicAnalyticsTalentTeamCluster-ML,2019-10,4,
Strategic Analytics,StrategicAnalyticsTalentTeamCluster-R,2019-07,28,
Strategic Analytics,StrategicAnalyticsTalentTeamCluster-R,2019-08,419,
Others,TransformationTeamCluster,2018-12,2,
Others,TransformationTeamCluster,2019-04,5,
Others,DeloitteTravelInsightsTeamCluster,2019-09,2,
Others,DeloitteTravelInsightsTeamCluster-R,2019-09,92,
Others,dcrfaTeamCluster,2019-09,2,
Others,dcrfaTeamCluster-R,2019-09,1,
DS Lab Management,DSLabManagementTeamCluster,2019-03,51,
DS Lab Management,DSLabManagementTeamCluster,2019-04,52,
DS Lab Management,DSLabManagementTeamCluster,2019-05,56,
DS Lab Management,DSLabManagementPRQCluster,2019-05,75,
DS Lab Management,DSLabManagementTeamCluster,2019-06,236,
DS Lab Management,DSLabManagementPRQCluster,2019-06,220,
DS Lab Management,DSLabManagementTeamCluster,2019-07,90,
DS Lab Management,DSLabManagementPRQCluster,2019-07,162,
DS Lab Management,DSLabManagementPRQHRCluster,2019-08,25,
DS Lab Management,DSLabManagementTalentResumeTeamCluster,2019-08,2,
DS Lab Management,DSLabManagementTeamCluster,2019-08,63,
DS Lab Management,DSLabManagementPRQCluster,2019-08,131,
DS Lab Management,DSLabManagementTeamCluster,2019-09,151,
DS Lab Management,DSLabManagementPRQCluster,2019-09,336,
DS Lab Management,DSLabManagementPRQHRCluster,2019-09,36,
DS Lab Management,DSLabManagementTeamCluster,2019-10,73,
DS Lab Management,DSLabManagementPRQCluster,2019-10,237,
DS Lab Management,DSLabManagementTeamCluster-R,2019-10,2,
