{
    "$schema": "https://schema.management.azure.com/schemas/2015-01-01/deploymentTemplate.json#",
    "contentVersion": "1.0.0.0",
    "parameters": {},
    "variables": {},
    "resources": [
        {
            "type": "Microsoft.Storage/storageAccounts",
            "apiVersion": "2018-07-01",
            "name": "bgelensst02",
            "location": "[resourceGroup().location]",
            "sku": {
                "name":"Standard_LRS"
            }
        }
    ],
    "outputs": {}
}