{
    "$schema": "https://schema.management.azure.com/schemas/2015-01-01/deploymentTemplate.json#",
    "contentVersion": "1.0.0.0",
    "parameters": {},
    "variables": {},
    "resources": [
        {
        "type": "Microsoft.KeyVault/vaults",
        "name": "[variables('projectKeyVaultName')]",
        "apiVersion": "2016-10-01",
        "location": "[resourceGroup().location]",
        "scale": null,
        "properties": {
            "tenantId": "[subscription().tenantId]",
            "sku": {
                "family": "A",
                "name": "Premium"
            },
            "accessPolicies": "[parameters('projectKeyVaultAccessPolicies')]",
            "enabledForDeployment": false,
            "enabledForDiskEncryption": false,
            "enabledForTemplateDeployment": true,
            "createMode": "default"
        },
        "resources": [
            {
                "type": "providers/diagnosticSettings",
                "name": "[concat('Microsoft.Insights/', 'service')]",
                "dependsOn": [
                    "[resourceId('Microsoft.KeyVault/vaults', variables('projectKeyVaultName'))]"
                ],
                "apiVersion": "2017-05-01-preview",
                "properties": {
                    "name": "service",
                    "workspaceId": "[parameters('workspaceId')]",
                    "logs": [
                        {
                            "category": "AuditEvent",
                            "enabled": "True",
                            "retentionPolicy": {
                                "days": "[parameters('logsRetentionDays')]",
                                "enabled": "[variables('logsRetentionEnabled')]"
                              }
                        }
                    ],
                    "metrics": [
                        {
                            "category": "AllMetrics",
                            "enabled": "True",
                            "retentionPolicy": {
                                "days": "[parameters('logsRetentionDays')]",
                                "enabled": "[variables('logsRetentionEnabled')]"
                              }
                        }
                    ]
                }
            }
        ]
    }
],
"outputs": {}
}