{
    "type": "Microsoft.Web/serverfarms",
    "apiVersion": "2016-09-01",
    "name": "[variables('app1ServicePlanName')[copyIndex()]]",
    "location": "[variables('location')[copyIndex()]]",
    "tags": "[parameters('tagValues')]",
    "properties": {
        "name": "[variables('app1ServicePlanName')[copyIndex()]]",
        "hostingEnvironmentProfile": {
            "id": "[resourceId(variables('appServiceEnvironmentRgName')[copyIndex()],'Microsoft.Web/hostingEnvironments',variables('appServiceEnvironmentName')[copyIndex()])]"
        }
    },
    "sku": {
        "name": "[concat('I',parameters('workerPool'))]",
        "tier": "Premium",
        "size": "[concat('I',parameters('workerPool'))]",
        "family": "I",
        "capacity": "[parameters('numberOfWorkersFromWorkerPool')]"
    },
    "copy": {
        "name": "app1ServicePlanBcpLoop",
        "count": "[variables('environmentVariable').bcpLoop]"
    },
    "dependsOn": [
        "[concat('Microsoft.Insights/components/',variables('app1InsightsName'))]"
    ],
    "resources": [
        {
            "type": "providers/diagnosticSettings",
            "name": "[concat('Microsoft.Insights/', 'service')]",
            "dependsOn": [
                "[resourceId('Microsoft.Web/serverfarms', variables('app1ServicePlanName')[copyIndex()])]"
            ],
            "apiVersion": "2017-05-01-preview",
            "properties": {
                "name": "service",
                "workspaceId": "[parameters('workspaceId')]",
                "metrics": [
                    {
                        "category": "AllMetrics",
                        "enabled": "True",
                        "retentionPolicy": {
                            "days": "[parameters('logsRetentionDays')]",
                            "enabled": "[variables('logsRetentionEnabled')]"
                          }
                    }
                ]
            }
        }
    ]
}