{
    "$schema": "https://schema.management.azure.com/schemas/2015-01-01/deploymentTemplate.json#",
    "contentVersion": "1.0.0.0",
    "parameters": {
      "projectCode": {
        "type": "string",
        "metadata": {
          "description": "The project 3 digits code"
        }
      },
      "environmentCode": {
        "type": "string",
        "metadata": {
          "description": "The environment 3 digits code"
        },
        "allowedValues": [
          "dev",
          "qas",
          "loa",
          "stg",
          "prd",
          "bcp"
        ]
      },
      "dataBricksWorkspace1Sku": {
        "type": "string",
        "defaultValue": "premium",
        "allowedValues": [
          "standard",
          "premium"
        ],
        "metadata": {
          "description": "The pricing tier of the Data Bricks workspace."
        }
      },
      "dataBricksWorkspace1vnetAddressPrefix": {
        "type": "string",
        "metadata": {
          "description": "The first 2 octets of the virtual network /16 address range (e.g., '10.232' for the address range 10.232.0.0/16)."
        }
      }
    },
    "variables": {
      "environment": {
        "prd": {
          "char": "",
          "subscription": "prod",
          "regionCode": "eus2"
        }
      },
      "environmentVariable": "[variables('environment')[parameters('environmentCode')]]",
      "dataBricksWorkspace1Name": "[concat(variables('environmentVariable').char, parameters('projectCode'),'dbws1-', variables('environmentVariable').regionCode)]",
      "managedDataBricksWorkspace1RGName": "[concat(resourceGroup().name, '-', 'DBWORK1')]",
      "scmGroupID": "97ece1e6-eddc-4861-a6d9-80f14630cf50"
    },
    "resources": [
      {
        "type": "Microsoft.Databricks/workspaces",
        "name": "[variables('dataBricksWorkspace1Name')]",
        "apiVersion": "2018-04-01",
        "location": "[resourceGroup().location]",
        "dependsOn": [],
        "sku": {
          "name": "[parameters('dataBricksWorkspace1Sku')]"
        },
        "properties": {
          "ManagedResourceGroupId": "[concat(subscription().id, '/resourceGroups/', variables('managedDataBricksWorkspace1RGName'))]",
          "parameters": {
            "vnetAddressPrefix": {
              "value": "[parameters('dataBricksWorkspace1vnetAddressPrefix')]"
            }
          },
          "authorizations": [
            {
              "principalId": "[variables('scmGroupID')]",
              "roleDefinitionId": "8e3af657-a8ff-443c-a75c-2fe8c4bcb635"
            }
          ]
        }
      }
    ],
    "outputs": {}
  }