{
    "$schema": "https://schema.management.azure.com/schemas/2015-01-01/deploymentTemplate.json#",
    "contentVersion": "1.0.0.0",
    "parameters": {
        "projectCode": {
            "type": "string",
            "metadata": {
                "description": "The project 3 digits code"
            }
        },
        "environmentCode": {
            "type": "string",
            "metadata": {
                "description": "The environment 3 digits code"
            },
            "allowedValues": [
                "dev",
                "qas",
                "loa",
                "stg",
                "prd",
                "bcp"
            ]
        },
        "workspaceId": {
            "type": "string",
            "metadata": {
                "description": "Log Analytics workspace ID for the Log Analytics workspace to which logs will be sent."
            }
        },
        "logsRetentionDays": {
            "type": "int",
            "defaultValue": 0,
            "metadata": {
                "description": "Defines the number of logs retention days"
            }
        },
        "storageKind": {
            "type": "string",
            "defaultValue": "StorageV2",
            "metadata": {
                "description": "Type of storage account. - Storage, StorageV2, BlobStorage, FileStorage, BlockBlobStorage"
            }
        },
        "storageAccountType": {
            "type": "string",
            "defaultValue": "Standard_LRS",
            "allowedValues": [
                "Standard_LRS",
                "Standard_GRS",
                "Standard_ZRS",
                "Premium_LRS",
                "Standard_RAGRS"
            ],
            "metadata": {
                "description": "The availability and pricing tier of the storage account"
            }
        }
    },
    "variables": {
        "environment": {
            "dev": {
                "char": "d",
                "region": "scus",
                "subscription": "preprod"
            },
            "qas": {
                "char": "q",
                "region": "scus",
                "subscription": "preprod"
            },
            "loa": {
                "char": "l",
                "region": "scus",
                "subscription": "preprod"
            },
            "stg": {
                "char": "s",
                "region": "scus",
                "subscription": "preprod"
            },
            "prd": {
                "char": "",
                "region": "scus",
                "subscription": "prod"
            },
            "bcp": {
                "char": "",
                "region": "wcus",
                "subscription": "prod"
            }
        },
        "environmentVariable": "[variables('environment')[parameters('environmentCode')]]",        
        "location": "[if(equals(variables('environmentVariable').region, 'scus'), 'southcentralus', 'westcentralus')]",
        "storageAccount": {
            "name": "[concat(variables('environmentVariable').char, parameters('projectCode'), variables('environmentVariable').region, 'stor')]",
            "sku": "[parameters('storageAccountType')]",
            "kind": "[parameters('storageKind')]"
        },        
        "OMS": {
            "id": "[parameters('workspaceId')]",
            "logRetention": "[parameters('logsRetentionDays')]",
            "logsRetentionEnabled": "[if(equals(parameters('logsRetentionDays'), 0), 'False', 'True')]"
        },
        "mlStudio": {
            "name": "[concat(variables('environmentVariable').char, parameters('projectCode'), '-', variables('environmentVariable').region, '-mlsw')]"
        }
    },
    "resources": [
        {
            "type": "Microsoft.Storage/storageAccounts",
            "apiVersion": "2018-07-01",
            "name": "[variables('storageAccount').name]",
            "location": "[variables('location')]",
            "sku": {
                "name": "[variables('storageAccount').sku]"
            },
            "kind": "[variables('storageAccount').kind]",
            "properties": {
                "supportsHttpsTrafficOnly": true,
                "encryption": {
                    "keySource": "Microsoft.Storage",
                    "services": {
                        "file": {
                            "enabled": true
                        },
                        "blob": {
                            "enabled": true
                        }
                    }
                }
            },
            "resources": [
                {
                    "type": "providers/diagnosticSettings",
                    "name": "[concat('Microsoft.Insights/', 'service')]",
                    "dependsOn": [
                        "[resourceId('Microsoft.Storage/storageAccounts', variables('storageAccount').name)]"
                    ],
                    "apiVersion": "2017-05-01-preview",
                    "properties": {
                        "name": "service",
                        "workspaceId": "[variables('OMS').id]",
                        "logs": [],
                        "metrics": [
                            {
                                "category": "Capacity",
                                "enabled": "True",
                                "retentionPolicy": {
                                "days": 0,
                                "enabled": false
                                }
                            },
                            {
                                "category": "Transaction",
                                "enabled": "True",
                                "retentionPolicy": {
                                "days": 0,
                                "enabled": false
                                }
                            }
                        ]
                    }
                }
            ]
        },
        {
            "apiVersion": "2016-04-01",
            "type": "Microsoft.MachineLearning/workspaces",
            "name": "[variables('mlStudio').name]",
            "location": "[variables('location')]",
            "properties": {
                "userStorageAccountId": "[resourceId('Microsoft.Storage/storageAccounts', variables('storageAccount').name)]",
                "ownerEmail": ""
            },
            "dependsOn": [
                "[resourceId('Microsoft.Storage/storageAccounts', variables('storageAccount').name)]"
            ],
            "resources": [
                {
                    "type": "providers/diagnosticSettings",
                    "name": "[concat('Microsoft.Insights/', 'service')]",
                    "dependsOn": [
                        "[resourceId('Microsoft.MachineLearning/workspaces', variables('mlStudio').name)]"
                    ],
                    "apiVersion": "2017-05-01-preview",
                    "properties": {
                        "name": "service",
                        "workspaceId": "[variables('OMS').id]",
                        "metrics": [
                            {
                                "category": "AllMetrics",
                                "enabled": "True",
                                "retentionPolicy": {
                                    "days": "[variables('OMS').logRetention]",
                                    "enabled": "[variables('OMS').logsRetentionEnabled]"
                                }
                            }
                        ]
                    }
                }
            ]
        }
    ],
    "outputs": {}
}