{
    "id": "19a7c6e9-961a-44ae-83b1-8e1054f0cba5",
    "name": "ScmTrafficManager",
    "friendlyName": "SCM - Azure Traffic Manager",
    "description": "Azure DevOps task to create/modify/delete Traffic Manager.",
    "helpMarkDown": "[Learn more about this task](http://tfs.deloitte.com:8080/tfs/DAS%20Public/_git/ADO%20Extensions?path=%2FTrafficManager.md)",
    "category": "Azure Pipelines",
    "author": "SCM Platform Management",
    "version": {
        "Major": 1,
        "Minor": 0,
        "Patch": 33
    }, 
    "instanceNameFormat": "Create/Update TrafficManager: $(ProjectCode)-$(ResourceUniqueId)",
    "groups": [
        {
            "name": "Project",
            "displayName": "Project-Specific Information",
            "isExpanded": true
        },
        {
            "name": "TrafficManager",
            "displayName": "Traffic Manager Settings",
            "isExpanded": true
        }
    ],
    "inputs": [
        {
            "name": "ConnectedServiceName",
            "type": "connectedService:AzureRM",
            "label": "Azure RM Subscription",
            "defaultValue": "",
            "required": true,
            "helpMarkDown": "Select the Azure Resource Manager subscription for the deployment."
        },
        {
            "name": "ProjectCode",
            "type": "string",
            "label": "Project Code",
            "required": true,
            "helpMarkDown": "Project Code must be between 3-6 characters.",
            "groupName": "Project",
            "validation": {
                "expression": "isMatch(value, '^[0-9a-z]{3,6}$', 'IgnoreCase')",
                "message": "Project Code must be between 3-6 characters."
            }
        },
        {
            "name": "ResourceUniqueId",
            "type": "string",
            "label": "Unique Id of Resource",
            "required": true,
            "helpMarkDown": "Please input a Unique Id to add to the end of each Resource name. i.e 01 or svc01. Unique Id must be between 1-5 characters.",
            "groupName": "Project",
            "validation": {
                "expression": "isMatch(value, '^[0-9a-z]{1,5}$', 'IgnoreCase')",
                "message": "Unique Id must be between 1-5 characters."
            }
        },
        {
            "name": "ResourceGroupName",
            "type": "pickList",
            "label": "Resource Group",
            "required": true,
            "helpMarkDown": "Please select or input Azure Resource Group for Traffic Manager resource.",
            "groupName": "TrafficManager",
            "properties": {
                "EditableOptions": "True"
            }
        },
        {
            "name": "EndpointLocation",
            "type": "pickList",            
            "label": "Endpoint Location",
            "defaultValue": "East US",
            "required": true,
            "helpMarkDown": "Please select Traffic Manager Endpoint location.",
            "groupName": "TrafficManager"
        },
        {
            "name": "EndpointTargets",
            "type": "multiline",
            "label": "AppService Hostname",
            "required": true,
            "helpMarkDown": "Please input 1 or more Hostnames or AppService Hostnames to add as Endpoints.",
            "groupName": "TrafficManager"       
        }
    ],
    "dataSourceBindings": [
        {
            "target": "ResourceGroupName",
            "endpointId": "$(ConnectedServiceName)",
            "dataSourceName": "AzureResourceGroups"
        },
        {
            "target": "EndpointLocation",
            "endpointId": "$(ConnectedServiceName)",
            "dataSourceName": "AzureLocations"
        }
    ],
    "execution": {
        "PowerShell3": {
            "target": "$(currentDirectory)\\TrafficManager.ps1",
            "argumentFormat": "",
            "workingDirectory": "$(System.DefaultWorkingDirectory)"
        }
    }
}