ProjectCode,Tag:MEMBERFIRM,Tag:COUNTRY,Tag:FUNCTION,Tag:CONTACTS,Tag:BILLINGCODE,Tag:CS,Tag:SUBFUNCTION,Tag:APPID,Tag:PORTFOLIO
DASUNS,US,US,ENA,"{""Group"":""usscmplatformmgmt@deloitte.com"",""PrimaryContact"":""jhood@deloitte.com"",""SecondaryContact"":""apulavar@deloitte.com"",""BusinessOwner"":""scharles@DELOITTE.com""}",TPX01443-19-19-AZ-6890,"{""Classification"":""Public"",""Type"":""Deloitte"",""Qualifier"":""Public""}",DAS-F&A-ADMIN,DASUNS,Business Services - Space Management
DASTOWERS,US,US,ENA,"{""Email"":""Group"":""usscmplatformmgmt@deloitte.com"", ""BussinessOwner"":""jimwagner@deloitte.com""}",TPX01443-25-25-AZ-6959,"{""Classification"":""Public"", ""Type"":""Deloitte"",""Qualifier"":""Public""}",DAS-Mobile,DASTOWERS,DAS Enabling
DASTALENT,US,US,ENA,"{""Group"":""usscmplatformmgmt@deloitte.com"",""PrimaryContact"":""stmcfall@deloitte.com@deloitte.com"",""SecondaryContact"":"""",""BusinessOwner"":""romurthy@DELOITTE.com""}",TPX02002-01-00-92I547,"{""Classification"":""ENA"",""Type:Deloitte"",""Qualifier"":""""}",DAS-TALENT,DASTALENT,DAS Enabling
DASSQL,US,US,ENA,"{""Group"":""usscmplatformmgmt@deloitte.com"",""PrimaryContact"":"" "",""SecondaryContact"":"" "",""BusinessOwner"":"" ""}",TPX00553-01-01-AZ-5619,"{""Classification"":""CON"",""Type"":""Deloitte"",""Qualifier"":""Personal Information""}, {""Classification"":""CON"",""Type"":""Deloitte"",""Qualifier"":""Financial Information""}, {""Classification"":""CON"",""Type"":""Deloitte"",""Qualifier"":""Competitive Intelligence""}",DAS-SES,DASSQL,DAS Core
DASSCM,US,US,ENA,"{""Group"":""usscmplatformmgmt@deloitte.com"",""PrimaryContact"":"" "",""SecondaryContact"":"" "",""BusinessOwner"":"" ""}",TPX00553-01-01-AZ-5619,"{""Classification"":""CON"",""Type"":""Deloitte"",""Qualifier"":""Personal Information""}, {""Classification"":""CON"",""Type"":""Deloitte"",""Qualifier"":""Financial Information""}",DAS-SES,DASSCM,DAS Core
DASMXCL,US,US,ENA,"{""Group"":""usscmplatformmgmt@deloitte.com"",""PrimaryContact"":""kevjordan@deloitte.com"",""SecondaryContact"":"" "",""BusinessOwner"":"" ""}",TPX00021-47-00-01-H945,"{""Classification"":""Public"",""Type"":""Deloitte"",""Qualifier"":""Public""}",DAS-LRR,DASMXCL,DAS Core
DASLRRSANDBOX,US,US,ENA,"{""Group"":""usscmplatformmgmt@deloitte.com"",""PrimaryContact"":""hamenon@deloitte.com"",""SecondaryContact"":""hamenon@deloitte.com"",""BusinessOwner"":""hamenon@deloitte.com""}",TPX01857-01-00-AZ-H955,"{""Classification"":"""",""Type"":"""",""Qualifier"":""""}",DAS-LRR,DASLRR,DAS Core
DASLOOP,US,US,ENA,"{""Group"":""usscmplatformmgmt@deloitte.com"",""PrimaryContact"":"" "",""SecondaryContact"":"" "",""BusinessOwner"":"" ""}",TPX00169-01-01-AZ-9626,"{""Classification"":""CON"",""Type"":""Deloitte"",""Qualifier"":""Personal Information""}",DAS-TALENT,DASLOOP,Talent
DASKV,US,US,ENA,"{""Group"":""usscmplatformmgmt@deloitte.com"",""PrimaryContact"":"" "",""SecondaryContact"":"" "",""BusinessOwner"":"" ""}",TPX00553-01-01-AZ-5619,"{""Classification"":""CON"",""Type"":""Deloitte"",""Qualifier"":""Personal Information""}, {""Classification"":""CON"",""Type"":""Deloitte"",""Qualifier"":""Financial Information""}",DAS-SES,DASKV,DAS Core
DASCPASP,US,US,ENA,"{""Group"":""usscmplatformmgmt@deloitte.com"",""BusinessOwner"":""jimwagner@deloitte.com""}",TPX01443-23-23-AZ-6957 ,"{""Classification"":""Public"",""Type"":""Deloitte"",""Qualifier"":""Public""}",DAS-MOBILE,DASCPASP,DAS Core
DASCORE,US,US,ENA,"{""Group"":""usscmplatformmgmt@deloitte.com"",""PrimaryContact"":"" "",""SecondaryContact"":"" "",""BusinessOwner"":"" ""}",TPX00553-01-01-AZ-5619,"{""Classification"":""CON"",""Type"":""Deloitte"",""Qualifier"":""Personal Information""}, {""Classification"":""CON"",""Type"":""Deloitte"",""Qualifier"":""Financial Information""}, {""Classification"":""CON"",""Type"":""Deloitte"",""Qualifier"":""Competitive Intelligence""}",DAS-SES,DASCORE,DAS Core
DASCOACH,US,US,ENA,"{""Group"":""usscmplatformmgmt@deloitte.com"",""PrimaryContact"":"" "",""SecondaryContact"":"" "",""BusinessOwner"":"" ""}",TPX00169-01-01-AZ-9626,"{""Classification"":""CON"",""Type"":""Deloitte"",""Qualifier"":""Personal Information""}",DAS-TALENT,DASCOACH,Talent
DASAV,US,US,ENA,"{""Group"":""usscmplatformmgmt@deloitte.com"",""PrimaryContact"":""cchinta@deloitte.com"",""SecondaryContact"":""cchinta@deloitte.com"",""BusinessOwner"":""abatsuk@deloitte.com""}",TPX01872-03-00-AZ-7731,"{""Classification: CON, Type : Deloitte,Qualifier :""}",DAS-INNOVATION,CI9177937,DAS Core
DASASE,US,US,ENA,"{""Group"":""usscmplatformmgmt@deloitte.com"",""PrimaryContact"":"" "",""SecondaryContact"":"" "",""BusinessOwner"":"" ""}",TPX00553-01-01-AZ-5619,"{""Classification"":""CON"",""Type"":""Deloitte"",""Qualifier"":""Personal Information""}",DAS-SES,DASASE,DAS Core
DASSOC,US,US,ENA,"{""Group"":""usscmplatformmgmt@deloitte.com"",""PrimaryContact"":""dvamsidhar@deloitte.com"",""SecondaryContact"":""apulavar@deloitte.com"",""BusinessOwner"":""abatsuk@deloitte.com""}",TPX00453-09-00-AZ-7658,"{""Classification: CON, Type : Deloitte,Qualifier : ""}",DAS-INNOVATION,CI9254618,DAS Core
DASPRSPTR,US,US,CON,"{""Group"":""usscmplatformmgmt@deloitte.com"",""PrimaryContact"":""padverma@deloitte.com"",""SecondaryContact"":""tkupchik@deloitte.com"",""BusinessOwner"":""mraynor@deloitte.com""}",FPX00088-02-01-AZ-6822,"{""Classification"":""CON"",""Type"":""Deloitte"",""Qualifier"":""Intellectual Property +Personal Information+Financial Information+Competitive Intelligence""}",DAS-CONSULTING,CI9184066,DAS Consulting
DASKEY,US,US,ENA,"{""Group"":""usscmplatformmgmt@deloitte.com"",""PrimaryContact"":""bbukengoltz@deloitte.com"",""SecondaryContact"":""coadams@deloitte.com"",""BusinessOwner"":""""}",TPX01872-03-00-AZ-7731,"{""Classification"":""Public"",""Type"":""Deloitte"",""Qualifier"":""Public""}",DAS-MOBILE,CI9177937,DAS Core
DASMAAS,US,US,ENA,"{""Group"":""usscmplatformmgmt@deloitte.com"",""PrimaryContact"":""ustsingh@deloitte.com"",""SecondaryContact"":""rchillara@deloitte.com"",""BusinessOwner"":""jabrownlee@deloitte.com""}",TPX01167-01-01-AZ-6578,"{""Classification"":""CON"",""Type"":""Deloitte"",""Qualifier"":""Personal Information""}",DAS-MOBILE,CI9170547,MonitoringMaas
DASFCAT,US,US,ENA,"{""Group"":""usscmplatformmgmt@deloitte.com"",""PrimaryContact"":""dmohl@deloitte.com"",""SecondaryContact"":""susrao@deloitte.com"",""BusinessOwner"":""abatsuk@deloitte.com""}",TPX00453-09-00-AZ-7658,"{""Classification"":""CON"",""Type"":""Deloitte"",""Qualifier"":""Personal Information""}",DAS-INNOVATION,CI5735450,DAS Core
DASMGT,US,US,ENA,"{""Group"":""usscmplatformmgmt@deloitte.com"",""PrimaryContact"":""kmorrison@deloitte.com"",""SecondaryContact"":""astulov@deloitte.com"",""BusinessOwner"":""tmonaco@deloitte.com""}",TPX01443-19-19-AZ-6890,"{""Classification"":""Public"",""Type"":""Deloitte"",""Qualifier"":""Public""}",DAS-F&A-ADMIN,CI5463228,Business Services - Space Management
DASMGTBOT,US,US,ENA,"{""Group"":""usscmplatformmgmt@deloitte.com"",""PrimaryContact"":""jhood@deloitte.com"",""SecondaryContact"":""apulavar@deloitte.com"",""BusinessOwner"":""scharles@DELOITTE.com""}",TPX01443-19-19-AZ-6890,"{""Classification"":""Public"",""Type"":""Deloitte"",""Qualifier"":""Public""}",DAS-F&A-ADMIN,CI5463228,Business Services - Space Management
DASDSLAB,US,US,ENA,"{""Group"":""usscmplatformmgmt@deloitte.com"",""PrimaryContact"":""ckennedy@deloitte.com"",""SecondaryContact"":""aajensen@deloitte.com"",""BusinessOwner"":""nipillai@deloitte.com""}",TPX01513-04-00-AZ-7066,"{""Classification"":""CON"",""Type"":""Deloitte"",""Qualifier"":""Personal Information""}, {""Classification"":""CON"",""Type"":""Deloitte"",""Qualifier"":""Financial Information""}, {""Classification"":""CON"",""Type"":""Deloitte"",""Qualifier"":""Competitive Intelligence""}",DAS-ARS,CI4916108,DAS Core
DASDTI,US,US,ADV,"{""Group"":""usscmplatformmgmt@deloitte.com"",""PrimaryContact"":""kwyatt@deloitte.com"",""SecondaryContact"":""parobinson@deloitte.com"",""BusinessOwner"":""tsadelman@deloitte.com""}",FPX00088-03-01-AZ-6817,"{""Classification"":""Confidential"",""Type"":""Deloitte"",""Qualifier"":""Personal Information""}",DAS-MOBILE,CI4061581,Advisory
DASIDX,US,US,ENA,"{""Group"":""usscmplatformmgmt@deloitte.com"",""PrimaryContact"":""kwyatt@deloitte.com"",""SecondaryContact"":""ylivshitz@deloitte.com"",""BusinessOwner"":""kwyatt@deloitte.com""}",TPX01678-05-00-AZ-7593 ,"{""Classification"":""CON"",""Type"":""Deloitte+Client"",""Qualifier"":""Personal Information""}",DAS-MOBILE,CI3159128,DAS Core
DASMAR,US,US,CON,"{""Group"":""usscmplatformmgmt@deloitte.com"",""PrimaryContact"":""moutman@deloitte.com"",""SecondaryContact"":""padverma@deloitte.com"",""BusinessOwner"":""jcanon@deloitte.com""}",FPX00088-02-01-AZ-6822,"{""Classification"":""CON"",""Type:Deloitte+Client"",""Qualifier"":""Personal Information""}",DAS-CONSULTING,CI2812233,DAS Consulting
DASTECFLU,US,US,CON,"{""Group"":""usscmplatformmgmt@deloitte.com"",""PrimaryContact"":""pkinturi@deloitte.com"",""SecondaryContact"":""alffrancis@deloitte.com"",""BusinessOwner"":""""}",FPX00088-02-01-AZ-6822,"{""Classification"":""CON"",""Type:Deloitte"",""Qualifier"":""Personal Information""}",DAS-CONSULTING,CI18197619,DAS Consulting
DASMACLB,US,US,CON,"{""Group"":""usscmplatformmgmt@deloitte.com"",""PrimaryContact"":""padverma@deloitte.com"",""SecondaryContact"":""tkupchik@deloitte.com"",""BusinessOwner"":""mraynor@deloitte.com""}",FPX00088-02-01-AZ-6822,"{""Classification"":""CON"",""Type"":""Deloitte"",""Qualifier"":""Intellectual Property +Personal Information+Financial Information+Competitive Intelligence""}",DAS-CONSULTING,CI15452159,DAS Consulting
DASDIB,US,US,ENA,"{""Group"":""usscmplatformmgmt@deloitte.com"",""PrimaryContact"":""cgriggs@deloitte.com"",""SecondaryContact"":""cgriggs@deloitte.com"",""BusinessOwner"":""jirvin@deloitte.com""}",TPX01857-01-00-AZ-H955,"{""Classification"":"""",""Type"":"""",""Qualifier"":""""}",DAS-INNOVATION,CI13174334,DAS Core
DASDHUB,US,US,ENA,"{""Group"":""usscmplatformmgmt@deloitte.com"",""PrimaryContact"":""cgriggs@deloitte.com"",""SecondaryContact"":""cgriggs@deloitte.com"",""BusinessOwner"":""jirvin@deloitte.com""}",TPX01919-02-00-AZ-7727,"{""Classification"":"""",""Type"":"""",""Qualifier"":""""}",DAS-INNOVATION,CI13174333,DAS Core
DASVDX,US,US,CON,"{""Group"":""usscmplatformmgmt@deloitte.com"",""PrimaryContact"":""amitsingh75@deloitte.com"",""SecondaryContact"":""sdevarapalli@deloitte.com"",""BusinessOwner"":""rsarkissian@deloitte.com""}",FPX00088-02-01-AZ-6822,"{""Classification"":""CON"",""Type:Deloitte+Client"",""Qualifier"":""Personal Information+Deloitte""}",DAS-CONSULTING,CI12562325,DAS Consulting
DASW2DC,US,US,ENA,"{""Group"":""usscmplatformmgmt@deloitte.com"",""PrimaryContact"":""dmohl@deloitte.com"",""SecondaryContact"":""susrao@deloitte.com"",""BusinessOwner"":""abatsuk@deloitte.com""}",TPX00453-09-00-AZ-7658,"{""Classification"":""CON"",""Type"":""Deloitte"",""Qualifier"":""Personal Information""}",DAS-INNOVATION,CI10858049,DAS Core
DASPCOMP,US,US,ENA,"{""Group"":""usscmplatformmgmt@deloitte.com"",""PrimaryContact"":""dmohl@deloitte.com"",""SecondaryContact"":""susrao@deloitte.com"",""BusinessOwner"":""abatsuk@deloitte.com""}",TPX00453-09-00-AZ-7658,"{""Classification"":""CON"",""Type"":""Deloitte"",""Qualifier"":""Personal Information""}",DAS-INNOVATION,CI10858049,DAS Core
DASPTFAQ,US,US,ENA,"{""Group"":""usscmplatformmgmt@deloitte.com"",""PrimaryContact"":""dmohl@deloitte.com"",""SecondaryContact"":""susrao@deloitte.com"",""BusinessOwner"":""abatsuk@deloitte.com""}",TPX00453-09-00-AZ-7658,"{""Classification"":""CON"",""Type"":""Deloitte"",""Qualifier"":""Personal Information""}",DAS-INNOVATION,CI10858049,DAS Core
DASGOMOB,US,US,ENA,"{""Group"":""[ylivshitz@deloitte.com, parobinson@deloitte.com, chasingh@deloitte.com]"",""PrimaryContact"":""parobinson@deloitte.com"",""SecondaryContact"":""ylivshitz@deloitte.com"",""BusinessOwner"":""sferrise@deloitte.com""}",TPX00544-01-01-AZ-5681,"{""Classification"":""Public"",""Type"":""Deloitte"",""Qualifier"":""Public""}",DAS-MOBILE,CI10386363,Mobile COE
DASMDR,US,US,ENA,"{""Group"":""usscmplatformmgmt@deloitte.com"",""PrimaryContact"":""ckennedy@deloitte.com"",""SecondaryContact"":""aajensen@deloitte.com"",""BusinessOwner"":""nipillai@deloitte.com""}",TPX00555-04-00-AZ-7031,"{""Classification"":""CON"",""Type"":""Deloitte"",""Qualifier"":""Personal Information""}, {""Classification"":""CON"",""Type"":""Deloitte"",""Qualifier"":""Financial Information""}, {""Classification"":""CON"",""Type"":""Deloitte"",""Qualifier"":""Competitive Intelligence""}",DAS-ARS,CI0022880,DAS Core
DASCCBF,US,US,ENA,"{""Group"":""usscmplatformmgmt@deloitte.com"",""PrimaryContact"":""dmohl@deloitte.com"",""SecondaryContact"":""susrao@deloitte.com"",""BusinessOwner"":""abatsuk@deloitte.com""}",TPX00453-09-00-AZ-7658,"{""Classification"":""CON"",""Type"":""Deloitte"",""Qualifier"":""Personal Information""}",DAS-INNOVATION,CI0022744,DAS Core
DASWF,US,US,ENA,"{""Group"":""usscmplatformmgmt@deloitte.com"",""PrimaryContact"":""swjena@deloitte.com"",""SecondaryContact"":""mbikramshaha@deloitte.com"",""BusinessOwner"":""malravi@deloitte.com""}",TPX01443-21-21-AZ-6955,"{""Classification"":""HRC"",""Type"":""Deloitte"",""Qualifier"":""Intellectual Property""}",DAS-MOBILE,CI0022678,DAS Core
DASWH,US,US,ENA,"{""Group"":""usscmplatformmgmt@deloitte.com"",""PrimaryContact"":""kwyatt@deloitte.com"",""SecondaryContact"":""ylivshitz@deloitte.com"",""BusinessOwner"":""kwyatt@deloitte.com""}",TPX01443-33-00-AZ-7106,"{""Classification"":""CON"",""Type"":""Deloitte"",""Qualifier"":""Personal Information""}",DAS-MOBILE,CI0022553,DAS Core
DASESIG,US,US,ENA,"{""Group"":""usscmplatformmgmt@deloitte.com"",""PrimaryContact"":""sgajavelli@deloitte.com"",""SecondaryContact"":"""",""BusinessOwner"":""gvaughn@deloitte.com""}",TPX01525-02-00-AZ-7086,"{""Classification"":""ENA"",""Type"":""Deloitte"",""Qualifier"":""Competitive Intelligence""}",DAS-ENA,CI0014929,Ena
DASESIGN,US,US,ENA,"{""Group"":""usscmplatformmgmt@deloitte.com"",""PrimaryContact"":""sgajavelli@deloitte.com"",""SecondaryContact"":""sgajavelli@deloitte.com"",""BusinessOwner"":""shaunadavis@deloitte.com""}",TPX01525-02-00-AZ-7086,"{""Classification"":""CON"",""Type"":""Public"",""Qualifier"":""PII""}",DAS-ITS,CI0014929,DAS ITS
DASRPA,US,US,ENA,"{""Group"":""usscmplatformmgmt@deloitte.com"",""PrimaryContact"":""bbukengoltz@deloitte.com "",""SecondaryContact"":"" "",""BusinessOwner"":"" ""}",TPX00021-51-00-AZ-I275,"{""Classification"":""CON"",""Type"":""Deloitte"",""Qualifier"":""CON""}",DAS-MOBILE,CI0014296,DAS Core
DASWMT,US,US,ENA,"{""Group"":""usscmplatformmgmt@deloitte.com"",""PrimaryContact"":""apartin@deloitte.com"",""SecondaryContact"":""parobinson@deloitte.com"",""BusinessOwner"":""sfeinblum@deloitte.com""}",TPX00200-01-01-AZ-5764,"{""Classification"":""CON"",""Type"":""Deloitte"",""Qualifier"":""Personal Information""}",DAS-MOBILE,CI0010843,Talent
DASMAC,US,US,ENA,"{""Group"":""usscmplatformmgmt@deloitte.com"",""PrimaryContact"":""rammishra@deloitte.com"",""SecondaryContact"":""jpaxson@deloitte.com"",""BusinessOwner"":""jannash@deloitte.com""}",TPX00827-06-00-AZ-7702,"{""Classification"":"""",""Type"":"""",""Qualifier"":""""}",DAS-MCE,CI0005320,DAS Core
DASUC,US,US,ENA,"{""Group"":""usscmplatformmgmt@deloitte.com"",""PrimaryContact"":""swjena@deloitte.com"",""SecondaryContact"":""mbikramshaha@deloitte.com"",""BusinessOwner"":""malravi@deloitte.com""}",TPX01443-33-00-AZ-7106,"{""Classification"":""CON"",""Type"":""Both"",""Qualifier"":""Competitive Intelligence""}",DAS-MOBILE,CI0004851,DAS Core
DASPFIMT,US,US,ENA,"{""Group"":""usscmplatformmgmt@deloitte.com"",""PrimaryContact"":""kirthota@deloitte.com"",""SecondaryContact"":""hamenon@deloitte.com"",""BusinessOwner"":""SuQuaedvlieg@deloitte.com""}",TPX00120-01-01-AZ-5029,"{""Classification"":"""",""Type"":"""",""Qualifier"":""""}",DAS-LRR,CI0004235,DAS-LRR
DASKNWPNS,US,US,ENA,"{""Group"":""usscmplatformmgmt@deloitte.com"",""PrimaryContact"":""ccantley@deloitte.com"",""SecondaryContact"":""gegilbert@deloitte.com"",""BusinessOwner"":""""}",TPX01428-02-00-AZ-7621,"{""Classification"":"""",""Type"":"""",""Qualifier"":""""}",DAS-LRR,CI0004219,LRR
DASHMS,US,US,ENA,"{""Group"":""usscmplatformmgmt@deloitte.com"",""PrimaryContact"":""dchhabra@deloitte.com"",""SecondaryContact"":"""",""BusinessOwner"":""romurthy@DELOITTE.com""}",TPX00122-03-00-AZ-I455,"{""Classification"":""ENA"",""Type:Deloitte"",""Qualifier"":""""}",DAS-LRRP,CI0004159,DAS Enabling
DASCANI,US,US,ENA,"{""Group"":""usscmplatformmgmt@deloitte.com"",""PrimaryContact"":""dmohl@deloitte.com"",""SecondaryContact"":""susrao@deloitte.com"",""BusinessOwner"":""abatsuk@deloitte.com""}",TPX00453-09-00-AZ-7658,"{""Classification"":""CON"",""Type"":""Deloitte"",""Qualifier"":""Personal Information""}",DAS-INNOVATION,CI0003632,DAS Core
DASCANILRR,US,US,ENA,"{""Group"":""usscmplatformmgmt@deloitte.com"",""PrimaryContact"":""ccantley@deloitte.com"",""SecondaryContact"":""gegilbert@deloitte.com"",""BusinessOwner"":""""}",TPX00453-09-00-AZ-7658,"{""Classification"":""CON"",""Type:Deloitte+Client"",""Qualifier"":""Personal Information""}",DAS-LRR,CI0003632,LRR
DASIFP,US,US,TAX,"{""Group"":""usscmplatformmgmt@deloitte.com"",""PrimaryContact"":""rdikshit@deloitte.com"",""SecondaryContact"":"""",""BusinessOwner"":""adbirch@deloitte.com""}",FPX15939-01-00-AZ-773,"{""Classification"":""TAX"",""Type"":""Deloitte"",""Qualifier"":""Competitive Intelligence""}",DAS-TAX,CI0001642,Tax
DASDAP,US,US,ADV,"{""Group"":""usscmplatformmgmt@deloitte.com"",""PrimaryContact"":""cchanda@deloitte.com"",""SecondaryContact"":"""",""BusinessOwner"":""ashanker@deloitte.com""}",TPX00416-01-01-01-5087,"{""Classification"":"""",""Type"":"""",""Qualifier"":""""}",DAS-ADV,CI0003757,Advisory
DASMGTCON,US,US,ENA,"{""Group"":""usscmplatformmgmt@deloitte.com"",""PrimaryContact"":""vseshanviswanath@deloitte.com"",""SecondaryContact"":"""",""BusinessOwner"":""djagannathan@deloitte.com""}",TPX01443-19-19-AZ-6890,"{""Classification"":""ENA"",""Type"":""Deloitte"",""Qualifier"":""""}",DAS-EA-Digital-Services,CI0004378,DAS Enabling
DASRTOMDA,US,US,CON,"{""Group"":""usscmplatformmgmt@deloitte.com"",""PrimaryContact"":""padverma@deloitte.com"",""SecondaryContact"":""tkupchik@deloitte.com"",""BusinessOwner"":""mraynor@deloitte.com""}",FPX00088-02-01-AZ-6822,"{""Classification"":""CON"",""Type"":""Deloitte"",""Qualifier"":""Intellectual Property +Personal Information+Financial Information+Competitive Intelligence""}",DAS-CONSULTING,CI5484056,DAS Consulting
DASRTPIQ,US,US,CON,"{""Group"":""usscmplatformmgmt@deloitte.com"",""PrimaryContact"":""padverma@deloitte.com"",""SecondaryContact"":""tkupchik@deloitte.com"",""BusinessOwner"":""mraynor@deloitte.com""}",FPX00088-02-01-AZ-6822,"{""Classification"":""CON"",""Type"":""Deloitte"",""Qualifier"":""Intellectual Property +Personal Information+Financial Information+Competitive Intelligence""}",DAS-CONSULTING,CI0003753,DAS Consulting
DASRTCEDG,US,US,CON,"{""Group"":""usscmplatformmgmt@deloitte.com"",""PrimaryContact"":""padverma@deloitte.com"",""SecondaryContact"":""tkupchik@deloitte.com"",""BusinessOwner"":""mraynor@deloitte.com""}",FPX00088-02-01-AZ-6822,"{""Classification"":""CON"",""Type"":""Deloitte"",""Qualifier"":""Intellectual Property +Personal Information+Financial Information+Competitive Intelligence""}",DAS-CONSULTING,CI0004249,DAS Consulting
DASRTODA,US,US,CON,"{""Group"":""usscmplatformmgmt@deloitte.com"",""PrimaryContact"":""padverma@deloitte.com"",""SecondaryContact"":""tkupchik@deloitte.com"",""BusinessOwner"":""mraynor@deloitte.com""}",FPX00088-02-01-AZ-6822,"{""Classification"":""CON"",""Type"":""Deloitte"",""Qualifier"":""Intellectual Property +Personal Information+Financial Information+Competitive Intelligence""}",DAS-CONSULTING,CI11160567,DAS Consulting
DASRTSLOA,US,US,CON,"{""Group"":""usscmplatformmgmt@deloitte.com"",""PrimaryContact"":""padverma@deloitte.com"",""SecondaryContact"":""tkupchik@deloitte.com"",""BusinessOwner"":""mraynor@deloitte.com""}",FPX00088-02-01-AZ-6822,"{""Classification"":""CON"",""Type"":""Deloitte"",""Qualifier"":""Intellectual Property +Personal Information+Financial Information+Competitive Intelligence""}",DAS-CONSULTING,CI15452159,DAS Consulting
DASRTCORE,US,US,CON,"{""Group"":""usscmplatformmgmt@deloitte.com"",""PrimaryContact"":""padverma@deloitte.com"",""SecondaryContact"":""tkupchik@deloitte.com"",""BusinessOwner"":""mraynor@deloitte.com""}",FPX00088-02-01-AZ-6822,"{""Classification"":""CON"",""Type"":""Deloitte"",""Qualifier"":""Intellectual Property +Personal Information+Financial Information+Competitive Intelligence""}",DAS-CONSULTING,CI5484056,DAS Consulting
DASRTCOREBI,US,US,CON,"{""Group"":""usscmplatformmgmt@deloitte.com"",""PrimaryContact"":""padverma@deloitte.com"",""SecondaryContact"":""tkupchik@deloitte.com"",""BusinessOwner"":""mraynor@deloitte.com""}",FPX00088-02-01-AZ-6822,"{""Classification"":""CON"",""Type"":""Deloitte"",""Qualifier"":""Intellectual Property +Personal Information+Financial Information+Competitive Intelligence""}",DAS-CONSULTING,CI5484056,DAS Consulting
DASRTTMAS,US,US,CON,"{""Group"":""usscmplatformmgmt@deloitte.com"",""PrimaryContact"":""padverma@deloitte.com"",""SecondaryContact"":""tkupchik@deloitte.com"",""BusinessOwner"":""mraynor@deloitte.com""}",FPX00088-02-01-AZ-6822,"{""Classification"":""CON"",""Type"":""Deloitte"",""Qualifier"":""Intellectual Property +Personal Information+Financial Information+Competitive Intelligence""}",DAS-CONSULTING,CI25802795,DAS Consulting
DASRTDICE,US,US,CON,"{""Group"":""usscmplatformmgmt@deloitte.com"",""PrimaryContact"":""padverma@deloitte.com"",""SecondaryContact"":""tkupchik@deloitte.com"",""BusinessOwner"":""mraynor@deloitte.com""}",FPX00088-02-01-AZ-6822,"{""Classification"":""CON"",""Type"":""Deloitte"",""Qualifier"":""Intellectual Property +Personal Information+Financial Information+Competitive Intelligence""}",DAS-CONSULTING,CI19851955,DAS Consulting
DASRTINTD,US,US,CON,"{""Group"":""usscmplatformmgmt@deloitte.com"",""PrimaryContact"":""padverma@deloitte.com"",""SecondaryContact"":""tkupchik@deloitte.com"",""BusinessOwner"":""mraynor@deloitte.com""}",FPX00088-02-01-AZ-6822,"{""Classification"":""CON"",""Type"":""Deloitte"",""Qualifier"":""Intellectual Property +Personal Information+Financial Information+Competitive Intelligence""}",DAS-CONSULTING,CI25802795,DAS Consulting
DASRTMAI,US,US,CON,"{""Group"":""usscmplatformmgmt@deloitte.com"",""PrimaryContact"":""padverma@deloitte.com"",""SecondaryContact"":""tkupchik@deloitte.com"",""BusinessOwner"":""mraynor@deloitte.com""}",FPX00088-02-01-AZ-6822,"{""Classification"":""CON"",""Type"":""Deloitte"",""Qualifier"":""Intellectual Property +Personal Information+Financial Information+Competitive Intelligence""}",DAS-CONSULTING,CI0004508,DAS Consulting
DASRTCBP,US,US,CON,"{""Group"":""usscmplatformmgmt@deloitte.com"",""PrimaryContact"":""padverma@deloitte.com"",""SecondaryContact"":""tkupchik@deloitte.com"",""BusinessOwner"":""mraynor@deloitte.com""}",FPX00088-02-01-AZ-6822,"{""Classification"":""CON"",""Type"":""Deloitte"",""Qualifier"":""Intellectual Property +Personal Information+Financial Information+Competitive Intelligence""}",DAS-CONSULTING,CI2812233 ,DAS Consulting
DASRTDDR,US,US,CON,"{""Group"":""usscmplatformmgmt@deloitte.com"",""PrimaryContact"":""alffrancis@deloitte.com"",""SecondaryContact"":""tkupchik@deloitte.com"",""BusinessOwner"":""mraynor@deloitte.com""}",FPX00088-02-01-AZ-6822,"{""Classification"":""CON"",""Type"":""Deloitte"",""Qualifier"":""Intellectual Property +Personal Information+Financial Information+Competitive Intelligence""}",DAS-CONSULTING,CI0004370,DAS Consulting
DASRTSYNE,US,US,CON,"{""Group"":""usscmplatformmgmt@deloitte.com"",""PrimaryContact"":""alffrancis@deloitte.com"",""SecondaryContact"":""tkupchik@deloitte.com"",""BusinessOwner"":""mraynor@deloitte.com""}",FPX00088-02-01-AZ-6822,"{""Classification"":""CON"",""Type"":""Deloitte"",""Qualifier"":""Intellectual Property +Personal Information+Financial Information+Competitive Intelligence""}",DAS-CONSULTING,CI0004370,DAS Consulting
DASDSN,US,US,CON,"{""Group"":""usscmplatformmgmt@deloitte.com"",""PrimaryContact"":""pkinturi@deloitte.com"",""SecondaryContact"":""alffrancis@deloitte.com"",""BusinessOwner"":""""}",FPX00088-02-01-AZ-6822,"{""Classification"":""CON"",""Type:Deloitte"",""Qualifier"":""Personal Information""}",DAS-CONSULTING,CI22478809,DAS Consulting
DASUHP,US,US,ENA,"{""Group"":""usscmplatformmgmt@deloitte.com"",""PrimaryContact"":""mbikramshaha@deloitte.com"",""SecondaryContact"":""mbikramshaha@deloitte.com"",""BusinessOwner"":""malravi@deloitte.com""}",TPX01443-23-23-01-6957,"{""Classification"":""CON"",""Type"":""Both"",""Qualifier"":""Competitive Intelligence""}",DAS-MOBILE,CI0016834,DAS Core
DASCMP,US,US,ADV,"{""Group"":""usscmplatformmgmt@deloitte.com"",""PrimaryContact"":""manviswanath@deloitte.com"",""SecondaryContact"":"" "",""BusinessOwner"":""kesimmons@deloitte.com""}",TPT00228-01-00-92-I442,"{""Classification"":""CON"",""Type"":""Deloitte"",""Qualifier"":""Personal Information""}",DAS-ADV,CI2613031,Advisory
DASMCD,US,US,ENA,"{""Group"":""usscmplatformmgmt@deloitte.com"",""PrimaryContact"":""cchinta@deloitte.com"",""SecondaryContact"":""cchinta@deloitte.com"",""BusinessOwner"":""malravi@deloitte.com""}",TPX00453-09-00-AZ-7658,"{""Classification"":""CON"",""Type"":""Deloitte"",""Qualifier"":""Personal Information""}",DAS-INNOVATION,CI19422710,DAS Core
DASTODINNO,US,US,ENA,"{""Group"":""usscmplatformmgmt@deloitte.com"",""PrimaryContact"":""gsubramaniam@deloitte.com"",""SecondaryContact"":""jjinaga@deloitte.com"",""BusinessOwner"":""gsubramaniam@deloitte.com""}",TPX00790-04-00-AZ-7889,"{""Classification"":""CON"",""Type"":""Deloitte"",""Qualifier"":""Personal Information""}",DAS-TODINNOVATION,CI0004772,DAS Core
DASCYA,US,US,ENA,"{""Group"":""usscmplatformmgmt@deloitte.com"",""PrimaryContact"":""hamenon@deloitte.com"",""SecondaryContact"":""SuQuaedvlieg@deloitte.com"",""BusinessOwner"":""daschneider@deloitte.com""}",TPX02100-01-00-AZ-7897,"{""Classification"":""CON"",""Type"":""Deloitte"",""Qualifier"":""Personal Information""}",DAS-LRR,CI22114034,DAS-LRR
DASOnePro,US,US,ENA,"{""Group"":""usscmplatformmgmt@deloitte.com"",""PrimaryContact"":""amlkumar@deloitte.com"",""SecondaryContact"":""msama@deloitte.com"",""BusinessOwner"":""rarai@deloitte.com""}",TPX01168-01-01-AZ-6579,"{""Classification"":""CON"",""Type"":""Deloitte"",""Qualifier"":""Intellectual Property +Personal Information""}",DAS-ITS,CI0004505,Enabling Areas - ITS as a Customer
DASCCCB,US,US,CON,"{""Group"":""usscmplatformmgmt@deloitte.com"",""PrimaryContact"":""pkinturi@deloitte.com"",""SecondaryContact"":""alffrancis@deloitte.com"",""BusinessOwner"":""""}",TPT00239-01-00-92-I507,"{""Classification"":""CON"",""Type:Deloitte"",""Qualifier"":""Personal Information""}",DAS-CONSULTING,CI22478817,DAS Consulting
DASMCDM,US,US,ENA,"{""Group"":""usscmplatformmgmt@deloitte.com"",""PrimaryContact"":""mmilom@deloitte.com"",""SecondaryContact"":""rmarepally@deloitte.com"",""BusinessOwner"":""""}",TPX00118-01-01-AZ-5027,"{""Classification"":""ENA"",""Type:Deloitte"",""Qualifier"":""Personal Information""}",DAS-Mobile,CI0004466,DAS Mobile
DASDCM,US,US,CON,"{""Group"":""usscmplatformmgmt@deloitte.com"",""PrimaryContact"":""pkinturi@deloitte.com"",""SecondaryContact"":""alffrancis@deloitte.com"",""BusinessOwner"":""""}",FPX00088-02-01-AZ-6822,"{""Classification"":""CON"",""Type"":""Deloitte"",""Qualifier"":""Intellectual Property +Personal Information""}",DAS-CONSULTING,CI37320795,DAS Consulting
DASChatbotSANDBOX,US,US,ENA,"{""Group"":""usscmplatformmgmt@deloitte.com"",""PrimaryContact"":""dpomerantz@deloitte.com"",""SecondaryContact"":""malravi@deloitte.com"",""BusinessOwner"":""malravi@deloitte.com""}",TPX00453-09-00-AZ-7658,"{""Classification"":"""",""Type"":"""",""Qualifier"":""""}",DAS-Innovation,DASInnovation,DAS Core
DASSLATE,US,US,ENA,"{""Group"":""usscmplatformmgmt@deloitte.com"",""PrimaryContact"":""dpomerantz@deloitte.com"",""SecondaryContact"":""bvandermey@deloitte.com"",""BusinessOwner"":""bvandermey@deloitte.com""}",TPX00453-09-00-AZ-7658,"{""Classification"":""ENA"",""Type:Deloitte"",""Qualifier"":""Personal Information""}",DAS-Innovation,CI35210102,DAS Enabling
DASMEA,US,US,ENA,"{""Group"":""usscmplatformmgmt@deloitte.com"",""PrimaryContact"":""dpomerantz@deloitte.com"",""SecondaryContact"":""bvandermey@deloitte.com"",""BusinessOwner"":""bvandermey@deloitte.com""}",TPX00453-09-00-AZ-7658,"{""Classification"":""ENA"",""Type:Deloitte"",""Qualifier"":""Personal Information""}",DAS-Innovation,CI35210102,DAS Enabling
DASGROQUO,US,US,CON,"{""Group"":""usscmplatformmgmt@deloitte.com"",""PrimaryContact"":""ylivshitz@deloitte.com"",""SecondaryContact"":"""",""BusinessOwner"":""""}",TPT15812-01-00-94-I445,"{""Classification"":""ENA"",""Type"":""Deloitte"",""Qualifier"":""Intellectual Property +Personal Information+Financial Information+Competitive Intelligence""}",DAS-Mobile,DASGROQUO,Mobile COE
DASWorkWell,US,ENA,"{""Group"":""usscmplatformmgmt@deloitte.com"",""PrimaryContact"":""ccantley@deloitte.com"",""SecondaryContact"":""gegilbert@deloitte.com"",""BusinessOwner"":""atucci@deloitte.com""}",TPX01055-02-02-AZ-6788,"{""Classification"":""CON"",""Type:Deloitte+Client"",""Qualifier"":""Personal Information""}",DAS-MobileWeb,CI24374584,MobileWeb,
DASDLRN,US,US,ENA,"{""Group"":""usscmplatformmgmt@deloitte.com"",""PrimaryContact"":""amynahallirajashe@deloitte.com"",""SecondaryContact"":""shawhite@deloitte.com"",""BusinessOwner"":""jblackwell@deloitte.com""}",TPX01260-02-00-AZ-7666,"{""Classification"":""CON"",""Type"":""Deloitte"",""Qualifier"":""Intellectual Property +Personal Information""}",DAS-Digital,CI0003865,Enabling Areas -DigitalServices-FirmSecurity
DASMGTCNL,US,US,ENA,"{""Group"":""usscmplatformmgmt@deloitte.com"",""PrimaryContact"":""kmorrison@deloitte.com"",""SecondaryContact"":""astulov@deloitte.com"",""BusinessOwner"":""tmonaco@deloitte.com""}",TPX01443-19-19-AZ-6890,"{""Classification"":""Public"",""Type"":""Deloitte"",""Qualifier"":""Public""}",DAS-F&A-ADMIN,CI5463228,Business Services - Space Management
DASEPF,US,US,ADV,"{""Group"":""usscmplatformmgmt@deloitte.com"",""PrimaryContact"":"" "",""SecondaryContact"":"" "",""BusinessOwner"":"" ""}",TPX00553-01-01-AZ-5619,"{""Classification"":""CON"",""Type"":""Deloitte"",""Qualifier"":""Personal Information""}, {""Classification"":""CON"",""Type"":""Deloitte"",""Qualifier"":""Financial Information""}",DAS-SES,DASSCM,DAS Core
DASDSTART,US,ENA,"{""Group"":""usscmplatformmgmt@deloitte.com"",""PrimaryContact"":""swjena@deloitte.com"",""SecondaryContact"":""jstottman@deloitte.com"",""BusinessOwner"":""""}",TPX01678-07-00-92-I410,"{""Classification"":""CON"",""Type:Deloitte+Client"",""Qualifier"":""Personal Information""}",DAS-MobileWeb,CI0022743,MobileWeb,
