SubscriptionName,ResourceGroupName,ProjectCode,SharedResourceGroup
US_ENABLING_AREAS_PREPROD,AZRG-ENA-DASMDR-DEV,DASMDR,FALSE
US_ENABLING_AREAS_PREPROD,AZRG-ENA-DASMDR-QAS,DASMDR,FALSE
US_ENABLING_AREAS_PREPROD,AZRG-ENA-DASMDR-LOA,DASMDR,FALSE
US_ENABLING_AREAS_PROD,AZRG-ENA-DASMDR-STG,DASMDR,FALSE
US_ENABLING_AREAS_PROD,AZRG-ENA-DASMDR-PRD,DASMDR,FALSE
US_ENABLING_AREAS_PROD,AZRG-ENA-DAS-ASE-PROD-EUS,DASASE,FALSE
US_ENABLING_AREAS_PROD,AZRG-ENA-DAS-ASE-PROD-WUS,DASASE,FALSE
US_ENABLING_AREAS_PROD,AZRG-ENA-DASCCBF-PRD,DASCCBF,FALSE
US_ENABLING_AREAS_PROD,AZRG-ENA-DASCCBF-STG,DASCCBF,FALSE
US_ENABLING_AREAS_PREPROD,AZRG-ENA-DASCCBF-DEV,DASCCBF,FALSE
US_ENABLING_AREAS_PROD,AZRG-ENA-DASLOOP-PRD,DASLOOP,FALSE
US_ENABLING_AREAS_PROD,AZRG-ENA-DASSQL-PRD,DASSQL,TRUE
US_ENABLING_AREAS_PROD,AZRG-ENA-DASSQL-STG,DASSQL,TRUE
US_ENABLING_AREAS_PROD,AZRG-ENA-DASWF-STG,DASWF,FALSE
US_ENABLING_AREAS_PROD,AZRG-ENA-DASWH-PRD,DASWH,FALSE
US_ENABLING_AREAS_PROD,AZRG-ENA-DASWH-STG,DASWH,FALSE
US_ENABLING_AREAS_PROD,AZRG-ENA-DASWMT-PRD,DASWMT,FALSE
US_ENABLING_AREAS_PROD,AZRG-ENA-DASWMT-STG,DASWMT,FALSE
US_ENABLING_AREAS_PROD,AZRG-ENA-KV-PROD-EUS,DASKV,FALSE
US_ENABLING_AREAS_PROD,AZRG-ENA-DASIDX-STG,DASIDX,FALSE
US_ENABLING_AREAS_PROD,AZRG-ENA-DASIDX-PRD,DASIDX,FALSE
US_ENABLING_AREAS_PROD,DAS-SCM-Core,DASKV,FALSE
US_ENABLING_AREAS_PROD,AZRG-USE-ENA-SCM-PRD-1,DASSCM,FALSE
US_ENABLING_AREAS_PROD,AZRG-ENA-DASDSLAB-STG,DASDSLAB,FALSE
US_ENABLING_AREAS_PROD,AZRG-ENA-DASDSLAB-PRD,DASDSLAB,FALSE
US_ENABLING_AREAS_PROD,AZRG-ENA-DASWF-PRD,DASWF,FALSE
US_ENABLING_AREAS_PROD,US-ITS-DAS-SCM-VSTS-PROD,DASSCM,FALSE
US_ENABLING_AREAS_PROD,AZRG-ENA-DAS-SCM-VSTS-PROD,DASSCM,FALSE
US_ENABLING_AREAS_PROD,AZRG-ENA-DAS-SCM-VSTS-PROD-DEPLOY,DASSCM,FALSE
US_ENABLING_AREAS_PROD,AZRG-ENA-DASUC-PRD,DASUC,FALSE
US_ENABLING_AREAS_PROD,AZRG-ENA-DASUC-STG,DASUC,FALSE
US_ENABLING_AREAS_PREPROD,AZRG-ENA-DASUC-DEV,DASUC,FALSE
US_ENABLING_AREAS_PREPROD,AZRG-ENA-DASUC-QAS,DASUC,FALSE
US_ENABLING_AREAS_PREPROD,AZRG-ENA-DASDSLAB-SBX,DASDSLAB,FALSE
US_ENABLING_AREAS_PREPROD,AZRG-ENA-DASDSLAB-DEV,DASDSLAB,FALSE
US_ENABLING_AREAS_PREPROD,AZRG-ENA-DASDSLAB-DEV-HR,DASDSLAB,FALSE
US_ENABLING_AREAS_PREPROD,AZRG-ENA-DASIDX-DEV,DASIDX,FALSE
US_ENABLING_AREAS_PREPROD,AZRG-ENA-DASIDX-QAS,DASIDX,FALSE
US_ENABLING_AREAS_PREPROD,AZRG-ENA-DASMAAS-DEV,DASMAAS,FALSE
US_ENABLING_AREAS_PREPROD,AZRG-ENA-DASMAAS-QAS,DASMAAS,FALSE
US_ENABLING_AREAS_PROD,AZRG-ENA-DASMAAS-STG,DASMAAS,FALSE
US_ENABLING_AREAS_PROD,AZRG-ENA-DASMAAS-PRD,DASMAAS,FALSE
US_ENABLING_AREAS_PREPROD,AZRG-ENA-DASSQL-DEV,DASSQL,TRUE
US_ENABLING_AREAS_PREPROD,AZRG-ENA-DASSQL-LOA,DASSQL,TRUE
US_ENABLING_AREAS_PREPROD,AZRG-ENA-DASSQL-QAS,DASSQL,TRUE
US_ENABLING_AREAS_PREPROD,AZRG-ENA-DASWF-DEV,DASWF,FALSE
US_ENABLING_AREAS_PREPROD,AZRG-ENA-DASWF-QAS,DASWF,FALSE
US_ENABLING_AREAS_PREPROD,AZRG-ENA-DASWH-DEV,DASWH,FALSE
US_ENABLING_AREAS_PREPROD,AZRG-ENA-DASWH-QA,DASWH,FALSE
US_ENABLING_AREAS_PREPROD,AZRG-ENA-DASWMT-DEV,DASWMT,FALSE
US_ENABLING_AREAS_PREPROD,AZRG-ENA-DASWMT-QAS,DASWMT,FALSE
US_ENABLING_AREAS_PREPROD,AZRG-ENA-KV-PREPROD-EUS,DASSCM,FALSE
US_ENABLING_AREAS_PREPROD,AZRG-ENA-DAS-ASE-PREPROD-EUS,DASASE,FALSE
US_ENABLING_AREAS_PREPROD,AZRG-ENA-DAS-SES-DEV,DASSCM,FALSE
US_ENABLING_AREAS_PREPROD,AZRG-ENA-DAS-SES-PROD,DASSCM,FALSE
US_ENABLING_AREAS_PREPROD,AZRG-ENA-DAS-SES-QA,DASSCM,FALSE
US_ENABLING_AREAS_PREPROD,AZRG-ENA-DASCCBF-DEV,DASCCBF,FALSE
US_ENABLING_AREAS_PREPROD,AZRG-ENA-DASCCBF-QAS,DASCCBF,FALSE
US_ENABLING_AREAS_PREPROD,AZRG-ENA-DASCOACH-DEV,DASCOACH,FALSE
US_ENABLING_AREAS_PREPROD,AZRG-ENA-DASLOOP-DEV,DASLOOP,FALSE
US_ENABLING_AREAS_PREPROD,AZRG-USE-ENA-SCM-DEV-SSIS,DASSCM,FALSE
US_ENABLING_AREAS_PREPROD,ENABLING_PREPROD-AZRGENADASSESDEV,DASSCM,FALSE
US_ENABLING_AREAS_PREPROD,ENABLING_PREPROD-AZRGENADASSESSCMDEV,DASSCM,FALSE
US_ENABLING_AREAS_PREPROD,ENABLING_PREPROD-DASAMGSCMTesting,DASSCM,FALSE
US_ENABLING_AREAS_PREPROD,ENABLING_PREPROD-SCMAzureBuildBox,DASSCM,FALSE
US_ENABLING_AREAS_PREPROD,ENABLING_PREPROD-SCMBuildBox,DASSCM,FALSE
US_ENABLING_AREAS_PREPROD,AZRG-ENA-DASDSLAB-QAS,DASDSLAB,FALSE
US_ENABLING_AREAS_PREPROD,AZRG-ENA-DAS-SCM-VSTS-Dev,DASSCM,FALSE
US_ENABLING_AREAS_PREPROD,ENABLING_PREPROD-USITSDASAMGSCMTest,DASSCM,FALSE
US_ADVISORY_PREPROD,AZRG-ADV-ASE-PREPROD-EUS,DASSCM,FALSE
US_ADVISORY_PREPROD,AZRG-ADV-DASEPF-DEV,DASEPF,FALSE
US_ADVISORY_PREPROD,AZRG-ADV-DASEPF-LOA,DASEPF,FALSE
US_ADVISORY_PREPROD,AZRG-ADV-DASEPF-QAS,DASEPF,FALSE
US_ADVISORY_PREPROD,AZRG-ADV-DASSQL-DEV,DASEPF,TRUE
US_ADVISORY_PREPROD,AZRG-ADV-DASSQL-LOA,DASEPF,TRUE
US_ADVISORY_PREPROD,AZRG-ADV-DASSQL-QAS,DASSCM,TRUE
US_ADVISORY_PREPROD,AZRG-ADV-KV-PREPROD-EUS,DASSCM,FALSE
US_ADVISORY_PROD,AZRG-ADV-ASE-PROD-EUS,DASSCM,FALSE
US_ADVISORY_PROD,AZRG-ADV-ASE-PROD-WUS,DASSCM,FALSE
US_ADVISORY_PROD,AZRG-ADV-DASEPF-PRD,DASEPF,FALSE
US_ADVISORY_PROD,AZRG-ADV-DASEPF-STG,DASEPF,FALSE
US_ADVISORY_PROD,AZRG-ADV-DASSQL-PRD,DASSCM,TRUE
US_ADVISORY_PROD,AZRG-ADV-DASSQL-STG,DASSCM,TRUE
US_ADVISORY_PROD,AZRG-ADV-KV-PROD-EUS,DASSCM,FALSE
US_ENABLING_AREAS_PREPROD,AZRG-ENA-DASMGT-PREDEV,DASMGT,FALSE
US_ENABLING_AREAS_PREPROD,AZRG-ENA-DASMGT-DEV,DASMGT,FALSE
US_ENABLING_AREAS_PREPROD,AZRG-ENA-DASMGT-QAS,DASMGT,FALSE
US_ENABLING_AREAS_PROD,AZRG-ENA-DASMGT-STG,DASMGT,FALSE
US_ENABLING_AREAS_PROD,AZRG-ENA-DASMGT-STG2,DASMGT,FALSE
US_ENABLING_AREAS_PROD,AZRG-ENA-DASMGT-PRD,DASMGT,FALSE
US_ENABLING_AREAS_PROD,AZRG-ENA-DASMGT-UAT,DASMGT,FALSE
US_ENABLING_AREAS_PREPROD,AZRG-ENA-DASMGTBOT-DEV,DASMGTBOT,FALSE
US_ENABLING_AREAS_PROD,AZRG-ENA-DASMGTBOT-STG,DASMGTBOT,FALSE
US_ENABLING_AREAS_PROD,AZRG-ENA-DASMGTBOT-PRD,DASMGTBOT,FALSE
US_ENABLING_AREAS_PREPROD,AZRG-ENA-DAS-UNSUPERVISED,DASUNS,FALSE
US_ENABLING_AREAS_PREPROD,AZRG-ENA-DASKEY-DEV,DASKEY,FALSE
US_CONSULTING_PROD,AZRG-CON-DASMAR-STG,DASMAR,FALSE
US_CONSULTING_PREPROD,AZRG-CON-DASSQL-QAS,DASMAR,TRUE
US_CONSULTING_PREPROD,AZRG-CON-DASSQL-DEV,DASMAR,TRUE
US_CONSULTING_PREPROD,AZRG-CON-DASSQL-LOA,DASMAR,TRUE
US_CONSULTING_PROD,AZRG-CON-DASMAR-PRD,DASMAR,FALSE
US_CONSULTING_PROD,AZRG-CON-DASSQL-STG,DASMAR,TRUE
US_CONSULTING_PROD,AZRG-CON-DASSQL-PRD,DASMAR,TRUE
US_CONSULTING_PROD,AZRG-CON-DAS-ASE-PROD-EUS,DASSCM,FALSE
US_CONSULTING_PROD,AZRG-CON-DAS-ASE-PROD-NEU,DASSCM,FALSE
US_CONSULTING_PROD,AZRG-CON-DAS-ASE-PROD-WEU,DASSCM,FALSE
US_CONSULTING_PROD,AZRG-CON-DAS-ASE-PROD-WUS,DASSCM,FALSE
US_CONSULTING_PREPROD,AZRG-CON-KV-PREPROD-EUS,DASSCM,FALSE
US_CONSULTING_PROD,AZRG-CON-KV-PROD-EUS,DASSCM,FALSE
US_ENABLING_AREAS_PREPROD,AZRG-ENA-DAS-ASE-PREPROD-EUS2,DASASE,FALSE
US_ENABLING_AREAS_PROD,AZRG-ENA-DAS-ASE-PROD-EUS2,DASASE,FALSE
US_ENABLING_AREAS_PREPROD,AZRG-ENA-DASKEY-DEV,DASKEY,FALSE
US_ENABLING_AREAS_PREPROD,AZRG-ENA-DASKEY-QAS,DASKEY,FALSE
US_ENABLING_AREAS_PROD,AZRG-ENA-DASKEY-STG,DASKEY,FALSE
US_ENABLING_AREAS_PROD,AZRG-ENA-DASKEY-PRD,DASKEY,FALSE
US_CONSULTING_PREPROD,AZRG-CON-DAS-ASE-PREPROD-EUS,DASSCM,FALSE
US_ENABLING_AREAS_PREPROD,AZRG-ENA-DASFCAT-DEV,DASCCBF,FALSE
US_ENABLING_AREAS_PROD,AZRG-ENA-DASFCAT-STG,DASCCBF,FALSE
US_ENABLING_AREAS_PROD,AZRG-ENA-DASFCAT-PRD,DASCCBF,FALSE
US_CONSULTING_PROD,AZRG-CON-DASMAREU-PRD,DASMAR,FALSE
US_ENABLING_AREAS_PROD,AZRG-ENA-DASCANI-STG,DASCANI,FALSE
US_ENABLING_AREAS_PROD,AZRG-ENA-DASPCOMP-STG,DASPCOMP,FALSE
US_ENABLING_AREAS_PROD,AZRG-ENA-DASW2DC-PRD,DASW2DC,FALSE
US_ENABLING_AREAS_PROD,AZRG-ENA-DASW2DC-STG,DASW2DC,FALSE
US_ENABLING_AREAS_PREPROD,AZRG-ENA-DASW2DC-DEV,DASW2DC,FALSE
US_ENABLING_AREAS_PREPROD,AZRG-ENA-DASTFAQ-DEV,DASTFAQ,FALSE
US_ENABLING_AREAS_PROD,AZRG-ENA-DASTFAQ-STG,DASTFAQ,FALSE
US_ENABLING_AREAS_PROD,AZRG-ENA-DASTFAQ-PRD,DASTFAQ,FALSE
US_ENABLING_AREAS_PREPROD,AZRG-ENA-DASGOMOB-DEV,DASGOMOB,FALSE
US_ENABLING_AREAS_PREPROD,AZRG-ENA-DASGOMOB-QAS,DASGOMOB,FALSE
US_ENABLING_AREAS_PROD,AZRG-ENA-DASGOMOB-STG,DASGOMOB,FALSE
US_ENABLING_AREAS_PROD,AZRG-ENA-DASGOMOB-PRD,DASGOMOB,FALSE
US_ENABLING_AREAS_PREPROD,AZRG-ENA-DASRPA-DEV,DASRPA,FALSE
US_ENABLING_AREAS_PREPROD,AZRG-ENA-DASRPA-QAS,DASRPA,FALSE
US_ENABLING_AREAS_PROD,AZRG-ENA-DASRPA-STG,DASRPA,FALSE
US_ENABLING_AREAS_PROD,AZRG-ENA-DASRPA-PRD,DASRPA,FALSE
US_ENABLING_AREAS_PROD,AZRG-ENA-DASRPACOE-STG,DASRPA,FALSE
US_ENABLING_AREAS_PROD,AZRG-ENA-DASRPACOE-PRD,DASRPA,FALSE
US-AZSUB-AME-ITS-DAS-RnD,Enabling-MDR,DASMDR,FALSE
US_ENABLING_AREAS_PREPROD,AZRG-ENA-DASDIB-DEV,DASDIB,FALSE
US_ENABLING_AREAS_PREPROD,AZRG-ENA-DASDIB-QAS,DASDIB,FALSE
US_ENABLING_AREAS_PROD,AZRG-ENA-DASDIB-STG,DASDIB,FALSE
US_ENABLING_AREAS_PROD,AZRG-ENA-DASDIB-PRD,DASDIB,FALSE
US_ENABLING_AREAS_PREPROD,AZRG-ENA-DASMAC-DEV,DASMAC,FALSE
US_ENABLING_AREAS_PREPROD,AZRG-ENA-DASMAC-QAS,DASMAC,FALSE
US_ENABLING_AREAS_PROD,AZRG-ENA-DASMAC-STG,DASMAC,FALSE
US_ENABLING_AREAS_PROD,AZRG-ENA-DASMAC-PRD,DASMAC,FALSE
US_ENABLING_AREAS_PREPROD,AZRG-ENA-DASMXCL-DEV,DASMXCL,FALSE
US_ENABLING_AREAS_PROD,AZRG-ENA-DASMXCL-STG,DASMXCL,FALSE
US_ADVISORY_PREPROD,AZRG-ADV-DASDTI-DEV,DASDTI,FALSE
US_ADVISORY_PREPROD,AZRG-ADV-DASDTI-QAS,DASDTI,FALSE
US_ADVISORY_PROD,AZRG-ADV-DASDTI-STG,DASDTI,FALSE
US_ADVISORY_PROD,AZRG-ADV-DASDTI-PRD,DASDTI,FALSE
US_ENABLING_AREAS_PROD,ENABLING_PROD-EA-Mobile-Towers-Prod,DASASE,FALSE
US_ENABLING_AREAS_PROD,ENABLING_PROD-SEA-Mobile-Towers-Prod,DASASE,FALSE
US_ENABLING_AREAS_PREPROD,ENABLING_PREPROD-SEA-Mobile-Towers,DASASE,FALSE
US_ENABLING_AREAS_PREPROD,AZRG-ENA-DASCP-DEV,DASCPASP,FALSE
US_ENABLING_AREAS_PREPROD,AZRG-ENA-DASCP-QAS,DASCPASP,FALSE
US_ENABLING_AREAS_PROD,AZRG-ENA-DASCP-STG,DASCPASP,FALSE
US_ENABLING_AREAS_PROD,AZRG-ENA-DASCP-PRD,DASCPASP,FALSE
US-AZSUB-AME-ITS-DAS-RnD,AZRG-TAX-IFP-Sandbox,DASIFP,FALSE
US_CONSULTING_PREPROD,AZRG-CON-DASPRSPTR-DEV,DASPRSPTR,FALSE
US_CONSULTING_PREPROD,AZRG-CON-DASPRSPTR-QAS,DASPRSPTR,FALSE
US_CONSULTING_PREPROD,AZRG-CON-DASPRSPTR-LOA,DASPRSPTR,FALSE
US_CONSULTING_PREPROD,AZRG-CON-DASPRSPTR-SHARED-PREPRD,DASPRSPTR,TRUE
US_CONSULTING_PROD,AZRG-CON-DASPRSPTR-STG,DASPRSPTR,FALSE
US_CONSULTING_PROD,AZRG-CON-DASPRSPTR-PRD,DASPRSPTR,FALSE
US_CONSULTING_PROD,AZRG-CON-DASPRSPTR-SHARED-PRD,DASPRSPTR,TRUE
US_ENABLING_AREAS_PREPROD,AZRG-ENA-DASPFIMT-DEV,DASPFIMT,FALSE
US_ENABLING_AREAS_PREPROD,AZRG-ENA-DASPFIMT-QAS,DASPFIMT,FALSE
US_ENABLING_AREAS_PROD,AZRG-ENA-DASPFIMT-STG,DASPFIMT,FALSE
US_ENABLING_AREAS_PROD,AZRG-ENA-DASPFIMT-PRD,DASPFIMT,FALSE
US-AZSUB-AME-ITS-DAS-RnD,AZRG-SBOX-DASAMGTraining-EUS,DASCORE,FALSE
US-AZSUB-AME-ITS-DAS-RnD,AZRG-SBOX-DASAMGTraining-WUS,DASCORE,FALSE
US-AZSUB-AME-ITS-DAS-RnD,AZRG-SBOX-DASAMGTraining-Shared,DASCORE,FALSE
US-AZSUB-AME-ITS-DAS-RnD,AZRG-Sandbox-DASAMG1-PRD,DASCORE,FALSE
US-AZSUB-AME-ITS-DAS-RnD,AZRG-Sandbox-DASAMG2-PRD,DASCORE,FALSE
US-AZSUB-AME-ITS-DAS-RnD,AZRG-Sandbox-DASAMG3-PRD,DASCORE,FALSE
US-AZSUB-AME-ITS-DAS-RnD,AZRG-Sandbox-DASAMG4-PRD,DASCORE,FALSE
US-AZSUB-AME-ITS-DAS-RnD,AZRG-Sandbox-DASAMG5-PRD,DASCORE,FALSE
US-AZSUB-AME-ITS-DAS-RnD,DAS-SCM-ESignature,DASESIG,FALSE
US_ENABLING_AREAS_PREPROD,AZRG-ENA-DASDHUB-DEV,DASDHUB,FALSE
US_ENABLING_AREAS_PREPROD,AZRG-ENA-DASDHUB-QAS,DASDHUB,FALSE
US_ENABLING_AREAS_PROD,AZRG-ENA-DASDHUB-STG,DASDHUB,FALSE
US_ENABLING_AREAS_PROD,AZRG-ENA-DASDHUB-PRD,DASDHUB,FALSE
US-AZSUB-AME-ITS-DAS-RnD,DAS-SCM-GROQUO,DASGROQUO,FALSE
US-AZSUB-AME-ITS-DAS-RnD,AZRG-Sandbox-DASLRR,DASLRRSANDBOX,FALSE
US_ENABLING_AREAS_PREPROD,AZRG-ENA-DASESIGN-DEV,DASESIGN,FALSE
US_ENABLING_AREAS_PREPROD,AZRG-ENA-DASESIGN-QAS,DASESIGN,FALSE
US_ENABLING_AREAS_PROD,AZRG-ENA-DASESIGN-STG,DASESIGN,FALSE
US_ENABLING_AREAS_PROD,AZRG-ENA-DASESIGN-PRD,DASESIGN,FALSE
US_CONSULTING_PREPROD,AZRG-CON-DASVDX-DEV,DASVDX,FALSE
US_CONSULTING_PREPROD,AZRG-CON-DASVDX-QAS,DASVDX,FALSE
US_CONSULTING_PREPROD,AZRG-CON-DASVDX-LOA,DASVDX,FALSE
US_CONSULTING_PROD,AZRG-CON-DASVDX-STG,DASVDX,FALSE
US_CONSULTING_PROD,AZRG-CON-DASVDX-PRD,DASVDX,FALSE
US_ENABLING_AREAS_PREPROD,AZRG-ENA-DASCANI-DEV,DASCANILRR,FALSE
US_ENABLING_AREAS_PREPROD,AZRG-ENA-DASCANI-QAS,DASCANILRR,FALSE
US_ENABLING_AREAS_PROD,AZRG-ENA-DASCANI-PRD,DASCANILRR,FALSE
US_ENABLING_AREAS_PROD,AZRG-ENA-DASCANI-STG,DASCANILRR,FALSE
US_CONSULTING_PREPROD,AZRG-CON-DASTECFLU-DEV,DASTECFLU,FALSE
US_CONSULTING_PREPROD,AZRG-CON-DASTECFLU-QAS,DASTECFLU,FALSE
US_CONSULTING_PREPROD,AZRG-CON-DASTECFLU-LOA,DASTECFLU,FALSE
US_CONSULTING_PROD,AZRG-CON-DASTECFLU-STG,DASTECFLU,FALSE
US_CONSULTING_PROD,AZRG-CON-DASTECFLU-PRD,DASTECFLU,FALSE
US_CONSULTING_PREPROD,AZRG-CON-DASSQL-DEV,DASTECFLU,TRUE
US_CONSULTING_PREPROD,AZRG-CON-DASSQL-QAS,DASTECFLU,TRUE
US_CONSULTING_PREPROD,AZRG-CON-DASSQL-LOA,DASTECFLU,TRUE
US_CONSULTING_PROD,AZRG-CON-DASSQL-STG,DASTECFLU,TRUE
US_CONSULTING_PROD,AZRG-CON-DASSQL-PRD,DASTECFLU,TRUE
US_ADVISORY_PREPROD,AZRG-ADV-DASEPDF-DEV,DASEPF,FALSE
US_ADVISORY_PREPROD,AZRG-ADV-DASEPDF-LOA,DASEPF,FALSE
US_ADVISORY_PREPROD,AZRG-ADV-DASEPDF-QAS,DASEPF,FALSE
US_ADVISORY_PROD,AZRG-ADV-DASEPDF-PRD,DASEPF,FALSE
US_ADVISORY_PROD,AZRG-ADV-DASEPDF-STG,DASEPF,FALSE
US_ENABLING_AREAS_PREPROD,AZRG-ENA-DASKNWPNS-DEV,DASKNWPNS,FALSE
US_ENABLING_AREAS_PREPROD,AZRG-ENA-DASKNWPNS-QAS,DASKNWPNS,FALSE
US_ENABLING_AREAS_PROD,AZRG-ENA-DASKNWPNS-PRD,DASKNWPNS,FALSE
US_ENABLING_AREAS_PROD,AZRG-ENA-DASKNWPNS-STG,DASKNWPNS,FALSE
US_ENABLING_AREAS_PREPROD,AZRG-ENA-DASHMS-DEV,DASHMS,FALSE
US_ENABLING_AREAS_PREPROD,AZRG-ENA-DASHMS-QAS,DASHMS,FALSE
US-AZSUB-AME-ITS-DAS-RnD,AZRG-ENA-Nexus-Sandbox,DASTALENT,FALSE
US_ENABLING_AREAS_PREPROD,ENABLING_PREPROD-US-Mobile-Towers-Dev,DASTOWERS,FALSE
US_ENABLING_AREAS_PREPROD,ENABLING_PREPROD-US-Mobile-Towers-QA,DASTOWERS,FALSE
US_ENABLING_AREAS_PROD,ENABLING_PROD-US-Mobile-Towers-Staging,DASTOWERS,FALSE
US_ENABLING_AREAS_PROD,ENABLING_PROD-US-Mobile-Towers-Prod,DASTOWERS,FALSE
US_ENABLING_AREAS_PREPROD,ENABLING_PREPROD-US-Mobile-Towers-Dev,DASTOWERS,FALSE
US_ENABLING_AREAS_PREPROD,ENABLING_PREPROD-US-Mobile-Towers-QA,DASTOWERS,FALSE
US_ENABLING_AREAS_PROD,ENABLING_PROD-US-Mobile-Towers-Staging,DASTOWERS,FALSE
US_ENABLING_AREAS_PROD,ENABLING_PROD-US-Mobile-Towers-Prod,DASTOWERS,FALSE
US_ENABLING_AREAS_PROD,AZRG-ENA-DASSOC-STG,DASSOC,FALSE
US_ENABLING_AREAS_PROD,AZRG-ENA-DASSOC-PRD,DASSOC,FALSE
US_ADVISORY_PROD,AZRG-ADV-DASPBI-STG,DASPBI,TRUE
US_ADVISORY_PROD,AZRG-ADV-DASPBI-PRD,DASPBI,TRUE
US_ENABLING_AREAS_PROD,AZRG-ENA-DASUNI-PRD,DASUNI,FALSE
US_ENABLING_AREAS_PROD,AZRG-ENA-DASUNI-STG,DASUNI,FALSE
US_ENABLING_AREAS_PREPROD,AZRG-ENA-DASAV-DEV,DASAV,TRUE
US_ENABLING_AREAS_PROD,AZRG-ENA-DASAV-PRD,DASAV,TRUE
US_ENABLING_AREAS_PREPROD,AZRG-ENA-DASFCAT-QAS,DASCCBF,FALSE
US_ENABLING_AREAS_PREPROD,AZRG-ENA-DASW2DC-QAS,DASCCBF,FALSE
US_ENABLING_AREAS_PREPROD,AZRG-ENA-DASTFAQ-QAS,DASCCBF,FALSE
US-AZSUB-AME-ITS-DAS-RnD,DAS-KEYSTONE-SANDBOX,DASKEY,FALSE
US-AZSUB-AME-ITS-DAS-RnD,Enabling-DSLAB-BCP,DASDSLAB,FALSE
US-AZSUB-AME-ITS-DAS-RnD,Enabling-DSLAB,DASDSLAB,FALSE
US-AZSUB-AME-ITS-DAS-RnD,cloud-shell-storage-eastus,DASCORE,FALSE
US_ADVISORY_PROD,AZRG-ADV-DASDAP-PRD,DASDAP,FALSE
US_ADVISORY_PROD,AZRG-ADV-DASDAP-STG,DASDAP,FALSE
US_ADVISORY_PREPROD,AZRG-ADV-DASDAP-DEV,DASDAP,FALSE
US_ADVISORY_PREPROD,AZRG-ADV-DASDAP-QA,DASDAP,FALSE
US_ADVISORY_PROD,AZRG-ADV-DASSQL-PRD,DASDAP,TRUE
US_ADVISORY_PROD,AZRG-ADV-DASSQL-STG,DASDAP,TRUE
US_ADVISORY_PREPROD,AZRG-ADV-DASSQL-DEV,DASDAP,TRUE
US_ADVISORY_PREPROD,AZRG-ADV-DASSQL-QAS,DASDAP,TRUE
US_ENABLING_AREAS_PREPROD,AZRG-ENA-DASMGTCON-DEV,DASMGTCON,FALSE
US_ENABLING_AREAS_PREPROD,AZRG-ENA-DASMGTCON-QAS,DASMGTCON,FALSE
US_ENABLING_AREAS_PROD,AZRG-ENA-DASMGTCON-STG,DASMGTCON,FALSE
US_ENABLING_AREAS_PROD,AZRG-ENA-DASMGTCON-PRD,DASMGTCON,FALSE
US_CONSULTING_PREPROD,AZRG-CON-DASDSN-DEV,DASDSN,FALSE
US_CONSULTING_PREPROD,AZRG-CON-DASDSN-QAS,DASDSN,FALSE
US_CONSULTING_PREPROD,AZRG-CON-DASDSN-LOA,DASDSN,FALSE
US_CONSULTING_PROD,AZRG-CON-DASDSN-STG,DASDSN,FALSE
US_CONSULTING_PROD,AZRG-CON-DASDSN-PRD,DASDSN,FALSE
US_ENABLING_AREAS_PROD,AZRG-ENA-DASUHP-PRD,DASUHP,FALSE
US_ENABLING_AREAS_PROD,AZRG-ENA-DASUHP-STG,DASUHP,FALSE
US_ENABLING_AREAS_PREPROD,AZRG-ENA-DASUHP-DEV,DASUHP,FALSE
US_ENABLING_AREAS_PREPROD,AZRG-ENA-DASUHP-QAS,DASUHP,FALSE
US_ENABLING_AREAS_PREPROD,AZRG-ENA-DAS-ISE-PREPROD-SEA,DASUHP,FALSE
US_ENABLING_AREAS_PROD,AZRG-ENA-DAS-ISE-PROD-SEA,DASUHP,FALSE
US_ENABLING_AREAS_PROD,AZRG-ENA-DAS-ISE-PROD-EA,DASUHP,FALSE
US_ENABLING_AREAS_PROD,AZRG-ENA-DASHMS-STG,DASHMS,FALSE
US_ENABLING_AREAS_ROD,AZRG-ENA-DASHMS-PRD,DASHMS,FALSE
US_ADVISORY_PREPROD,AZRG-ADV-DASCMP-DEV,DASCMP,FALSE
US_ENABLING_AREAS_PROD,AZRG-ENA-DASMCD-STG,DASMCD,FALSE
US_ENABLING_AREAS_PROD,AZRG-ENA-DASMCD-PRD,DASMCD,FALSE
US_TAX_PREPROD,AZRG-TAX-DASIFP-DEV,DASIFP,FALSE
US_TAX_PREPROD,AZRG-TAX-DASIFP-QAS,DASIFP,FALSE
US_TAX_PREPROD,AZRG-TAX-DASSQL-DEV,DASSQL,TRUE
US_TAX_PREPROD,AZRG-TAX-DASSQL-QAS,DASSQL,TRUE
US_TAX_PREPROD,AZRG-TAX-DASSQL-LOA,DASSQL,TRUE
US_TAX_PREPROD,AZRG-TAX-DAS-KV-PREPROD-EUS,DASKV,TRUE
US_TAX_PROD,AZRG-TAX-DAS-KV-PROD,DASKV,TRUE
US-AZSUB-AME-ENA-TODINNOV-NPD,AZRG-ENA-TODINNO-DASTOD-DEV,DASTODINNO,FALSE
US-AZSUB-AME-ENA-TODINNOV-NPD,AZRG-ENA-TODINNO-DASTOD-QAS,DASTODINNO,FALSE
US-AZSUB-AME-ENA-TODINNOV-NPD,AZRG-ENA-TODINNO-DASSQL-DEV,DASTODINNO,TRUE
US-AZSUB-AME-ENA-TODINNOV-NPD,AZRG-ENA-TODINNO-DASSQL-QAS,DASTODINNO,TRUE
US-AZSUB-AME-ENA-TODINNOV-NPD,AZRG-ENA-TODINNO-DASSQL-LOA,DASTODINNO,TRUE
US-AZSUB-AME-ENA-TODINNOV-NPD,AZRG-ENA-TOD-DEVOPS-Shared-PREPROD,DASTODINNO,TRUE
US-AZSUB-AME-ENA-TODINNOV-NPD,AZRG-ENA-TODINNO-DAS-ASE-PREPROD-EUS,DASTODINNO,TRUE
US-AZSUB-AME-ENA-TODINNOV-NPD,AZRG-ENA-TODINNO-DAS-KV-PREPROD-EUS,DASTODINNO,TRUE
US-AZSUB-AME-ENA-TODINNOV-PRD,AZRG-ENA-TODINNO-DASSQL-STG,DASTODINNO,TRUE
US-AZSUB-AME-ENA-TODINNOV-PRD,AZRG-ENA-TODINNO-DASSQL-PRD,DASTODINNO,TRUE
US-AZSUB-AME-ENA-TODINNOV-PRD,AZRG-ENA-TOD-DEVOPS-Shared-PROD,DASTODINNO,TRUE
US-AZSUB-AME-ENA-TODINNOV-PRD,AZRG-ENA-TODINNO-DAS-ASE-PROD-EUS,DASTODINNO,TRUE
US-AZSUB-AME-ENA-TODINNOV-PRD,AZRG-ENA-TODINNO-DAS-ASE-PROD-WUS,DASTODINNO,TRUE
US-AZSUB-AME-ENA-TODINNOV-PRD,AZRG-ENA-TODINNO-DAS-KV-PROD-EUS,DASTODINNO,TRUE
US-AZSUB-AME-ENA-TODINNOV-PRD,AZRG-ENA-TODINNO-DASTOD-STG,DASTODINNO,FALSE
US-AZSUB-AME-ENA-TODINNOV-PRD,AZRG-ENA-TODINNO-DASTOD-PRD,DASTODINNO,FALSE
US-AZSUB-AME-ENA-TODINNOV-PRD,AZRG-ENA-TODINNO-DAS-ACR-Shared-EUS,DASTODINNO,TRUE
US_CONSULTING_PREPROD,AZRG-CON-DASRTOMDA-DEV,DASRTOMDA,FALSE
US_CONSULTING_PREPROD,AZRG-CON-DASRTOMDA-QAS,DASRTOMDA,FALSE
US_CONSULTING_PREPROD,AZRG-CON-DASRTPIQ-DEV,DASRTPIQ,FALSE
US_CONSULTING_PREPROD,AZRG-CON-DASRTPIQ-QAS,DASRTPIQ,FALSE
US_CONSULTING_PREPROD,AZRG-CON-DASRTCEDG-DEV,DASRTCEDG,FALSE
US_CONSULTING_PREPROD,AZRG-CON-DASRTCEDG-QAS,DASRTCEDG,FALSE
US_CONSULTING_PREPROD,AZRG-CON-DASRTODA-DEV,DASRTODA,FALSE
US_CONSULTING_PREPROD,AZRG-CON-DASRTODA-QAS,DASRTODA,FALSE
US_CONSULTING_PREPROD,AZRG-CON-DASMAR-DEV,DASMAR,FALSE
US_CONSULTING_PREPROD,AZRG-CON-DASMAR-LOA,DASMAR,FALSE
US_CONSULTING_PREPROD,AZRG-CON-DASRTSLOA-DEV,DASRTSLOA,FALSE
US_CONSULTING_PREPROD,AZRG-CON-DASRTSLOA-QAS,DASRTSLOA,FALSE
US_CONSULTING_PREPROD,AZRG-CON-DASRTTMAS-DEV,DASRTTMAS,FALSE
US_CONSULTING_PREPROD,AZRG-CON-DASRTTMAS-QAS,DASRTTMAS,FALSE
US_CONSULTING_PREPROD,AZRG-CON-DASRTDICE-DEV,DASRTDICE,FALSE
US_CONSULTING_PREPROD,AZRG-CON-DASRTDICE-QAS,DASRTDICE,FALSE
US_CONSULTING_PREPROD,AZRG-CON-DASRTCORE-DEV,DASRTCORE,FALSE
US_CONSULTING_PREPROD,AZRG-CON-DASRTCORE-QAS,DASRTCORE,FALSE
US_CONSULTING_PREPROD,AZRG-CON-DASRTCOREBI-DEV,DASRTCOREBI,FALSE
US_CONSULTING_PREPROD,AZRG-CON-DASRTCOREBI-QAS,DASRTCOREBI,FALSE
US_CONSULTING_PREPROD,AZRG-CON-DASRTINTD-DEV,DASRTINTD,FALSE
US_CONSULTING_PREPROD,AZRG-CON-DASRTINTD-QAS,DASRTINTD,FALSE
US_CONSULTING_PREPROD,AZRG-CON-DASRTMAI-DEV,DASRTMAI,FALSE
US_CONSULTING_PREPROD,AZRG-CON-DASRTMAI-QAS,DASRTMAI,FALSE
US_CONSULTING_PREPROD,AZRG-CON-DASRTDDR-DEV,DASRTDDR,FALSE
US_CONSULTING_PREPROD,AZRG-CON-DASRTDDR-QAS,DASRTDDR,FALSE
US_CONSULTING_PREPROD,AZRG-CON-DASRTCBP-DEV,DASRTCBP,FALSE
US_CONSULTING_PREPROD,AZRG-CON-DASRTCBP-QAS,DASRTCBP,FALSE
US_CONSULTING_PREPROD,AZRG-CON-DASRTSYNE-DEV,DASRTSYNE,FALSE
US_CONSULTING_PREPROD,AZRG-CON-DASRTSYNE-QAS,DASRTSYNE,FALSE
US_CONSULTING_PROD,AZRG-CON-DASRTOMDA-STG,DASRTOMDA,FALSE
US_CONSULTING_PROD,AZRG-CON-DASRTOMDA-PRD,DASRTOMDA,FALSE
US_CONSULTING_PROD,AZRG-CON-DASRTPIQ-STG,DASRTPIQ,FALSE
US_CONSULTING_PROD,AZRG-CON-DASRTPIQ-PRD,DASRTPIQ,FALSE
US_CONSULTING_PROD,AZRG-CON-DASRTCEDG-STG,DASRTCEDG,FALSE
US_CONSULTING_PROD,AZRG-CON-DASRTCEDG-PRD,DASRTCEDG,FALSE
US_CONSULTING_PROD,AZRG-CON-DASRTODA-STG,DASRTODA,FALSE
US_CONSULTING_PROD,AZRG-CON-DASRTODA-PRD,DASRTODA,FALSE
US_CONSULTING_PROD,AZRG-CON-DASRTSLOA-STG,DASRTSLOA,FALSE
US_CONSULTING_PROD,AZRG-CON-DASRTSLOA-PRD,DASRTSLOA,FALSE
US_CONSULTING_PROD,AZRG-CON-DASRTTMAS-STG,DASRTTMAS,FALSE
US_CONSULTING_PROD,AZRG-CON-DASRTTMAS-PRD,DASRTTMAS,FALSE
US_CONSULTING_PROD,AZRG-CON-DASRTDICE-STG,DASRTDICE,FALSE
US_CONSULTING_PROD,AZRG-CON-DASRTDICE-PRD,DASRTDICE,FALSE
US_CONSULTING_PROD,AZRG-CON-DASRTCORE-STG,DASRTCORE,FALSE
US_CONSULTING_PROD,AZRG-CON-DASRTCORE-PRD,DASRTCORE,FALSE
US_CONSULTING_PROD,AZRG-CON-DASRTCOREBI-STG,DASRTCOREBI,FALSE
US_CONSULTING_PROD,AZRG-CON-DASRTCOREBI-PRD,DASRTCOREBI,FALSE
US_CONSULTING_PROD,AZRG-CON-DASRTINTD-STG,DASRTINTD,FALSE
US_CONSULTING_PROD,AZRG-CON-DASRTINTD-PRD,DASRTINTD,FALSE
US_CONSULTING_PROD,AZRG-CON-DASRTMAI-STG,DASRTMAI,FALSE
US_CONSULTING_PROD,AZRG-CON-DASRTMAI-PRD,DASRTMAI,FALSE
US_CONSULTING_PROD,AZRG-CON-DASRTDDR-STG,DASRTDDR,FALSE
US_CONSULTING_PROD,AZRG-CON-DASRTDDR-PRD,DASRTDDR,FALSE
US_CONSULTING_PROD,AZRG-CON-DASRTCBP-STG,DASRTCBP,FALSE
US_CONSULTING_PROD,AZRG-CON-DASRTCBP-PRD,DASRTCBP,FALSE
US_CONSULTING_PROD,AZRG-CON-DASRTSYNE-STG,DASRTSYNE,FALSE
US_CONSULTING_PROD,AZRG-CON-DASRTSYNE-PRD,DASRTSYNE,FALSE
US_ENABLING_AREAS_PROD,AZRG-ENA-DAS-ISE-PROD-EUS2,DASISE,TRUE
US_ENABLING_AREAS_PROD,AZRG-ENA-DAS-ISE-PROD-CUS,DASISE,TRUE
US_ENABLING_AREAS_PREPROD,AZRG-ENA-DAS-ISE-PREPROD-EUS2,DASISE,TRUE
US_ENABLING_AREAS_PREPROD,AZRG-ENA-DASOnePro-DEV,DASOnePro,FALSE
US_ENABLING_AREAS_PREPROD,AZRG-ENA-DASOnePro-QAS,DASOnePro,FALSE
US_ENABLING_AREAS_PROD,AZRG-ENA-DASOnePro-PRD,DASOnePro,FALSE
US_ENABLING_AREAS_PROD,AZRG-ENA-DASOnePro-STG,DASOnePro,FALSE
US_ENABLING_AREAS_PREPROD,AZRG-ENA-DASCYA-DEV,DASCYA,FALSE
US_ENABLING_AREAS_PREPROD,AZRG-ENA-DASCYA-QAS,DASCYA,FALSE
US_ENABLING_AREAS_PROD,AZRG-ENA-DASCYA-PRD,DASCYA,FALSE
US_ENABLING_AREAS_PROD,AZRG-ENA-DASCYA-STG,DASCYA,FALSE
US_CONSULTING_PREPROD,AZRG-CON-DASCCCB-DEV,DASCCCB,FALSE
US_CONSULTING_PREPROD,AZRG-CON-DASCCCB-QAS,DASCCCB,FALSE
US_CONSULTING_PREPROD,AZRG-CON-DASCCCB-LOA,DASCCCB,FALSE
US_CONSULTING_PROD,AZRG-CON-DASCCCB-STG,DASCCCB,FALSE
US_CONSULTING_PROD,AZRG-CON-DASCCCB-PRD,DASCCCB,FALSE
US_ENABLING_AREAS_PREPROD,AZRG-ENA-DASMCDM-DEV,DASMCDM,FALSE
US_ENABLING_AREAS_PREPROD,AZRG-ENA-DASMCDM-QAS,DASMCDM,FALSE
US_ENABLING_AREAS_PREPROD,AZRG-ENA-DASMCDM-LOA,DASMCDM,FALSE
US_ENABLING_AREAS_PROD,AZRG-ENA-DASMCDM-STG,DASMCDM,FALSE
US_ENABLING_AREAS_PROD,AZRG-ENA-DASMCDM-PRD,DASMCDM,FALSE
US_CONSULTING_PREPROD,AZRG-CON-DASDCM-DEV,DASDCM,FALSE
US-AZSUB-AME-ITS-DAS-RnD,AZRG-Sandbox-SlateChatbot,DASChatbotSANDBOX,FALSE
US_CONSULTING_PREPROD,AZRG-CON-DASDCM-QAS,DASDCM,FALSE
US_CONSULTING_PROD,AZRG-CON-DASDCM-STG,DASDCM,FALSE
US_CONSULTING_PROD,AZRG-CON-DASDCM-PRD,DASDCM,FALSE
US_ENABLING_AREAS_PREPROD,AZRG-ENA-DASSLATE-DEV,DASSLATE,FALSE
US_ENABLING_AREAS_PREPROD,AZRG-ENA-DASSLATE-QAS,DASSLATE,FALSE
US_ENABLING_AREAS_PREPROD,AZRG-ENA-DASSLATE-LOA,DASSLATE,FALSE
US_ENABLING_AREAS_PROD,AZRG-ENA-DASSLATE-STG,DASSLATE,FALSE
US_ENABLING_AREAS_PROD,AZRG-ENA-DASSLATE-PRD,DASSLATE,FALSE
US_ENABLING_AREAS_PROD,AZRG-ENA-DASMEA-STG,DASMEA,FALSE
US_ENABLING_AREAS_PROD,AZRG-ENA-DASMEA-PRD,DASMEA,FALSE
US_ENABLING_AREAS_PROD,AZRG-ENA-DASMGT-STG1,DASMGT,FALSE
US_ENABLING_AREAS_PREPROD,AZRG-ENA-DASMGTCNL-DEV,DASMGTCNL,FALSE
US_ENABLING_AREAS_PREPROD,AZRG-ENA-DASMGTCNL-QAS,DASMGTCNL,FALSE
US_ENABLING_AREAS_PROD,AZRG-ENA-DASMGTCNL-STG,DASMGTCNL,FALSE
US_ENABLING_AREAS_PROD,AZRG-ENA-DASMGTCNL-STG1,DASMGTCNL,FALSE
US_ENABLING_AREAS_PROD,AZRG-ENA-DASMGTCNL-STG2,DASMGTCNL,FALSE
US_ENABLING_AREAS_PROD,AZRG-ENA-DASMGTCNL-UAT,DASMGTCNL,FALSE
US_ENABLING_AREAS_PROD,AZRG-ENA-DASMGTCNL-PRD,DASMGTCNL,FALSE
US_ENABLING_AREAS_PREPROD,AZRG-ENA-DASDLRN-DEV,DASDLRN,FALSE
US_ENABLING_AREAS_PREPROD,AZRG-ENA-DASWorkWell-DEV,DASWorkWell,FALSE
US_ENABLING_AREAS_PREPROD,AZRG-ENA-DASWorkWell-QAS,DASWorkWell,FALSE
US_ENABLING_AREAS_PROD,AZRG-ENA-DASWorkWell-PRD,DASWorkWell,FALSE
US_ENABLING_AREAS_PROD,AZRG-ENA-DASWorkWell-STG,DASWorkWell,FALSE
US_ENABLING_AREAS_PREPROD,AZRG-ENA-DASDSTART-DEV,DASDSTART,FALSE
US_ENABLING_AREAS_PREPROD,AZRG-ENA-DASDSTART-QAS,DASDSTART,FALSE
US_ENABLING_AREAS_PROD,AZRG-ENA-DASDSTART-PRD,DASDSTART,FALSE
US_ENABLING_AREAS_PROD,AZRG-ENA-DASDSTART-STG,DASDSTART,FALSE
US_ENABLING_AREAS_PREPROD,AZRG-ENA-DASDEVOPS-DEV,DASSCM,FALSE
US_ENABLING_AREAS_PROD,AZRG-ENA-DASDEVOPS-PRD,DASSCM,FALSE
