SubscriptionName,ResourceGroupName,ProjectCode,ResourceName,ResourceType
US_ENABLING_AREAS_PREPROD,AZRG-ENA-DASSQL-DEV,DASSQL,ena-dasdatafactory1-dev-eus,Microsoft.DataFactory/factories
US_ENABLING_AREAS_PREPROD,AZRG-ENA-DASSQL-DEV,DASSQL,ena-dasdatafactory1-dev-eus2,Microsoft.DataFactory/factories
US_ENABLING_AREAS_PREPROD,AZRG-ENA-DASSQL-DEV,DASSQL,ena-dassql1-dev-eus,Microsoft.Sql/servers
US_ENABLING_AREAS_PREPROD,AZRG-ENA-DASSQL-DEV,DASCCBF,ena-dassql1-dev-eus/ChatbotFramework,Microsoft.Sql/servers/databases
US_ENABLING_AREAS_PREPROD,AZRG-ENA-DASSQL-DEV,DASIDX,ena-dassql1-dev-eus/idx_azure,Microsoft.Sql/servers/databases
US_ENABLING_AREAS_PREPROD,AZRG-ENA-DASSQL-DEV,DASLOOP,ena-dassql1-dev-eus/Loop,Microsoft.Sql/servers/databases
US_ENABLING_AREAS_PREPROD,AZRG-ENA-DASSQL-DEV,DASMAAS,ena-dassql1-dev-eus/MAAS_Azure,Microsoft.Sql/servers/databases
US_ENABLING_AREAS_PREPROD,AZRG-ENA-DASSQL-DEV,DASSQL,ena-dassql1-dev-eus/master,Microsoft.Sql/servers/databases
US_ENABLING_AREAS_PREPROD,AZRG-ENA-DASSQL-DEV,DASMDR,ena-dassql1-dev-eus/MDR,Microsoft.Sql/servers/databases
US_ENABLING_AREAS_PREPROD,AZRG-ENA-DASSQL-DEV,DASSQL,ena-dassql1-dev-eus/SCM_DAS_BGP,Microsoft.Sql/servers/databases
US_ENABLING_AREAS_PREPROD,AZRG-ENA-DASSQL-DEV,DASSQL,ena-dassql1-dev-eus/SSISDB,Microsoft.Sql/servers/databases
US_ENABLING_AREAS_PREPROD,AZRG-ENA-DASSQL-DEV,DASWMT,ena-dassql1-dev-eus/WealthManagement,Microsoft.Sql/servers/databases
US_ENABLING_AREAS_PREPROD,AZRG-ENA-DASSQL-DEV,DASWH,ena-dassql1-dev-eus/WH_Azure,Microsoft.Sql/servers/databases
US_ENABLING_AREAS_PREPROD,AZRG-ENA-DASSQL-DEV,DASMGT,ena-dassql1-dev-eus/mgt_User,Microsoft.Sql/servers/databases
US_ENABLING_AREAS_PREPROD,AZRG-ENA-DASSQL-DEV,DASMGT,ena-dassql1-dev-eus/mgt_SpaceAvailability,Microsoft.Sql/servers/databases
US_ENABLING_AREAS_PREPROD,AZRG-ENA-DASSQL-DEV,DASMGT,ena-dassql1-dev-eus/mgt_int_User,Microsoft.Sql/servers/databases
US_ENABLING_AREAS_PREPROD,AZRG-ENA-DASSQL-DEV,DASMGT,ena-dassql1-dev-eus/mgt_Notification,Microsoft.Sql/servers/databases
US_ENABLING_AREAS_PREPROD,AZRG-ENA-DASSQL-DEV,DASMGT,ena-dassql1-dev-eus/mgt_int_User_CacheDb_eus,Microsoft.Sql/servers/databases
US_ENABLING_AREAS_PREPROD,AZRG-ENA-DASSQL-DEV,DASMGT,ena-dassql1-dev-eus/mgt_Resource_CacheDb_eus,Microsoft.Sql/servers/databases
US_ENABLING_AREAS_PREPROD,AZRG-ENA-DASSQL-DEV,DASMGT,ena-dassql1-dev-eus/mgt_int_SpaceAvailability,Microsoft.Sql/servers/databases
US_ENABLING_AREAS_PREPROD,AZRG-ENA-DASSQL-DEV,DASMGT,ena-dassql1-dev-eus/mgt_int_r_User,Microsoft.Sql/servers/databases
US_ENABLING_AREAS_PREPROD,AZRG-ENA-DASSQL-DEV,DASMGT,ena-dassql1-dev-eus/mgt_User_CacheDb_eus,Microsoft.Sql/servers/databases
US_ENABLING_AREAS_PREPROD,AZRG-ENA-DASSQL-DEV,DASMGT,ena-dassql1-dev-eus/mgt_UserImport,Microsoft.Sql/servers/databases
US_ENABLING_AREAS_PREPROD,AZRG-ENA-DASSQL-DEV,DASMGT,ena-dassql1-dev-eus/mgt_UserImport_CacheDb_eus,Microsoft.Sql/servers/databases
US_ENABLING_AREAS_PREPROD,AZRG-ENA-DASSQL-DEV,DASMGT,ena-dassql1-dev-eus/mgt_int_r_User_CacheDb_eus,Microsoft.Sql/servers/databases
US_ENABLING_AREAS_PREPROD,AZRG-ENA-DASSQL-DEV,DASMGT,ena-dassql1-dev-eus/mgt_int_Resource_CacheDb_eus,Microsoft.Sql/servers/databases
US_ENABLING_AREAS_PREPROD,AZRG-ENA-DASSQL-DEV,DASMGT,ena-dassql1-dev-eus/mgt_int_r_SpaceAvailability,Microsoft.Sql/servers/databases
US_ENABLING_AREAS_PREPROD,AZRG-ENA-DASSQL-DEV,DASMGT,ena-dassql1-dev-eus/mgt_Booking,Microsoft.Sql/servers/databases
US_ENABLING_AREAS_PREPROD,AZRG-ENA-DASSQL-DEV,DASMGT,ena-dassql1-dev-eus/mgt_ServiceOrderMetaData,Microsoft.Sql/servers/databases
US_ENABLING_AREAS_PREPROD,AZRG-ENA-DASSQL-DEV,DASMGT,ena-dassql1-dev-eus/mgt_ServiceOrder_CacheDb_eus,Microsoft.Sql/servers/databases
US_ENABLING_AREAS_PREPROD,AZRG-ENA-DASSQL-DEV,DASMGT,ena-dassql1-dev-eus/mgt_Booking_CacheDb_eus,Microsoft.Sql/servers/databases
US_ENABLING_AREAS_PREPROD,AZRG-ENA-DASSQL-DEV,DASMGT,ena-dassql1-dev-eus/mgt_int_ServiceOrder,Microsoft.Sql/servers/databases
US_ENABLING_AREAS_PREPROD,AZRG-ENA-DASSQL-DEV,DASMGT,ena-dassql1-dev-eus/mgt_int_ServiceOrder_CacheDb_eus,Microsoft.Sql/servers/databases
US_ENABLING_AREAS_PREPROD,AZRG-ENA-DASSQL-DEV,DASMGT,ena-dassql1-dev-eus/mgt_int_Booking,Microsoft.Sql/servers/databases
US_ENABLING_AREAS_PREPROD,AZRG-ENA-DASSQL-DEV,DASMGT,ena-dassql1-dev-eus/mgt_int_Booking_CacheDb_eus,Microsoft.Sql/servers/databases
US_ENABLING_AREAS_PREPROD,AZRG-ENA-DASSQL-DEV,DASMGT,ena-dassql1-dev-eus/mgt_int_Notification,Microsoft.Sql/servers/databases
US_ENABLING_AREAS_PREPROD,AZRG-ENA-DASSQL-DEV,DASMGT,ena-dassql1-dev-eus/mgt_int_r_Notification,Microsoft.Sql/servers/databases
US_ENABLING_AREAS_PREPROD,AZRG-ENA-DASSQL-DEV,DASMGT,ena-dassql1-dev-eus/mgt_int_r_Resource_CacheDb_eus,Microsoft.Sql/servers/databases
US_ENABLING_AREAS_PREPROD,AZRG-ENA-DASSQL-DEV,DASMGT,ena-dassql1-dev-eus/mgt_int_r_ServiceOrder,Microsoft.Sql/servers/databases
US_ENABLING_AREAS_PREPROD,AZRG-ENA-DASSQL-DEV,DASMGT,ena-dassql1-dev-eus/mgt_int_r_ServiceOrder_CacheDb_eus,Microsoft.Sql/servers/databases
US_ENABLING_AREAS_PREPROD,AZRG-ENA-DASSQL-DEV,DASMGT,ena-dassql1-dev-eus/mgt_int_r_Booking,Microsoft.Sql/servers/databases
US_ENABLING_AREAS_PREPROD,AZRG-ENA-DASSQL-DEV,DASMGT,ena-dassql1-dev-eus/mgt_int_r_Booking_CacheDb_eus,Microsoft.Sql/servers/databases
US_ENABLING_AREAS_PREPROD,AZRG-ENA-DASSQL-DEV,DASMGT,ena-dassql1-dev-eus/mgt_VCZoom,Microsoft.Sql/servers/databases
US_ENABLING_AREAS_PREPROD,AZRG-ENA-DASSQL-DEV,DASMGT,ena-dassql1-dev-eus/umgt_ServiceOrder,Microsoft.Sql/servers/databases
US_ENABLING_AREAS_PREPROD,AZRG-ENA-DASSQL-DEV,DASMGT,ena-dassql1-dev-eus/mgtmobilebot,Microsoft.Sql/servers/databases
US_ENABLING_AREAS_PREPROD,AZRG-ENA-DASSQL-DEV,DASMGT,ena-dassql1-dev-eus/mgt_VCConductor,Microsoft.Sql/servers/databases
US_ENABLING_AREAS_PREPROD,AZRG-ENA-DASSQL-DEV,DASMGT,ena-dassql1-dev-eus/mgt-pool,Microsoft.Sql/servers/elasticpools
US_ENABLING_AREAS_PREPROD,AZRG-ENA-DASSQL-DEV,DASMGT,ena-dassql1-dev-eus/mgtbot-pool,Microsoft.Sql/servers/elasticpools
US_ENABLING_AREAS_PREPROD,AZRG-ENA-DASSQL-DEV,DASMGT,ena-dassql1-dev-eus/mgt-int-pool,Microsoft.Sql/servers/elasticpools
US_ENABLING_AREAS_PREPROD,AZRG-ENA-DASSQL-DEV,DASCCBF,ena-dassql1-dev-eus/ccbf-pool,Microsoft.Sql/servers/elasticpools
US_ENABLING_AREAS_PREPROD,AZRG-ENA-DASSQL-DEV,DASIDX,ena-dassql1-dev-eus/idx-pool,Microsoft.Sql/servers/elasticpools
US_ENABLING_AREAS_PREPROD,AZRG-ENA-DASSQL-DEV,DASLOOP,ena-dassql1-dev-eus/loop-pool,Microsoft.Sql/servers/elasticpools
US_ENABLING_AREAS_PREPROD,AZRG-ENA-DASSQL-DEV,DASMAAS,ena-dassql1-dev-eus/maas-pool,Microsoft.Sql/servers/elasticpools
US_ENABLING_AREAS_PREPROD,AZRG-ENA-DASSQL-DEV,DASMDR,ena-dassql1-dev-eus/mdr-pool,Microsoft.Sql/servers/elasticpools
US_ENABLING_AREAS_PREPROD,AZRG-ENA-DASSQL-DEV,DASWH,ena-dassql1-dev-eus/wh-pool,Microsoft.Sql/servers/elasticpools
US_ENABLING_AREAS_PREPROD,AZRG-ENA-DASSQL-DEV,DASWMT,ena-dassql1-dev-eus/wmt-pool,Microsoft.Sql/servers/elasticpools
US_ENABLING_AREAS_PREPROD,AZRG-ENA-DASSQL-DEV,DASSQL,ena-dassql1-dev-sea,Microsoft.Sql/servers
US_ENABLING_AREAS_PREPROD,AZRG-ENA-DASSQL-DEV,DASSQL,ena-dassql1-dev-sea/master,Microsoft.Sql/servers/databases
US_ENABLING_AREAS_PREPROD,AZRG-ENA-DASSQL-DEV,DASUC,ena-dassql1-dev-sea/usicollab,Microsoft.Sql/servers/databases
US_ENABLING_AREAS_PREPROD,AZRG-ENA-DASSQL-DEV,DASWF,ena-dassql1-dev-sea/Wayfinder,Microsoft.Sql/servers/databases
US_ENABLING_AREAS_PREPROD,AZRG-ENA-DASSQL-DEV,DASWF,ena-dassql1-dev-sea/Wayfinder-Reporting,Microsoft.Sql/servers/databases
US_ENABLING_AREAS_PREPROD,AZRG-ENA-DASSQL-DEV,DASUC,ena-dassql1-dev-sea/uc-pool,Microsoft.Sql/servers/elasticpools
US_ENABLING_AREAS_PREPROD,AZRG-ENA-DASSQL-DEV,DASWF,ena-dassql1-dev-sea/wf-pool,Microsoft.Sql/servers/elasticpools
US_ENABLING_AREAS_PREPROD,AZRG-ENA-DASSQL-DEV,DASWF,ena-dassql1-dev-sea/wfrpt-pool,Microsoft.Sql/servers/elasticpools
US_ENABLING_AREAS_PREPROD,AZRG-ENA-DASSQL-QAS,DASSQL,ena-dasdatafactory1-qas-eus,Microsoft.DataFactory/factories
US_ENABLING_AREAS_PREPROD,AZRG-ENA-DASSQL-QAS,DASSQL,ena-dassql1-qas-eus,Microsoft.Sql/servers
US_ENABLING_AREAS_PREPROD,AZRG-ENA-DASSQL-QAS,DASIDX,ena-dassql1-qas-eus/idx_azure,Microsoft.Sql/servers/databases
US_ENABLING_AREAS_PREPROD,AZRG-ENA-DASSQL-QAS,DASMAAS,ena-dassql1-qas-eus/MAAS_Azure,Microsoft.Sql/servers/databases
US_ENABLING_AREAS_PREPROD,AZRG-ENA-DASSQL-QAS,DASSQL,ena-dassql1-qas-eus/master,Microsoft.Sql/servers/databases
US_ENABLING_AREAS_PREPROD,AZRG-ENA-DASSQL-QAS,DASMDR,ena-dassql1-qas-eus/MDR,Microsoft.Sql/servers/databases
US_ENABLING_AREAS_PREPROD,AZRG-ENA-DASSQL-QAS,DASSQL,ena-dassql1-qas-eus/SSISDB,Microsoft.Sql/servers/databases
US_ENABLING_AREAS_PREPROD,AZRG-ENA-DASSQL-QAS,DASWMT,ena-dassql1-qas-eus/WealthManagement,Microsoft.Sql/servers/databases
US_ENABLING_AREAS_PREPROD,AZRG-ENA-DASSQL-QAS,DASWH,ena-dassql1-qas-eus/WH_Azure,Microsoft.Sql/servers/databases
US_ENABLING_AREAS_PREPROD,AZRG-ENA-DASSQL-QAS,DASMGT,ena-dassql1-qas-eus/mgt_User,Microsoft.Sql/servers/databases
US_ENABLING_AREAS_PREPROD,AZRG-ENA-DASSQL-QAS,DASMGT,ena-dassql1-qas-eus/mgt_User_CacheDb_eus,Microsoft.Sql/servers/databases
US_ENABLING_AREAS_PREPROD,AZRG-ENA-DASSQL-QAS,DASMGT,ena-dassql1-qas-eus/mgt_SpaceAvailability,Microsoft.Sql/servers/databases
US_ENABLING_AREAS_PREPROD,AZRG-ENA-DASSQL-QAS,DASMGT,ena-dassql1-qas-eus/mgt_ServiceOrder,Microsoft.Sql/servers/databases
US_ENABLING_AREAS_PREPROD,AZRG-ENA-DASSQL-QAS,DASMGT,ena-dassql1-qas-eus/mgt_ServiceOrder_CacheDb_eus,Microsoft.Sql/servers/databases
,,,,
US_ENABLING_AREAS_PREPROD,AZRG-ENA-DASSQL-QAS,DASMGT,ena-dassql1-qas-eus/mgt_Booking,Microsoft.Sql/servers/databases
US_ENABLING_AREAS_PREPROD,AZRG-ENA-DASSQL-QAS,DASMGT,ena-dassql1-qas-eus/mgt_Resource_CacheDb_eus,Microsoft.Sql/servers/databases
US_ENABLING_AREAS_PREPROD,AZRG-ENA-DASSQL-QAS,DASMGT,ena-dassql1-qas-eus/mgt_Notification,Microsoft.Sql/servers/databases
US_ENABLING_AREAS_PREPROD,AZRG-ENA-DASSQL-QAS,DASMGT,ena-dassql1-qas-eus/mgt_Booking_CacheDb_eus,Microsoft.Sql/servers/databases
US_ENABLING_AREAS_PREPROD,AZRG-ENA-DASSQL-QAS,DASMGT,ena-dassql1-qas-eus/mgt-pool,Microsoft.Sql/servers/elasticpools
US_ENABLING_AREAS_PREPROD,AZRG-ENA-DASSQL-QAS,DASMGT,ena-dassql1-qas-eus/mgt_VCZoom,Microsoft.Sql/servers/databases
US_ENABLING_AREAS_PREPROD,AZRG-ENA-DASSQL-QAS,DASMGT,ena-dassql1-qas-eus/mgt_VCConductor,Microsoft.Sql/servers/databases
US_ENABLING_AREAS_PREPROD,AZRG-ENA-DASSQL-QAS,DASIDX,ena-dassql1-qas-eus/idx-pool,Microsoft.Sql/servers/elasticpools
US_ENABLING_AREAS_PREPROD,AZRG-ENA-DASSQL-QAS,DASMAAS,ena-dassql1-qas-eus/maas-pool,Microsoft.Sql/servers/elasticpools
US_ENABLING_AREAS_PREPROD,AZRG-ENA-DASSQL-QAS,DASMDR,ena-dassql1-qas-eus/mdr-pool,Microsoft.Sql/servers/elasticpools
US_ENABLING_AREAS_PREPROD,AZRG-ENA-DASSQL-QAS,DASWH,ena-dassql1-qas-eus/wh-pool,Microsoft.Sql/servers/elasticpools
US_ENABLING_AREAS_PREPROD,AZRG-ENA-DASSQL-QAS,DASWMT,ena-dassql1-qas-eus/wmt-pool,Microsoft.Sql/servers/elasticpools
US_ENABLING_AREAS_PREPROD,AZRG-ENA-DASSQL-QAS,DASSQL,ena-dassql1-qas-sea,Microsoft.Sql/servers
US_ENABLING_AREAS_PREPROD,AZRG-ENA-DASSQL-QAS,DASSQL,ena-dassql1-qas-sea/master,Microsoft.Sql/servers/databases
US_ENABLING_AREAS_PREPROD,AZRG-ENA-DASSQL-QAS,DASUC,ena-dassql1-qas-sea/usicollab,Microsoft.Sql/servers/databases
US_ENABLING_AREAS_PREPROD,AZRG-ENA-DASSQL-QAS,DASWF,ena-dassql1-qas-sea/Wayfinder,Microsoft.Sql/servers/databases
US_ENABLING_AREAS_PREPROD,AZRG-ENA-DASSQL-QAS,DASWF,ena-dassql1-qas-sea/Wayfinder-Reporting,Microsoft.Sql/servers/databases
US_ENABLING_AREAS_PREPROD,AZRG-ENA-DASSQL-QAS,DASUC,ena-dassql1-qas-sea/uc-pool,Microsoft.Sql/servers/elasticpools
US_ENABLING_AREAS_PREPROD,AZRG-ENA-DASSQL-QAS,DASWF,ena-dassql1-qas-sea/wf-pool,Microsoft.Sql/servers/elasticpools
US_ENABLING_AREAS_PREPROD,AZRG-ENA-DASSQL-QAS,DASWF,ena-dassql1-qas-sea/wfrpt-pool,Microsoft.Sql/servers/elasticpools
US_ENABLING_AREAS_PREPROD,AZRG-ENA-DASSQL-LOA,DASSQL,ena-dasdatafactory1-loa-eus,Microsoft.DataFactory/factories
US_ENABLING_AREAS_PREPROD,AZRG-ENA-DASSQL-LOA,DASSQL,ena-dassql1-loa-eus,Microsoft.Sql/servers
US_ENABLING_AREAS_PREPROD,AZRG-ENA-DASSQL-LOA,DASSQL,ena-dassql1-loa-eus/master,Microsoft.Sql/servers/databases
US_ENABLING_AREAS_PREPROD,AZRG-ENA-DASSQL-LOA,DASSQL,ena-dassql1-loa-eus/SSISDB,Microsoft.Sql/servers/databases
US_ENABLING_AREAS_PREPROD,AZRG-ENA-DASSQL-LOA,DASWMT,ena-dassql1-loa-eus/WealthManagement,Microsoft.Sql/servers/databases
US_ENABLING_AREAS_PREPROD,AZRG-ENA-DASSQL-LOA,DASWMT,ena-dassql1-loa-eus/wmt-pool,Microsoft.Sql/servers/elasticpools
US_ENABLING_AREAS_PREPROD,AZRG-ENA-DASSQL-DEV,DASSQL,ena-dassql1-dev-eus2,Microsoft.Sql/servers
US_ENABLING_AREAS_PREPROD,AZRG-ENA-DASSQL-LOA,DASSQL,ena-dassql1-loa-eus2,Microsoft.Sql/servers
US_ENABLING_AREAS_PREPROD,AZRG-ENA-DASSQL-QAS,DASSQL,ena-dassql1-qas-eus2,Microsoft.Sql/servers
US_ENABLING_AREAS_PROD,AZRG-ENA-DASSQL-STG,DASSQL,ena-dasdatafactory1-stg-eus,Microsoft.DataFactory/factories
US_ENABLING_AREAS_PROD,AZRG-ENA-DASSQL-STG,DASSQL,ena-dassql1-stg-eus,Microsoft.Sql/servers
US_ENABLING_AREAS_PROD,AZRG-ENA-DASSQL-STG,DASCCBF,ena-dassql1-stg-eus/ChatbotFramework,Microsoft.Sql/servers/databases
US_ENABLING_AREAS_PROD,AZRG-ENA-DASSQL-STG,DASIDX,ena-dassql1-stg-eus/idx_azure,Microsoft.Sql/servers/databases
US_ENABLING_AREAS_PROD,AZRG-ENA-DASSQL-STG,DASLOOP,ena-dassql1-stg-eus/Loop,Microsoft.Sql/servers/databases
US_ENABLING_AREAS_PROD,AZRG-ENA-DASSQL-STG,DASSQL,ena-dassql1-stg-eus/master,Microsoft.Sql/servers/databases
US_ENABLING_AREAS_PROD,AZRG-ENA-DASSQL-STG,DASMDR,ena-dassql1-stg-eus/MDR,Microsoft.Sql/servers/databases
US_ENABLING_AREAS_PROD,AZRG-ENA-DASSQL-STG,DASSQL,ena-dassql1-stg-eus/SSISDB,Microsoft.Sql/servers/databases
US_ENABLING_AREAS_PROD,AZRG-ENA-DASSQL-STG,DASWMT,ena-dassql1-stg-eus/WealthManagement,Microsoft.Sql/servers/databases
US_ENABLING_AREAS_PROD,AZRG-ENA-DASSQL-STG,DASWH,ena-dassql1-stg-eus/WH_Azure,Microsoft.Sql/servers/databases
US_ENABLING_AREAS_PROD,AZRG-ENA-DASSQL-STG,DASCCBF,ena-dassql1-stg-eus/ccbf-pool,Microsoft.Sql/servers/elasticpools
US_ENABLING_AREAS_PROD,AZRG-ENA-DASSQL-STG,DASIDX,ena-dassql1-stg-eus/idx-pool,Microsoft.Sql/servers/elasticpools
US_ENABLING_AREAS_PROD,AZRG-ENA-DASSQL-STG,DASLOOP,ena-dassql1-stg-eus/loop-pool,Microsoft.Sql/servers/elasticpools
US_ENABLING_AREAS_PROD,AZRG-ENA-DASSQL-STG,DASKEY,ena-dassql1-stg-eus2/key-pool,Microsoft.Sql/servers/elasticpools
US_ENABLING_AREAS_PROD,AZRG-ENA-DASSQL-STG,DASMDR,ena-dassql1-stg-eus/mdr-pool,Microsoft.Sql/servers/elasticpools
US_ENABLING_AREAS_PROD,AZRG-ENA-DASSQL-STG,DASWH,ena-dassql1-stg-eus/wh-pool,Microsoft.Sql/servers/elasticpools
US_ENABLING_AREAS_PROD,AZRG-ENA-DASSQL-STG,DASWMT,ena-dassql1-stg-eus/wmt-pool,Microsoft.Sql/servers/elasticpools
US_ENABLING_AREAS_PROD,AZRG-ENA-DASSQL-STG,DASSQL,ena-dassql1-stg-eus2,Microsoft.Sql/servers
US_ENABLING_AREAS_PROD,AZRG-ENA-DASSQL-STG,DASKEY,ena-dassql1-stg-eus2/Keystone,Microsoft.Sql/servers/databases
US_ENABLING_AREAS_PROD,AZRG-ENA-DASSQL-STG,DASSQL,ena-dassql1-stg-sea,Microsoft.Sql/servers
US_ENABLING_AREAS_PROD,AZRG-ENA-DASSQL-STG,DASSQL,ena-dassql1-stg-sea/master,Microsoft.Sql/servers/databases
US_ENABLING_AREAS_PROD,AZRG-ENA-DASSQL-STG,DASUC,ena-dassql1-stg-sea/usicollab,Microsoft.Sql/servers/databases
US_ENABLING_AREAS_PROD,AZRG-ENA-DASSQL-STG,DASWF,ena-dassql1-stg-sea/Wayfinder,Microsoft.Sql/servers/databases
US_ENABLING_AREAS_PROD,AZRG-ENA-DASSQL-STG,DASWF,ena-dassql1-stg-sea/Wayfinder-Reporting,Microsoft.Sql/servers/databases
US_ENABLING_AREAS_PROD,AZRG-ENA-DASSQL-STG,DASUC,ena-dassql1-stg-sea/uc-pool,Microsoft.Sql/servers/elasticpools
US_ENABLING_AREAS_PROD,AZRG-ENA-DASSQL-STG,DASWF,ena-dassql1-stg-sea/wf-pool,Microsoft.Sql/servers/elasticpools
US_ENABLING_AREAS_PROD,AZRG-ENA-DASSQL-STG,DASWF,ena-dassql1-stg-sea/wfrpt-pool,Microsoft.Sql/servers/elasticpools
US_ENABLING_AREAS_PROD,AZRG-ENA-DASSQL-PRD,DASSQL,ena-dasdatafactory1-prd-eus,Microsoft.DataFactory/factories
US_ENABLING_AREAS_PROD,AZRG-ENA-DASSQL-PRD,DASSQL,ena-dasdatafactory1-prd-wus,Microsoft.DataFactory/factories
US_ENABLING_AREAS_PROD,AZRG-ENA-DASSQL-PRD,DASSQL,ena-dassql1-prd-ea,Microsoft.Sql/servers
US_ENABLING_AREAS_PROD,AZRG-ENA-DASSQL-PRD,DASSQL,ena-dassql1-prd-ea/master,Microsoft.Sql/servers/databases
US_ENABLING_AREAS_PROD,AZRG-ENA-DASSQL-PRD,DASUC,ena-dassql1-prd-ea/usicollab,Microsoft.Sql/servers/databases
US_ENABLING_AREAS_PROD,AZRG-ENA-DASSQL-PRD,DASWF,ena-dassql1-prd-ea/Wayfinder,Microsoft.Sql/servers/databases
US_ENABLING_AREAS_PROD,AZRG-ENA-DASSQL-PRD,DASWF,ena-dassql1-prd-ea/Wayfinder-Reporting,Microsoft.Sql/servers/databases
US_ENABLING_AREAS_PROD,AZRG-ENA-DASSQL-PRD,DASUC,ena-dassql1-prd-ea/uc-pool,Microsoft.Sql/servers/elasticpools
US_ENABLING_AREAS_PROD,AZRG-ENA-DASSQL-PRD,DASWF,ena-dassql1-prd-ea/wf-pool,Microsoft.Sql/servers/elasticpools
US_ENABLING_AREAS_PROD,AZRG-ENA-DASSQL-PRD,DASWF,ena-dassql1-prd-ea/wfrpt-pool,Microsoft.Sql/servers/elasticpools
US_ENABLING_AREAS_PROD,AZRG-ENA-DASSQL-PRD,DASSQL,ena-dassql1-prd-eus,Microsoft.Sql/servers
US_ENABLING_AREAS_PROD,AZRG-ENA-DASSQL-PRD,DASCCBF,ena-dassql1-prd-eus/ChatbotFramework,Microsoft.Sql/servers/databases
US_ENABLING_AREAS_PROD,AZRG-ENA-DASSQL-PRD,DASIDX,ena-dassql1-prd-eus/idx_azure,Microsoft.Sql/servers/databases
US_ENABLING_AREAS_PROD,AZRG-ENA-DASSQL-PRD,DASLOOP,ena-dassql1-prd-eus/Loop,Microsoft.Sql/servers/databases
US_ENABLING_AREAS_PROD,AZRG-ENA-DASSQL-PRD,DASSQL,ena-dassql1-prd-eus/master,Microsoft.Sql/servers/databases
US_ENABLING_AREAS_PROD,AZRG-ENA-DASSQL-PRD,DASMDR,ena-dassql1-prd-eus/MDR,Microsoft.Sql/servers/databases
US_ENABLING_AREAS_PROD,AZRG-ENA-DASSQL-PRD,DASSQL,ena-dassql1-prd-eus/SSISDB,Microsoft.Sql/servers/databases
US_ENABLING_AREAS_PROD,AZRG-ENA-DASSQL-PRD,DASWMT,ena-dassql1-prd-eus/WealthManagement,Microsoft.Sql/servers/databases
US_ENABLING_AREAS_PROD,AZRG-ENA-DASSQL-PRD,DASWH,ena-dassql1-prd-eus/WH_Azure,Microsoft.Sql/servers/databases
US_ENABLING_AREAS_PROD,AZRG-ENA-DASSQL-PRD,DASCCBF,ena-dassql1-prd-eus/ccbf-pool,Microsoft.Sql/servers/elasticpools
US_ENABLING_AREAS_PROD,AZRG-ENA-DASSQL-PRD,DASIDX,ena-dassql1-prd-eus/idx-pool,Microsoft.Sql/servers/elasticpools
US_ENABLING_AREAS_PROD,AZRG-ENA-DASSQL-PRD,DASLOOP,ena-dassql1-prd-eus/loop-pool,Microsoft.Sql/servers/elasticpools
US_ENABLING_AREAS_PROD,AZRG-ENA-DASSQL-PRD,DASMDR,ena-dassql1-prd-eus/mdr-pool,Microsoft.Sql/servers/elasticpools
US_ENABLING_AREAS_PROD,AZRG-ENA-DASSQL-PRD,DASWH,ena-dassql1-prd-eus/wh-pool,Microsoft.Sql/servers/elasticpools
US_ENABLING_AREAS_PROD,AZRG-ENA-DASSQL-PRD,DASWMT,ena-dassql1-prd-eus/wmt-pool,Microsoft.Sql/servers/elasticpools
US_ENABLING_AREAS_PROD,AZRG-ENA-DASSQL-PRD,DASSQL,ena-dassql1-prd-eus2,Microsoft.Sql/servers
US_ENABLING_AREAS_PROD,AZRG-ENA-DASSQL-PRD,DASSQL,ena-dassql1-prd-sea,Microsoft.Sql/servers
US_ENABLING_AREAS_PROD,AZRG-ENA-DASSQL-PRD,DASSQL,ena-dassql1-prd-sea/master,Microsoft.Sql/servers/databases
US_ENABLING_AREAS_PROD,AZRG-ENA-DASSQL-PRD,DASUC,ena-dassql1-prd-sea/usicollab,Microsoft.Sql/servers/databases
US_ENABLING_AREAS_PROD,AZRG-ENA-DASSQL-PRD,DASWF,ena-dassql1-prd-sea/Wayfinder,Microsoft.Sql/servers/databases
US_ENABLING_AREAS_PROD,AZRG-ENA-DASSQL-PRD,DASWF,ena-dassql1-prd-sea/Wayfinder-Reporting,Microsoft.Sql/servers/databases
US_ENABLING_AREAS_PROD,AZRG-ENA-DASSQL-PRD,DASUC,ena-dassql1-prd-sea/uc-pool,Microsoft.Sql/servers/elasticpools
US_ENABLING_AREAS_PROD,AZRG-ENA-DASSQL-PRD,DASWF,ena-dassql1-prd-sea/wf-pool,Microsoft.Sql/servers/elasticpools
US_ENABLING_AREAS_PROD,AZRG-ENA-DASSQL-PRD,DASWF,ena-dassql1-prd-sea/wfrpt-pool,Microsoft.Sql/servers/elasticpools
US_ENABLING_AREAS_PROD,AZRG-ENA-DASSQL-PRD,DASSQL,ena-dassql1-prd-wus,Microsoft.Sql/servers
US_ENABLING_AREAS_PROD,AZRG-ENA-DASSQL-PRD,DASCCBF,ena-dassql1-prd-wus/ChatbotFramework,Microsoft.Sql/servers/databases
US_ENABLING_AREAS_PROD,AZRG-ENA-DASSQL-PRD,DASIDX,ena-dassql1-prd-wus/idx_azure,Microsoft.Sql/servers/databases
US_ENABLING_AREAS_PROD,AZRG-ENA-DASSQL-PRD,DASLOOP,ena-dassql1-prd-wus/Loop,Microsoft.Sql/servers/databases
US_ENABLING_AREAS_PROD,AZRG-ENA-DASSQL-PRD,DASSQL,ena-dassql1-prd-wus/master,Microsoft.Sql/servers/databases
US_ENABLING_AREAS_PROD,AZRG-ENA-DASSQL-PRD,DASMDR,ena-dassql1-prd-wus/MDR,Microsoft.Sql/servers/databases
US_ENABLING_AREAS_PROD,AZRG-ENA-DASSQL-PRD,DASSQL,ena-dassql1-prd-wus/SSISDB,Microsoft.Sql/servers/databases
US_ENABLING_AREAS_PROD,AZRG-ENA-DASSQL-PRD,DASWMT,ena-dassql1-prd-wus/WealthManagement,Microsoft.Sql/servers/databases
US_ENABLING_AREAS_PROD,AZRG-ENA-DASSQL-PRD,DASWH,ena-dassql1-prd-wus/WH_Azure,Microsoft.Sql/servers/databases
US_ENABLING_AREAS_PROD,AZRG-ENA-DASSQL-PRD,DASCCBF,ena-dassql1-prd-wus/ccbf-pool,Microsoft.Sql/servers/elasticpools
US_ENABLING_AREAS_PROD,AZRG-ENA-DASSQL-PRD,DASIDX,ena-dassql1-prd-wus/idx-pool,Microsoft.Sql/servers/elasticpools
US_ENABLING_AREAS_PROD,AZRG-ENA-DASSQL-PRD,DASLOOP,ena-dassql1-prd-wus/loop-pool,Microsoft.Sql/servers/elasticpools
US_ENABLING_AREAS_PROD,AZRG-ENA-DASSQL-PRD,DASMDR,ena-dassql1-prd-wus/mdr-pool,Microsoft.Sql/servers/elasticpools
US_ENABLING_AREAS_PROD,AZRG-ENA-DASSQL-PRD,DASWH,ena-dassql1-prd-wus/wh-pool,Microsoft.Sql/servers/elasticpools
US_ENABLING_AREAS_PROD,AZRG-ENA-DASSQL-PRD,DASWMT,ena-dassql1-prd-wus/wmt-pool,Microsoft.Sql/servers/elasticpools
US_ENABLING_AREAS_PROD,AZRG-ENA-DASSQL-STG,DASCCBF,ena-dassql1-stg-eus/gps-pool,Microsoft.Sql/servers/elasticpools
US_ENABLING_AREAS_PROD,AZRG-ENA-DASSQL-STG,DASCCBF,ena-dassql1-stg-eus/gps-chatbot,Microsoft.Sql/servers/databases
US_ENABLING_AREAS_PROD,AZRG-ENA-DASDEVOPS-PRD,DASCORE,coredf-eus2,Microsoft.DataFactory/factories
US_CONSULTING_PROD,AZRG-CON-DASSQL-PRD,DASSQL,con-dassql1-prd-eus,Microsoft.Sql/servers
US_CONSULTING_PROD,AZRG-CON-DASSQL-PRD,DASSQL,con-dassql1-prd-eus/master,Microsoft.Sql/servers/databases
US_CONSULTING_PROD,AZRG-CON-DASSQL-PRD,DASMAR,con-dassql1-prd-eus/MACentral_SQLAzure_Demo,Microsoft.Sql/servers/databases
US_CONSULTING_PROD,AZRG-CON-DASSQL-PRD,DASMAR,con-dassql1-prd-eus/MACentral_SQLAzure_ITS,Microsoft.Sql/servers/databases
US_CONSULTING_PROD,AZRG-CON-DASSQL-PRD,DASMAR,con-dassql1-prd-eus/MACentral_SQLAzure_Master,Microsoft.Sql/servers/databases
US_CONSULTING_PROD,AZRG-CON-DASSQL-PRD,DASMAR,con-dassql1-prd-eus/MACentral_SQLAzure_Session,Microsoft.Sql/servers/databases
US_CONSULTING_PROD,AZRG-CON-DASSQL-PRD,DASMAR,con-dassql1-prd-eus/MACentral_SQLAzure_sig-addivant,Microsoft.Sql/servers/databases
US_CONSULTING_PROD,AZRG-CON-DASSQL-PRD,DASMAR,con-dassql1-prd-eus/MACentral_SQLAzure_BbandtSunTrust,Microsoft.Sql/servers/databases
US_CONSULTING_PROD,AZRG-CON-DASSQL-PRD,DASMAR,con-dassql1-prd-eus/MACentral_SQLAzure_Cigna-Esi,Microsoft.Sql/servers/databases
US_CONSULTING_PROD,AZRG-CON-DASSQL-PRD,DASMAR,con-dassql1-prd-eus/MACentral_SQLAzure_Demo_2018-12-19T03-00Z,Microsoft.Sql/servers/databases
US_CONSULTING_PROD,AZRG-CON-DASSQL-PRD,DASMAR,con-dassql1-prd-eus/MACentral_SQLAzure_Demo2,Microsoft.Sql/servers/databases
US_CONSULTING_PROD,AZRG-CON-DASSQL-PRD,DASMAR,con-dassql1-prd-eus/MACentral_SQLAzure_Demo3,Microsoft.Sql/servers/databases
US_CONSULTING_PROD,AZRG-CON-DASSQL-PRD,DASMAR,con-dassql1-prd-eus/MACentral_SQLAzure_Demo4,Microsoft.Sql/servers/databases
US_CONSULTING_PROD,AZRG-CON-DASSQL-PRD,DASMAR,con-dassql1-prd-eus/MACentral_SQLAzure_EntegrisVersumIntegration,Microsoft.Sql/servers/databases
US_CONSULTING_PROD,AZRG-CON-DASSQL-PRD,DASMAR,con-dassql1-prd-eus/MACentral_SQLAzure_ITS_2018-12-19T03-00Z,Microsoft.Sql/servers/databases
US_CONSULTING_PROD,AZRG-CON-DASSQL-PRD,DASMAR,con-dassql1-prd-eus/MACentral_SQLAzure_Master_2018-12-19T03-00Z,Microsoft.Sql/servers/databases
US_CONSULTING_PROD,AZRG-CON-DASSQL-PRD,DASMAR,con-dassql1-prd-eus/MACentral_SQLAzure_ProjectSurf,Microsoft.Sql/servers/databases
US_CONSULTING_PROD,AZRG-CON-DASSQL-PRD,DASMAR,con-dassql1-prd-eus/MACentral_SQLAzure_Scorpio,Microsoft.Sql/servers/databases
US_CONSULTING_PROD,AZRG-CON-DASSQL-PRD,DASMAR,con-dassql1-prd-eus/MACentral_SQLAzure_SuperBowl,Microsoft.Sql/servers/databases
US_CONSULTING_PROD,AZRG-CON-DASSQL-PRD,DASMAR,con-dassql1-prd-eus/MACentral_SQLAzure_TMUS-Sprint,Microsoft.Sql/servers/databases
US_CONSULTING_PROD,AZRG-CON-DASSQL-PRD,DASMAR,con-dassql1-prd-eus/mar-pool,Microsoft.Sql/servers/elasticpools
US_CONSULTING_PROD,AZRG-CON-DASSQL-PRD,DASSQL,con-dassql1-prd-wus/master,Microsoft.Sql/servers/databases
US_CONSULTING_PROD,AZRG-CON-DASSQL-PRD,DASMAR,con-dassql1-prd-wus/MACentral_SQLAzure_Demo,Microsoft.Sql/servers/databases
US_CONSULTING_PROD,AZRG-CON-DASSQL-PRD,DASMAR,con-dassql1-prd-wus/MACentral_SQLAzure_ITS,Microsoft.Sql/servers/databases
US_CONSULTING_PROD,AZRG-CON-DASSQL-PRD,DASMAR,con-dassql1-prd-wus/MACentral_SQLAzure_Master,Microsoft.Sql/servers/databases
US_CONSULTING_PROD,AZRG-CON-DASSQL-PRD,DASMAR,con-dassql1-prd-wus/MACentral_SQLAzure_Session,Microsoft.Sql/servers/databases
US_CONSULTING_PROD,AZRG-CON-DASSQL-PRD,DASMAR,con-dassql1-prd-wus/MACentral_SQLAzure_sig-addivant,Microsoft.Sql/servers/databases
US_CONSULTING_PROD,AZRG-CON-DASSQL-PRD,DASMAR,con-dassql1-prd-wus/MACentral_SQLAzure_BbandtSunTrust,Microsoft.Sql/servers/databases
US_CONSULTING_PROD,AZRG-CON-DASSQL-PRD,DASMAR,con-dassql1-prd-wus/MACentral_SQLAzure_Cigna-Esi,Microsoft.Sql/servers/databases
US_CONSULTING_PROD,AZRG-CON-DASSQL-PRD,DASMAR,con-dassql1-prd-wus/MACentral_SQLAzure_Demo2,Microsoft.Sql/servers/databases
US_CONSULTING_PROD,AZRG-CON-DASSQL-PRD,DASMAR,con-dassql1-prd-wus/MACentral_SQLAzure_Demo3,Microsoft.Sql/servers/databases
US_CONSULTING_PROD,AZRG-CON-DASSQL-PRD,DASMAR,con-dassql1-prd-wus/MACentral_SQLAzure_Demo4,Microsoft.Sql/servers/databases
US_CONSULTING_PROD,AZRG-CON-DASSQL-PRD,DASMAR,con-dassql1-prd-wus/MACentral_SQLAzure_EntegrisVersumIntegration,Microsoft.Sql/servers/databases
US_CONSULTING_PROD,AZRG-CON-DASSQL-PRD,DASMAR,con-dassql1-prd-wus/MACentral_SQLAzure_ProjectSurf,Microsoft.Sql/servers/databases
US_CONSULTING_PROD,AZRG-CON-DASSQL-PRD,DASMAR,con-dassql1-prd-wus/MACentral_SQLAzure_Scorpio,Microsoft.Sql/servers/databases
US_CONSULTING_PROD,AZRG-CON-DASSQL-PRD,DASMAR,con-dassql1-prd-wus/MACentral_SQLAzure_SuperBowl,Microsoft.Sql/servers/databases
US_CONSULTING_PROD,AZRG-CON-DASSQL-PRD,DASMAR,con-dassql1-prd-wus/MACentral_SQLAzure_TMUS-Sprint,Microsoft.Sql/servers/databases
US_CONSULTING_PROD,AZRG-CON-DASSQL-PRD,DASMAR,con-dassql1-prd-wus/mar-pool,Microsoft.Sql/servers/elasticpools
US_CONSULTING_PROD,AZRG-CON-DASSQL-PRD,DASSQL,con-dassql1-prd-neu,Microsoft.Sql/servers
US_CONSULTING_PROD,AZRG-CON-DASSQL-PRD,DASSQL,con-dassql1-prd-neu/master,Microsoft.Sql/servers/databases
US_CONSULTING_PROD,AZRG-CON-DASSQL-PRD,DASSQL,con-dassql1-prd-weu,Microsoft.Sql/servers
US_CONSULTING_PROD,AZRG-CON-DASSQL-PRD,DASSQL,con-dassql1-prd-weu/master,Microsoft.Sql/servers/databases
US_CONSULTING_PROD,AZRG-CON-DASSQL-STG,DASSQL,con-dassql1-stg-eus,Microsoft.Sql/servers
US_CONSULTING_PROD,AZRG-CON-DASSQL-STG,DASSQL,con-dassql1-stg-eus/master,Microsoft.Sql/servers/databases
US_CONSULTING_PROD,AZRG-CON-DASSQL-STG,DASMAR,con-dassql1-stg-eus/MACentral_SQLAzure_Demo,Microsoft.Sql/servers/databases
US_CONSULTING_PROD,AZRG-CON-DASSQL-STG,DASMAR,con-dassql1-stg-eus/MACentral_SQLAzure_ITS,Microsoft.Sql/servers/databases
US_CONSULTING_PROD,AZRG-CON-DASSQL-STG,DASMAR,con-dassql1-stg-eus/MACentral_SQLAzure_Master,Microsoft.Sql/servers/databases
US_CONSULTING_PROD,AZRG-CON-DASSQL-STG,DASMAR,con-dassql1-stg-eus/MACentral_SQLAzure_Performance,Microsoft.Sql/servers/databases
US_CONSULTING_PROD,AZRG-CON-DASSQL-STG,DASMAR,con-dassql1-stg-eus/MACentral_SQLAzure_Session,Microsoft.Sql/servers/databases
US_CONSULTING_PROD,AZRG-CON-DASSQL-STG,DASMAR,con-dassql1-stg-eus/MACentral_SQLAzure_DemoCleanRoom,Microsoft.Sql/servers/databases
US_CONSULTING_PROD,AZRG-CON-DASSQL-STG,DASMAR,con-dassql1-stg-eus/MACentral_SQLAzure_DemoMobile1,Microsoft.Sql/servers/databases
US_CONSULTING_PROD,AZRG-CON-DASSQL-STG,DASMAR,con-dassql1-stg-eus/MACentral_SQLAzure_DemoMobile2,Microsoft.Sql/servers/databases
US_CONSULTING_PROD,AZRG-CON-DASSQL-STG,DASMAR,con-dassql1-stg-eus/MACentral_SQLAzure_DemoCleanRoom,Microsoft.Sql/servers/databases
US_CONSULTING_PROD,AZRG-CON-DASSQL-STG,DASMAR,con-dassql1-stg-eus/MACentral_SQLAzure_Performance_20181212,Microsoft.Sql/servers/databases
US_CONSULTING_PROD,AZRG-CON-DASSQL-STG,DASMAR,con-dassql1-stg-eus/MACentral_SQLAzure_Scorpio,Microsoft.Sql/servers/databases
US_CONSULTING_PROD,AZRG-CON-DASSQL-STG,DASMAR,con-dassql1-stg-eus/MACentral_SQLAzure_sig-addivant,Microsoft.Sql/servers/databases
US_CONSULTING_PROD,AZRG-CON-DASSQL-STG,DASMAR,con-dassql1-stg-eus/MACentral_SQLAzure_TMUS-Sprint,Microsoft.Sql/servers/databases
US_CONSULTING_PROD,AZRG-CON-DASSQL-STG,DASMAR,con-dassql1-stg-eus/mar-pool,Microsoft.Sql/servers/elasticpools
US_CONSULTING_PREPROD,AZRG-CON-DASSQL-DEV,DASMAR,con-dassql1-dev-eus,Microsoft.Sql/servers
US_CONSULTING_PREPROD,AZRG-CON-DASSQL-LOA,DASMAR,con-dassql1-loa-eus,Microsoft.Sql/servers
US_CONSULTING_PREPROD,AZRG-CON-DASSQL-DEV,DASMAR,con-dassql1-dev-eus/MACentral_SQLAzure_Demo,Microsoft.Sql/servers/databases
US_CONSULTING_PREPROD,AZRG-CON-DASSQL-DEV,DASMAR,con-dassql1-dev-eus/MACentral_SQLAzure_Master,Microsoft.Sql/servers/databases
US_CONSULTING_PREPROD,AZRG-CON-DASSQL-DEV,DASMAR,con-dassql1-dev-eus/MACentral_SQLAzure_Session,Microsoft.Sql/servers/databases
US_CONSULTING_PREPROD,AZRG-CON-DASSQL-DEV,DASMAR,con-dassql1-dev-eus/mar-pool,Microsoft.Sql/servers/elasticpools
US_CONSULTING_PREPROD,AZRG-CON-DASSQL-LOA,DASMAR,con-dassql1-loa-eus/MACentral_SQLAzure_Demo,Microsoft.Sql/servers/databases
US_CONSULTING_PREPROD,AZRG-CON-DASSQL-LOA,DASMAR,con-dassql1-loa-eus/MACentral_SQLAzure_Master,Microsoft.Sql/servers/databases
US_CONSULTING_PREPROD,AZRG-CON-DASSQL-LOA,DASMAR,con-dassql1-loa-eus/MACentral_SQLAzure_Performance,Microsoft.Sql/servers/databases
US_CONSULTING_PREPROD,AZRG-CON-DASSQL-LOA,DASMAR,con-dassql1-loa-eus/MACentral_SQLAzure_Session,Microsoft.Sql/servers/databases
US_CONSULTING_PREPROD,AZRG-CON-DASSQL-LOA,DASMAR,con-dassql1-loa-eus/mar-pool,Microsoft.Sql/servers/elasticpools
US_CONSULTING_PREPROD,AZRG-CON-DASSQL-QAS,DASMAR,con-dassql1-qas-eus,Microsoft.Sql/servers
US_ADVISORY_PREPROD,AZRG-ADV-DASSQL-DEV,DASSQL,adv-dassql1-dev-eus,Microsoft.Sql/servers
US_ADVISORY_PREPROD,AZRG-ADV-DASSQL-LOA,DASSQL,adv-dassql1-loa-eus,Microsoft.Sql/servers
US_ADVISORY_PREPROD,AZRG-ADV-DASSQL-QAS,DASSQL,adv-dassql1-qas-eus,Microsoft.Sql/servers
US_ADVISORY_PROD,AZRG-ADV-DASSQL-PRD,DASSQL,adv-dassql1-prd-eus,Microsoft.Sql/servers
US_ADVISORY_PROD,AZRG-ADV-DASSQL-PRD,DASSQL,adv-dassql1-prd-wus,Microsoft.Sql/servers
US_ADVISORY_PROD,AZRG-ADV-DASSQL-STG,DASSQL,adv-dassql1-stg-eus,Microsoft.Sql/servers
US_ADVISORY_PREPROD,AZRG-ADV-DASSQL-DEV,DASDTI,adv-dassql1-dev-eus/dtireporting,Microsoft.Sql/servers/databases
US_ADVISORY_PREPROD,AZRG-ADV-DASSQL-DEV,DASDTI,adv-dassql1-dev-eus/dti-pool,Microsoft.Sql/servers/elasticpools
US_ADVISORY_PREPROD,AZRG-ADV-DASSQL-QAS,DASDTI,adv-dassql1-qas-eus/dtireporting,Microsoft.Sql/servers/databases
US_ADVISORY_PREPROD,AZRG-ADV-DASSQL-QAS,DASDTI,adv-dassql1-qas-eus/dti-pool,Microsoft.Sql/servers/elasticpools
US_ADVISORY_PROD,AZRG-ADV-DASSQL-STG,DASDTI,adv-dassql1-stg-eus/dtireporting,Microsoft.Sql/servers/databases
US_ADVISORY_PROD,AZRG-ADV-DASSQL-STG,DASDTI,adv-dassql1-stg-eus/dti-pool,Microsoft.Sql/servers/elasticpools
US_ADVISORY_PROD,AZRG-ADV-DASSQL-PRD,DASDTI,adv-dassql1-prd-eus/dtireporting,Microsoft.Sql/servers/databases
US_ADVISORY_PROD,AZRG-ADV-DASSQL-PRD,DASDTI,adv-dassql1-prd-eus/dti-pool,Microsoft.Sql/servers/elasticpools
US_ENABLING_AREAS_PROD,AZRG-ENA-DASSQL-STG,DASMGT,ena-dassql1-stg-eus/mgt_User,Microsoft.Sql/servers/databases
US_ENABLING_AREAS_PROD,AZRG-ENA-DASSQL-STG,DASMGT,ena-dassql1-stg-eus/mgt_SpaceAvailability,Microsoft.Sql/servers/databases
US_ENABLING_AREAS_PROD,AZRG-ENA-DASSQL-STG,DASMGT,ena-dassql1-stg-eus/mgt_ServiceOrder,Microsoft.Sql/servers/databases
US_ENABLING_AREAS_PROD,AZRG-ENA-DASSQL-STG,DASMGT,ena-dassql1-stg-eus/mgt_ServiceOrder_CacheDb_eus,Microsoft.Sql/servers/databases
US_ENABLING_AREAS_PROD,AZRG-ENA-DASSQL-STG,DASMGT,ena-dassql1-stg-eus/mgt_User_CacheDb_eus,Microsoft.Sql/servers/databases
US_ENABLING_AREAS_PROD,AZRG-ENA-DASSQL-STG,DASMGT,ena-dassql1-stg-eus/mgt_Booking,Microsoft.Sql/servers/databases
US_ENABLING_AREAS_PROD,AZRG-ENA-DASSQL-STG,DASMGT,ena-dassql1-stg-eus/mgt_MetaData,Microsoft.Sql/servers/databases
US_ENABLING_AREAS_PROD,AZRG-ENA-DASSQL-STG,DASMGT,ena-dassql1-stg-eus/mgt_Notification,Microsoft.Sql/servers/databases
US_ENABLING_AREAS_PROD,AZRG-ENA-DASSQL-STG,DASMGT,ena-dassql1-stg-eus/mgt_Resource_CacheDb_eus,Microsoft.Sql/servers/databases
US_ENABLING_AREAS_PROD,AZRG-ENA-DASSQL-STG,DASMGT,ena-dassql1-stg-eus/mgt_Booking_CacheDb_eus,Microsoft.Sql/servers/databases
US_ENABLING_AREAS_PROD,AZRG-ENA-DASSQL-STG,DASMGT,ena-dassql1-stg-eus/mgt-pool,Microsoft.Sql/servers/elasticpools
US_ENABLING_AREAS_PROD,AZRG-ENA-DASSQL-STG,DASMGT,ena-dassql1-stg-eus/mgtbot-pool,Microsoft.Sql/servers/elasticpools
US_ENABLING_AREAS_PROD,AZRG-ENA-DASSQL-STG,DASMGT,ena-dassql1-stg-sea/mgt_User,Microsoft.Sql/servers/databases
US_ENABLING_AREAS_PROD,AZRG-ENA-DASSQL-STG,DASMGT,ena-dassql1-stg-sea/mgt_User_CacheDb_sea,Microsoft.Sql/servers/databases
US_ENABLING_AREAS_PROD,AZRG-ENA-DASSQL-STG,DASMGT,ena-dassql1-stg-sea/mgt_SpaceAvailability,Microsoft.Sql/servers/databases
US_ENABLING_AREAS_PROD,AZRG-ENA-DASSQL-STG,DASMGT,ena-dassql1-stg-sea/mgt_ServiceOrder,Microsoft.Sql/servers/databases
US_ENABLING_AREAS_PROD,AZRG-ENA-DASSQL-STG,DASMGT,ena-dassql1-stg-sea/mgt_ServiceOrder_CacheDb_sea,Microsoft.Sql/servers/databases
US_ENABLING_AREAS_PROD,AZRG-ENA-DASSQL-STG,DASMGT,ena-dassql1-stg-sea/mgt_Booking,Microsoft.Sql/servers/databases
US_ENABLING_AREAS_PROD,AZRG-ENA-DASSQL-STG,DASMGT,ena-dassql1-stg-sea/mgt_Booking_CacheDb_sea,Microsoft.Sql/servers/databases
US_ENABLING_AREAS_PROD,AZRG-ENA-DASSQL-STG,DASMGT,ena-dassql1-stg-sea/mgt_Resource_CacheDb_sea,Microsoft.Sql/servers/databases
US_ENABLING_AREAS_PROD,AZRG-ENA-DASSQL-STG,DASMGT,ena-dassql1-stg-eus/mgt_VCZoom,Microsoft.Sql/servers/databases
US_ENABLING_AREAS_PROD,AZRG-ENA-DASSQL-STG,DASMGT,ena-dassql1-stg-eus/mgtmobilebot,Microsoft.Sql/servers/databases
US_ENABLING_AREAS_PROD,AZRG-ENA-DASSQL-STG,DASMGT,ena-dassql1-stg-eus/mgt_VCConductor,Microsoft.Sql/servers/databases
US_ENABLING_AREAS_PROD,AZRG-ENA-DASSQL-STG,DASMGT,ena-dassql1-stg-sea/mgt_VCZoom,Microsoft.Sql/servers/databases
US_ENABLING_AREAS_PROD,AZRG-ENA-DASSQL-STG,DASMGT,ena-dassql1-stg-sea/mgtmobilebot,Microsoft.Sql/servers/databases
US_ENABLING_AREAS_PROD,AZRG-ENA-DASSQL-STG,DASMGT,ena-dassql1-stg-sea/mgt_VCConductor,Microsoft.Sql/servers/databases
US_ENABLING_AREAS_PROD,AZRG-ENA-DASSQL-STG,DASMGT,ena-dassql1-stg-sea/mgt-pool,Microsoft.Sql/servers/elasticpools
US_ENABLING_AREAS_PROD,AZRG-ENA-DASSQL-STG,DASMGT,ena-dassql1-stg-sea/mgtbot-pool,Microsoft.Sql/servers/elasticpools
US_ENABLING_AREAS_PROD,AZRG-ENA-DASSQL-STG,DASMGT,ena-dassql1-stg-eus/s1mgt-pool,Microsoft.Sql/servers/elasticpools
US_ENABLING_AREAS_PROD,AZRG-ENA-DASSQL-STG,DASMGT,ena-dassql1-stg-eus/s1mgt_Booking,Microsoft.Sql/servers/databases
US_ENABLING_AREAS_PROD,AZRG-ENA-DASSQL-STG,DASMGT,ena-dassql1-stg-eus/s1mgt_Booking_CacheDb_eus,Microsoft.Sql/servers/databases
US_ENABLING_AREAS_PROD,AZRG-ENA-DASSQL-STG,DASMGT,ena-dassql1-stg-eus/s1mgt_Notification,Microsoft.Sql/servers/databases
US_ENABLING_AREAS_PROD,AZRG-ENA-DASSQL-STG,DASMGT,ena-dassql1-stg-eus/s1mgt_Resource_CacheDb_eus,Microsoft.Sql/servers/databases
US_ENABLING_AREAS_PROD,AZRG-ENA-DASSQL-STG,DASMGT,ena-dassql1-stg-eus/s1mgt_ServiceOrder,Microsoft.Sql/servers/databases
US_ENABLING_AREAS_PROD,AZRG-ENA-DASSQL-STG,DASMGT,ena-dassql1-stg-eus/s1mgt_ServiceOrder_CacheDb_eus,Microsoft.Sql/servers/databases
US_ENABLING_AREAS_PROD,AZRG-ENA-DASSQL-STG,DASMGT,ena-dassql1-stg-eus/s1mgt_SpaceAvailability,Microsoft.Sql/servers/databases
US_ENABLING_AREAS_PROD,AZRG-ENA-DASSQL-STG,DASMGT,ena-dassql1-stg-eus/s1mgt_User,Microsoft.Sql/servers/databases
US_ENABLING_AREAS_PROD,AZRG-ENA-DASSQL-STG,DASMGT,ena-dassql1-stg-eus/s1mgt_User_CacheDb_eus,Microsoft.Sql/servers/databases
US_ENABLING_AREAS_PROD,AZRG-ENA-DASSQL-STG,DASMGT,ena-dassql1-stg-sea/s1mgt-pool,Microsoft.Sql/servers/elasticpools
US_ENABLING_AREAS_PROD,AZRG-ENA-DASSQL-STG,DASMGT,ena-dassql1-stg-sea/s1mgt_Booking,Microsoft.Sql/servers/databases
US_ENABLING_AREAS_PROD,AZRG-ENA-DASSQL-STG,DASMGT,ena-dassql1-stg-sea/s1mgt_Booking_CacheDb_sea,Microsoft.Sql/servers/databases
US_ENABLING_AREAS_PROD,AZRG-ENA-DASSQL-STG,DASMGT,ena-dassql1-stg-sea/s1mgt_Notification,Microsoft.Sql/servers/databases
US_ENABLING_AREAS_PROD,AZRG-ENA-DASSQL-STG,DASMGT,ena-dassql1-stg-sea/s1mgt_Resource_CacheDb_sea,Microsoft.Sql/servers/databases
US_ENABLING_AREAS_PROD,AZRG-ENA-DASSQL-STG,DASMGT,ena-dassql1-stg-sea/s1mgt_ServiceOrder,Microsoft.Sql/servers/databases
US_ENABLING_AREAS_PROD,AZRG-ENA-DASSQL-STG,DASMGT,ena-dassql1-stg-sea/s1mgt_ServiceOrder_CacheDb_sea,Microsoft.Sql/servers/databases
US_ENABLING_AREAS_PROD,AZRG-ENA-DASSQL-STG,DASMGT,ena-dassql1-stg-sea/s1mgt_SpaceAvailability,Microsoft.Sql/servers/databases
US_ENABLING_AREAS_PROD,AZRG-ENA-DASSQL-STG,DASMGT,ena-dassql1-stg-sea/s1mgt_User,Microsoft.Sql/servers/databases
US_ENABLING_AREAS_PROD,AZRG-ENA-DASSQL-STG,DASMGT,ena-dassql1-stg-sea/s1mgt_User_CacheDb_sea,Microsoft.Sql/servers/databases
US_ENABLING_AREAS_PROD,AZRG-ENA-DASSQL-STG,DASMGT,ena-dassql1-stg-sea/s1mgt_VCConductor,Microsoft.Sql/servers/databases
US_ENABLING_AREAS_PROD,AZRG-ENA-DASSQL-STG,DASMGT,ena-dassql1-stg-eus/s2mgt_User,Microsoft.Sql/servers/databases
US_ENABLING_AREAS_PROD,AZRG-ENA-DASSQL-STG,DASMGT,ena-dassql1-stg-eus/s2mgt_User_CacheDb_eus,Microsoft.Sql/servers/databases
US_ENABLING_AREAS_PROD,AZRG-ENA-DASSQL-STG,DASMGT,ena-dassql1-stg-eus/s2mgt_SpaceAvailability,Microsoft.Sql/servers/databases
US_ENABLING_AREAS_PROD,AZRG-ENA-DASSQL-STG,DASMGT,ena-dassql1-stg-eus/s2mgt_ServiceOrder,Microsoft.Sql/servers/databases
US_ENABLING_AREAS_PROD,AZRG-ENA-DASSQL-STG,DASMGT,ena-dassql1-stg-eus/s2mgt_ServiceOrder_CacheDb_eus,Microsoft.Sql/servers/databases
US_ENABLING_AREAS_PROD,AZRG-ENA-DASSQL-STG,DASMGT,ena-dassql1-stg-eus/s2mgt_Booking,Microsoft.Sql/servers/databases
US_ENABLING_AREAS_PROD,AZRG-ENA-DASSQL-STG,DASMGT,ena-dassql1-stg-eus/s2mgt_Booking_CacheDb_eus,Microsoft.Sql/servers/databases
US_ENABLING_AREAS_PROD,AZRG-ENA-DASSQL-STG,DASMGT,ena-dassql1-stg-eus/s2mgt-pool,Microsoft.Sql/servers/elasticpools
US_ENABLING_AREAS_PROD,AZRG-ENA-DASSQL-STG,DASMGT,ena-dassql1-stg-eus/s2mgt_Notification,Microsoft.Sql/servers/databases
US_ENABLING_AREAS_PROD,AZRG-ENA-DASSQL-STG,DASMGT,ena-dassql1-stg-eus/s2mgt_NotificationImport,Microsoft.Sql/servers/databases
US_ENABLING_AREAS_PROD,AZRG-ENA-DASSQL-STG,DASMGT,ena-dassql1-stg-eus/s2mgt_Resource_CacheDb_eus,Microsoft.Sql/servers/databases
US_ENABLING_AREAS_PROD,AZRG-ENA-DASSQL-STG,DASMGT,ena-dassql1-stg-eus/s2mgt_VCConductor,Microsoft.Sql/servers/databases
US_ENABLING_AREAS_PROD,AZRG-ENA-DASSQL-STG,DASMGT,ena-dassql1-stg-eus/s2mgt_VCZoom,Microsoft.Sql/servers/databases
US_ENABLING_AREAS_PROD,AZRG-ENA-DASSQL-STG,DASMGT,ena-dassql1-stg-sea/s2mgt_User,Microsoft.Sql/servers/databases
US_ENABLING_AREAS_PROD,AZRG-ENA-DASSQL-STG,DASMGT,ena-dassql1-stg-sea/s2mgt_User_CacheDb_sea,Microsoft.Sql/servers/databases
US_ENABLING_AREAS_PROD,AZRG-ENA-DASSQL-STG,DASMGT,ena-dassql1-stg-sea/s2mgt_SpaceAvailability,Microsoft.Sql/servers/databases
US_ENABLING_AREAS_PROD,AZRG-ENA-DASSQL-STG,DASMGT,ena-dassql1-stg-sea/s2mgt_ServiceOrder,Microsoft.Sql/servers/databases
US_ENABLING_AREAS_PROD,AZRG-ENA-DASSQL-STG,DASMGT,ena-dassql1-stg-sea/s2mgt_ServiceOrder_CacheDb_sea,Microsoft.Sql/servers/databases
US_ENABLING_AREAS_PROD,AZRG-ENA-DASSQL-STG,DASMGT,ena-dassql1-stg-sea/s2mgt_Booking,Microsoft.Sql/servers/databases
US_ENABLING_AREAS_PROD,AZRG-ENA-DASSQL-STG,DASMGT,ena-dassql1-stg-sea/s2mgt_Booking_CacheDb_sea,Microsoft.Sql/servers/databases
US_ENABLING_AREAS_PROD,AZRG-ENA-DASSQL-STG,DASMGT,ena-dassql1-stg-sea/s2mgt_Notification,Microsoft.Sql/servers/databases
US_ENABLING_AREAS_PROD,AZRG-ENA-DASSQL-STG,DASMGT,ena-dassql1-stg-sea/s2mgt_Resource_CacheDb_sea,Microsoft.Sql/servers/databases
US_ENABLING_AREAS_PROD,AZRG-ENA-DASSQL-STG,DASMGT,ena-dassql1-stg-sea/s2mgt_VCConductor,Microsoft.Sql/servers/databases
US_ENABLING_AREAS_PROD,AZRG-ENA-DASSQL-STG,DASMGT,ena-dassql1-stg-sea/s2mgt-pool,Microsoft.Sql/servers/elasticpools
US_ENABLING_AREAS_PROD,AZRG-ENA-DASSQL-STG,DASMGT,ena-dassql1-stg-eus/umgt_User,Microsoft.Sql/servers/databases
US_ENABLING_AREAS_PROD,AZRG-ENA-DASSQL-STG,DASMGT,ena-dassql1-stg-eus/umgt_User_CacheDb_eus,Microsoft.Sql/servers/databases
US_ENABLING_AREAS_PROD,AZRG-ENA-DASSQL-STG,DASMGT,ena-dassql1-stg-eus/umgt_VCConductor,Microsoft.Sql/servers/databases
US_ENABLING_AREAS_PROD,AZRG-ENA-DASSQL-STG,DASMGT,ena-dassql1-stg-eus/umgt_VCZoom,Microsoft.Sql/servers/databases
US_ENABLING_AREAS_PROD,AZRG-ENA-DASSQL-STG,DASMGT,ena-dassql1-stg-eus/umgt_SpaceAvailability,Microsoft.Sql/servers/databases
US_ENABLING_AREAS_PROD,AZRG-ENA-DASSQL-STG,DASMGT,ena-dassql1-stg-eus/umgt_ServiceOrder,Microsoft.Sql/servers/databases
US_ENABLING_AREAS_PROD,AZRG-ENA-DASSQL-STG,DASMGT,ena-dassql1-stg-eus/umgt_ServiceOrder_CacheDb_eus,Microsoft.Sql/servers/databases
US_ENABLING_AREAS_PROD,AZRG-ENA-DASSQL-STG,DASMGT,ena-dassql1-stg-eus/umgt_Booking,Microsoft.Sql/servers/databases
US_ENABLING_AREAS_PROD,AZRG-ENA-DASSQL-STG,DASMGT,ena-dassql1-stg-eus/umgt_Notification,Microsoft.Sql/servers/databases
US_ENABLING_AREAS_PROD,AZRG-ENA-DASSQL-STG,DASMGT,ena-dassql1-stg-eus/umgt_NotificationBackup,Microsoft.Sql/servers/databases
US_ENABLING_AREAS_PROD,AZRG-ENA-DASSQL-STG,DASMGT,ena-dassql1-stg-eus/umgt_Resource_CacheDb_eus,Microsoft.Sql/servers/databases
,,,,
US_ENABLING_AREAS_PROD,AZRG-ENA-DASSQL-STG,DASMGT,ena-dassql1-stg-eus/umgt_Booking_CacheDb_eus,Microsoft.Sql/servers/databases
US_ENABLING_AREAS_PROD,AZRG-ENA-DASSQL-STG,DASMGT,ena-dassql1-stg-eus/umgt-pool,Microsoft.Sql/servers/elasticpools
US_ENABLING_AREAS_PROD,AZRG-ENA-DASSQL-STG,DASMGT,ena-dassql1-stg-sea/umgt_User,Microsoft.Sql/servers/databases
US_ENABLING_AREAS_PROD,AZRG-ENA-DASSQL-STG,DASMGT,ena-dassql1-stg-sea/umgt_User_CacheDb_sea,Microsoft.Sql/servers/databases
US_ENABLING_AREAS_PROD,AZRG-ENA-DASSQL-STG,DASMGT,ena-dassql1-stg-sea/umgt_VCConductor,Microsoft.Sql/servers/databases
US_ENABLING_AREAS_PROD,AZRG-ENA-DASSQL-STG,DASMGT,ena-dassql1-stg-sea/umgt_SpaceAvailability,Microsoft.Sql/servers/databases
US_ENABLING_AREAS_PROD,AZRG-ENA-DASSQL-STG,DASMGT,ena-dassql1-stg-sea/umgt_ServiceOrder,Microsoft.Sql/servers/databases
US_ENABLING_AREAS_PROD,AZRG-ENA-DASSQL-STG,DASMGT,ena-dassql1-stg-sea/umgt_ServiceOrder_CacheDb_sea,Microsoft.Sql/servers/databases
US_ENABLING_AREAS_PROD,AZRG-ENA-DASSQL-STG,DASMGT,ena-dassql1-stg-sea/umgt_Booking,Microsoft.Sql/servers/databases
US_ENABLING_AREAS_PROD,AZRG-ENA-DASSQL-STG,DASMGT,ena-dassql1-stg-sea/umgt_Notification,Microsoft.Sql/servers/databases
US_ENABLING_AREAS_PROD,AZRG-ENA-DASSQL-STG,DASMGT,ena-dassql1-stg-sea/umgt_NotificationImport,Microsoft.Sql/servers/databases
US_ENABLING_AREAS_PROD,AZRG-ENA-DASSQL-STG,DASMGT,ena-dassql1-stg-sea/umgt_Resource_CacheDb_sea,Microsoft.Sql/servers/databases
US_ENABLING_AREAS_PROD,AZRG-ENA-DASSQL-STG,DASMGT,ena-dassql1-stg-sea/umgt_Booking_CacheDb_sea,Microsoft.Sql/servers/databases
US_ENABLING_AREAS_PROD,AZRG-ENA-DASSQL-STG,DASMGT,ena-dassql1-stg-sea/umgt-pool,Microsoft.Sql/servers/elasticpools
US_ENABLING_AREAS_PROD,AZRG-ENA-DASSQL-PRD,DASMGT,ena-dassql1-prd-eus/mgt_User,Microsoft.Sql/servers/databases
US_ENABLING_AREAS_PROD,AZRG-ENA-DASSQL-PRD,DASMGT,ena-dassql1-prd-eus/mgt_User_CacheDb_eus,Microsoft.Sql/servers/databases
US_ENABLING_AREAS_PROD,AZRG-ENA-DASSQL-PRD,DASMGT,ena-dassql1-prd-eus/mgt_SpaceAvailability,Microsoft.Sql/servers/databases
US_ENABLING_AREAS_PROD,AZRG-ENA-DASSQL-PRD,DASMGT,ena-dassql1-prd-eus/mgt_ServiceOrder,Microsoft.Sql/servers/databases
US_ENABLING_AREAS_PROD,AZRG-ENA-DASSQL-PRD,DASMGT,ena-dassql1-prd-eus/mgt_ServiceOrder_CacheDb_eus,Microsoft.Sql/servers/databases
US_ENABLING_AREAS_PROD,AZRG-ENA-DASSQL-PRD,DASMGT,ena-dassql1-prd-eus/mgt_Booking,Microsoft.Sql/servers/databases
US_ENABLING_AREAS_PROD,AZRG-ENA-DASSQL-PRD,DASMGT,ena-dassql1-prd-eus/mgt_Booking_CacheDb_eus,Microsoft.Sql/servers/databases
US_ENABLING_AREAS_PROD,AZRG-ENA-DASSQL-PRD,DASMGT,ena-dassql1-prd-eus/mgt_Resource_CacheDb_eus,Microsoft.Sql/servers/databases
US_ENABLING_AREAS_PROD,AZRG-ENA-DASSQL-PRD,DASMGT,ena-dassql1-prd-eus/mgt_VCZoom,Microsoft.Sql/servers/databases
US_ENABLING_AREAS_PROD,AZRG-ENA-DASSQL-PRD,DASMGT,ena-dassql1-prd-eus/mgtmobilebot,Microsoft.Sql/servers/databases
US_ENABLING_AREAS_PROD,AZRG-ENA-DASSQL-PRD,DASMGT,ena-dassql1-prd-eus/mgt_VCConductor,Microsoft.Sql/servers/databases
US_ENABLING_AREAS_PROD,AZRG-ENA-DASSQL-PRD,DASMGT,ena-dassql1-prd-eus/mgt-pool,Microsoft.Sql/servers/elasticpools
US_ENABLING_AREAS_PROD,AZRG-ENA-DASSQL-PRD,DASMGT,ena-dassql1-prd-eus/mgtbot-pool,Microsoft.Sql/servers/elasticpools
US_ENABLING_AREAS_PROD,AZRG-ENA-DASSQL-PRD,DASMGT,ena-dassql1-prd-wus/mgt_User,Microsoft.Sql/servers/databases
US_ENABLING_AREAS_PROD,AZRG-ENA-DASSQL-PRD,DASMGT,ena-dassql1-prd-wus/mgt_User_CacheDb_wus,Microsoft.Sql/servers/databases
US_ENABLING_AREAS_PROD,AZRG-ENA-DASSQL-PRD,DASMGT,ena-dassql1-prd-wus/mgt_SpaceAvailability,Microsoft.Sql/servers/databases
US_ENABLING_AREAS_PROD,AZRG-ENA-DASSQL-PRD,DASMGT,ena-dassql1-prd-wus/mgt_ServiceOrder,Microsoft.Sql/servers/databases
US_ENABLING_AREAS_PROD,AZRG-ENA-DASSQL-PRD,DASMGT,ena-dassql1-prd-wus/mgt_ServiceOrder_CacheDb_wus,Microsoft.Sql/servers/databases
US_ENABLING_AREAS_PROD,AZRG-ENA-DASSQL-PRD,DASMGT,ena-dassql1-prd-wus/mgt_Booking,Microsoft.Sql/servers/databases
US_ENABLING_AREAS_PROD,AZRG-ENA-DASSQL-PRD,DASMGT,ena-dassql1-prd-wus/mgt_Booking_CacheDb_wus,Microsoft.Sql/servers/databases
US_ENABLING_AREAS_PROD,AZRG-ENA-DASSQL-PRD,DASMGT,ena-dassql1-prd-wus/mgt_Resource_CacheDb_wus,Microsoft.Sql/servers/databases
US_ENABLING_AREAS_PROD,AZRG-ENA-DASSQL-PRD,DASMGT,ena-dassql1-prd-wus/mgt_VCZoom,Microsoft.Sql/servers/databases
US_ENABLING_AREAS_PROD,AZRG-ENA-DASSQL-PRD,DASMGT,ena-dassql1-prd-wus/mgtmobilebot,Microsoft.Sql/servers/databases
US_ENABLING_AREAS_PROD,AZRG-ENA-DASSQL-PRD,DASMGT,ena-dassql1-prd-wus/mgt_VCConductor,Microsoft.Sql/servers/databases
US_ENABLING_AREAS_PROD,AZRG-ENA-DASSQL-PRD,DASMGT,ena-dassql1-prd-wus/mgt-pool,Microsoft.Sql/servers/elasticpools
US_ENABLING_AREAS_PROD,AZRG-ENA-DASSQL-PRD,DASMGT,ena-dassql1-prd-wus/mgtbot-pool,Microsoft.Sql/servers/elasticpools
US_ENABLING_AREAS_PROD,AZRG-ENA-DASSQL-PRD,DASMGT,ena-dassql1-prd-sea/mgt_User,Microsoft.Sql/servers/databases
US_ENABLING_AREAS_PROD,AZRG-ENA-DASSQL-PRD,DASMGT,ena-dassql1-prd-sea/mgtmobilebot,Microsoft.Sql/servers/databases
US_ENABLING_AREAS_PROD,AZRG-ENA-DASSQL-PRD,DASMGT,ena-dassql1-prd-sea/mgt_User_CacheDb_sea,Microsoft.Sql/servers/databases
US_ENABLING_AREAS_PROD,AZRG-ENA-DASSQL-PRD,DASMGT,ena-dassql1-prd-sea/mgt_SpaceAvailability,Microsoft.Sql/servers/databases
US_ENABLING_AREAS_PROD,AZRG-ENA-DASSQL-PRD,DASMGT,ena-dassql1-prd-sea/mgt_ServiceOrder,Microsoft.Sql/servers/databases
US_ENABLING_AREAS_PROD,AZRG-ENA-DASSQL-PRD,DASMGT,ena-dassql1-prd-sea/mgt_ServiceOrder_CacheDb_sea,Microsoft.Sql/servers/databases
US_ENABLING_AREAS_PROD,AZRG-ENA-DASSQL-PRD,DASMGT,ena-dassql1-prd-sea/mgt_Booking,Microsoft.Sql/servers/databases
US_ENABLING_AREAS_PROD,AZRG-ENA-DASSQL-PRD,DASMGT,ena-dassql1-prd-sea/mgt_Booking_CacheDb_sea,Microsoft.Sql/servers/databases
US_ENABLING_AREAS_PROD,AZRG-ENA-DASSQL-PRD,DASMGT,ena-dassql1-prd-sea/mgt_Resource_CacheDb_sea,Microsoft.Sql/servers/databases
US_ENABLING_AREAS_PROD,AZRG-ENA-DASSQL-PRD,DASMGT,ena-dassql1-prd-sea/mgt-pool,Microsoft.Sql/servers/elasticpools
US_ENABLING_AREAS_PROD,AZRG-ENA-DASSQL-PRD,DASMGT,ena-dassql1-prd-sea/mgtbot-pool,Microsoft.Sql/servers/elasticpools
,,,,
US_CONSULTING_PREPROD,AZRG-CON-DASSQL-DEV,DASPRSPTR,con-dassql1-dev-eus/prsptr-pool,Microsoft.Sql/servers/elasticpools
US_CONSULTING_PREPROD,AZRG-CON-DASSQL-DEV,DASPRSPTR,con-dassql1-dev-eus/PRSPTR,Microsoft.Sql/servers/databases
US_CONSULTING_PREPROD,AZRG-CON-DASSQL-QAS,DASPRSPTR,con-dassql1-qas-eus/prsptr-pool,Microsoft.Sql/servers/elasticpools
US_CONSULTING_PREPROD,AZRG-CON-DASSQL-QAS,DASPRSPTR,con-dassql1-qas-eus/PRSPTR,Microsoft.Sql/servers/databases
US_CONSULTING_PREPROD,AZRG-CON-DASSQL-LOA,DASPRSPTR,con-dassql1-loa-eus/prsptr-pool,Microsoft.Sql/servers/elasticpools
US_CONSULTING_PREPROD,AZRG-CON-DASSQL-LOA,DASPRSPTR,con-dassql1-loa-eus/PRSPTR,Microsoft.Sql/servers/databases
US_CONSULTING_PROD,AZRG-CON-DASSQL-STG,DASPRSPTR,con-dassql1-stg-eus/prsptr-pool,Microsoft.Sql/servers/elasticpools
US_CONSULTING_PROD,AZRG-CON-DASSQL-STG,DASPRSPTR,con-dassql1-stg-eus/PRSPTR,Microsoft.Sql/servers/databases
US_CONSULTING_PROD,AZRG-CON-DASSQL-PRD,DASPRSPTR,con-dassql1-prd-eus/prsptr-pool,Microsoft.Sql/servers/elasticpools
US_CONSULTING_PROD,AZRG-CON-DASSQL-PRD,DASPRSPTR,con-dassql1-prd-eus/PRSPTR,Microsoft.Sql/servers/databases
US_CONSULTING_PROD,AZRG-CON-DASSQL-PRD,DASPRSPTR,con-dassql1-prd-wus/prsptr-pool,Microsoft.Sql/servers/elasticpools
US_CONSULTING_PROD,AZRG-CON-DASSQL-PRD,DASPRSPTR,con-dassql1-prd-wus/PRSPTR,Microsoft.Sql/servers/databases
US_ENABLING_AREAS_PREPROD,AZRG-ENA-DASSQL-DEV,DASGOMOB,ena-dassql1-dev-eus/GoMobile,Microsoft.Sql/servers/databases
US_ENABLING_AREAS_PREPROD,AZRG-ENA-DASSQL-DEV,DASDIB,ena-dassql1-dev-eus/innovationbarometer,Microsoft.Sql/servers/databases
US_ENABLING_AREAS_PREPROD,AZRG-ENA-DASSQL-DEV,DASMAC,ena-dassql1-dev-eus/marketingcalendar,Microsoft.Sql/servers/databases
US_ENABLING_AREAS_PREPROD,AZRG-ENA-DASSQL-DEV,DASDHUB,ena-dassql1-dev-eus/dhub,Microsoft.Sql/servers/databases
US_ENABLING_AREAS_PREPROD,AZRG-ENA-DASSQL-DEV,DASDIB,ena-dassql1-dev-eus/dib-pool,Microsoft.Sql/servers/elasticpools
US_ENABLING_AREAS_PREPROD,AZRG-ENA-DASSQL-DEV,DASMAC,ena-dassql1-dev-eus/mac-pool,Microsoft.Sql/servers/elasticpools
US_ENABLING_AREAS_PREPROD,AZRG-ENA-DASSQL-DEV,DASDHUB,ena-dassql1-dev-eus/dhub-pool,Microsoft.Sql/servers/elasticpools
US_ENABLING_AREAS_PREPROD,AZRG-ENA-DASSQL-QAS,DASGOMOB,ena-dassql1-qas-eus/GoMobile,Microsoft.Sql/servers/databases
US_ENABLING_AREAS_PREPROD,AZRG-ENA-DASSQL-QAS,DASDIB,ena-dassql1-qas-eus/innovationbarometer,Microsoft.Sql/servers/databases
US_ENABLING_AREAS_PREPROD,AZRG-ENA-DASSQL-QAS,DASMAC,ena-dassql1-qas-eus/marketingcalendar,Microsoft.Sql/servers/databases
US_ENABLING_AREAS_PREPROD,AZRG-ENA-DASSQL-QAS,DASDHUB,ena-dassql1-qas-eus/dhub,Microsoft.Sql/servers/databases
US_ENABLING_AREAS_PREPROD,AZRG-ENA-DASSQL-QAS,DASDIB,ena-dassql1-qas-eus/dib-pool,Microsoft.Sql/servers/elasticpools
US_ENABLING_AREAS_PREPROD,AZRG-ENA-DASSQL-QAS,DASMAC,ena-dassql1-qas-eus/mac-pool,Microsoft.Sql/servers/elasticpools
US_ENABLING_AREAS_PREPROD,AZRG-ENA-DASSQL-QAS,DASDHUB,ena-dassql1-qas-eus/dhub-pool,Microsoft.Sql/servers/elasticpools
US_ENABLING_AREAS_PREPROD,AZRG-ENA-DASSQL-DEV,DASGOMOB,ena-dassql1-dev-eus/GoMobile,Microsoft.Sql/servers/databases
US_ENABLING_AREAS_PREPROD,AZRG-ENA-DASSQL-QAS,DASGOMOB,ena-dassql1-qas-eus/GoMobile,Microsoft.Sql/servers/databases
US_ENABLING_AREAS_PROD,AZRG-ENA-DASSQL-STG,DASGOMOB,ena-dassql1-stg-eus/GoMobile,Microsoft.Sql/servers/databases
US_ENABLING_AREAS_PREPROD,AZRG-ENA-DASSQL-DEV,DASDIB,ena-dassql1-dev-eus/innovationbarometer,Microsoft.Sql/servers/databases
US_ENABLING_AREAS_PREPROD,AZRG-ENA-DASSQL-DEV,DASDIB,ena-dassql1-dev-eus/dib-pool,Microsoft.Sql/servers/elasticpools
US_ENABLING_AREAS_PREPROD,AZRG-ENA-DASSQL-QAS,DASDIB,ena-dassql1-qas-eus/innovationbarometer,Microsoft.Sql/servers/databases
US_ENABLING_AREAS_PREPROD,AZRG-ENA-DASSQL-QAS,DASDIB,ena-dassql1-qas-eus/dib-pool,Microsoft.Sql/servers/elasticpools
US_ENABLING_AREAS_PROD,AZRG-ENA-DASSQL-STG,DASDIB,ena-dassql1-stg-eus/innovationbarometer,Microsoft.Sql/servers/databases
US_ENABLING_AREAS_PREPROD,AZRG-ENA-DASSQL-DEV,DASMAC,ena-dassql1-dev-eus/marketingcalendar,Microsoft.Sql/servers/databases
US_ENABLING_AREAS_PREPROD,AZRG-ENA-DASSQL-DEV,DASMAC,ena-dassql1-dev-eus/mac-pool,Microsoft.Sql/servers/elasticpools
US_ENABLING_AREAS_PREPROD,AZRG-ENA-DASSQL-QAS,DASMAC,ena-dassql1-qas-eus/marketingcalendar,Microsoft.Sql/servers/databases
US_ENABLING_AREAS_PREPROD,AZRG-ENA-DASSQL-QAS,DASMAC,ena-dassql1-qas-eus/mac-pool,Microsoft.Sql/servers/elasticpools
US_ENABLING_AREAS_PROD,AZRG-ENA-DASSQL-STG,DASMAC,ena-dassql1-stg-eus/marketingcalendar,Microsoft.Sql/servers/databases
US_ENABLING_AREAS_PROD,AZRG-ENA-DASSQL-STG,DASMAC,ena-dassql1-stg-eus/mac-pool,Microsoft.Sql/servers/elasticpools
US_ENABLING_AREAS_PROD,AZRG-ENA-DASSQL-PRD,DASMAC,ena-dassql1-prd-eus/marketingcalendar,Microsoft.Sql/servers/databases
US_ENABLING_AREAS_PROD,AZRG-ENA-DASSQL-PRD,DASMAC,ena-dassql1-prd-eus/mac-pool,Microsoft.Sql/servers/elasticpools
US_ENABLING_AREAS_PROD,AZRG-ENA-DASSQL-PRD,DASMAC,ena-dassql1-prd-wus/marketingcalendar,Microsoft.Sql/servers/databases
US_ENABLING_AREAS_PROD,AZRG-ENA-DASSQL-PRD,DASMAC,ena-dassql1-prd-wus/mac-pool,Microsoft.Sql/servers/elasticpools
US_ENABLING_AREAS_PREPROD,AZRG-ENA-DASSQL-DEV,DASDHUB,ena-dassql1-dev-eus/dhub,Microsoft.Sql/servers/databases
US_ENABLING_AREAS_PREPROD,AZRG-ENA-DASSQL-DEV,DASDHUB,ena-dassql1-dev-eus/dhub-pool,Microsoft.Sql/servers/elasticpools
US_ENABLING_AREAS_PREPROD,AZRG-ENA-DASSQL-QAS,DASDHUB,ena-dassql1-qas-eus/dhub,Microsoft.Sql/servers/databases
US_ENABLING_AREAS_PREPROD,AZRG-ENA-DASSQL-QAS,DASDHUB,ena-dassql1-qas-eus/dhub-pool,Microsoft.Sql/servers/elasticpools
US_ENABLING_AREAS_PROD,AZRG-ENA-DASSQL-STG,DASDIB,ena-dassql1-stg-eus/dib-pool,Microsoft.Sql/servers/elasticpools
US_CONSULTING_PREPROD,AZRG-CON-DASSQL-DEV,DASVDX,con-dassql1-dev-eus/vdxDB,Microsoft.Sql/servers/databases
US_CONSULTING_PREPROD,AZRG-CON-DASSQL-DEV,DASVDX,con-dassql1-dev-eus/vdx-pool,Microsoft.Sql/servers/elasticpools
US_CONSULTING_PREPROD,AZRG-CON-DASSQL-DEV,DASTECFLU,con-dassql1-dev-eus/TechFluency,Microsoft.Sql/servers/databases
US_CONSULTING_PREPROD,AZRG-CON-DASSQL-QAS,DASTECFLU,con-dassql1-qas-eus/TechFluency,Microsoft.Sql/servers/databases
US_CONSULTING_PREPROD,AZRG-CON-DASSQL-LOA,DASTECFLU,con-dassql1-loa-eus/TechFluency,Microsoft.Sql/servers/databases
US_CONSULTING_PROD,AZRG-CON-DASSQL-STG,DASTECFLU,con-dassql1-stg-eus/TechFluency,Microsoft.Sql/servers/databases
US_CONSULTING_PROD,AZRG-CON-DASSQL-PRD,DASTECFLU,con-dassql1-prd-eus/TechFluency,Microsoft.Sql/servers/databases
US_CONSULTING_PREPROD,AZRG-CON-DASSQL-DEV,DASTECFLU,con-dassql1-dev-eus/tecflu-pool,Microsoft.Sql/servers/elasticpools
US_CONSULTING_PREPROD,AZRG-CON-DASSQL-QAS,DASTECFLU,con-dassql1-qas-eus/tecflu-pool,Microsoft.Sql/servers/elasticpools
US_CONSULTING_PREPROD,AZRG-CON-DASSQL-LOA,DASTECFLU,con-dassql1-loa-eus/tecflu-pool,Microsoft.Sql/servers/elasticpools
US_CONSULTING_PROD,AZRG-CON-DASSQL-STG,DASTECFLU,con-dassql1-stg-eus/tecflu-pool,Microsoft.Sql/servers/elasticpools
US_CONSULTING_PROD,AZRG-CON-DASSQL-PRD,DASTECFLU,con-dassql1-prd-eus/tecflu-pool,Microsoft.Sql/servers/elasticpools
US_ENABLING_AREAS_PREPROD,AZRG-ENA-DASSQL-DEV,DASRPA,ena-dassql1-dev-eus/rpa,Microsoft.Sql/servers/databases
US_ENABLING_AREAS_PREPROD,AZRG-ENA-DASSQL-DEV,DASRPA,ena-dassql1-dev-eus/rpa-pool,Microsoft.Sql/servers/elasticpools
US_ENABLING_AREAS_PREPROD,AZRG-ENA-DASSQL-QAS,DASRPA,ena-dassql1-qas-eus/rpa,Microsoft.Sql/servers/databases
US_ENABLING_AREAS_PREPROD,AZRG-ENA-DASSQL-QAS,DASRPA,ena-dassql1-qas-eus/rpa-pool,Microsoft.Sql/servers/elasticpools
US_ENABLING_AREAS_PROD,AZRG-ENA-DASSQL-STG,DASRPA,ena-dassql1-stg-eus/rpa,Microsoft.Sql/servers/databases
US_ENABLING_AREAS_PROD,AZRG-ENA-DASSQL-STG,DASRPA,ena-dassql1-stg-eus/rpa-pool,Microsoft.Sql/servers/elasticpools
US_ENABLING_AREAS_PROD,AZRG-ENA-DASSQL-PRD,DASRPA,ena-dassql1-prd-eus/rpa,Microsoft.Sql/servers/databases
US_ENABLING_AREAS_PROD,AZRG-ENA-DASSQL-PRD,DASRPA,ena-dassql1-prd-eus/rpa-pool,Microsoft.Sql/servers/elasticpools
US_ENABLING_AREAS_PREPROD,AZRG-ENA-DASSQL-DEV,DASKEY,ena-dassql1-dev-eus/Keystone,Microsoft.Sql/servers/databases
US_ENABLING_AREAS_PREPROD,AZRG-ENA-DASSQL-DEV,DASKEY,ena-dassql1-dev-eus/key-pool,Microsoft.Sql/servers/elasticpools
US_ENABLING_AREAS_PREPROD,AZRG-ENA-DASSQL-QAS,DASKEY,ena-dassql1-qas-eus2/Keystone,Microsoft.Sql/servers/databases
US_ENABLING_AREAS_PREPROD,AZRG-ENA-DASSQL-QAS,DASKEY,ena-dassql1-qas-eus2/key-pool,Microsoft.Sql/servers/elasticpools
US_ENABLING_AREAS_PROD,AZRG-ENA-DASSQL-PRD,DASKEY,ena-dassql1-prd-eus2/Keystone,Microsoft.Sql/servers/databases
US_ENABLING_AREAS_PROD,AZRG-ENA-DASSQL-PRD,DASKEY,ena-dassql1-prd-eus2/key-pool,Microsoft.Sql/servers/elasticpools
US_ENABLING_AREAS_PROD,AZRG-ENA-DASSQL-PRD,DASKEY,ena-dassql1-prd-cus/Keystone,Microsoft.Sql/servers/databases
US_ENABLING_AREAS_PROD,AZRG-ENA-DASSQL-PRD,DASKEY,ena-dassql1-prd-cus/key-pool,Microsoft.Sql/servers/elasticpools
US_ENABLING_AREAS_PREPROD,AZRG-ENA-DASSQL-DEV,DASCCBF,ena-dassql1-dev-eus/gps-pool,Microsoft.Sql/servers/elasticpools
US_ENABLING_AREAS_PREPROD,AZRG-ENA-DASSQL-QAS,DASCCBF,ena-dassql1-qas-eus/gps-pool,Microsoft.Sql/servers/elasticpools
US_ENABLING_AREAS_PREPROD,AZRG-ENA-DASSQL-DEV,DASCCBF,ena-dassql1-dev-eus/gps-chatbot,Microsoft.Sql/servers/databases
US_ENABLING_AREAS_PREPROD,AZRG-ENA-DASSQL-QAS,DASCCBF,ena-dassql1-qas-eus/gps-chatbot,Microsoft.Sql/servers/databases
US_ENABLING_AREAS_PROD,AZRG-ENA-DASSQL-PRD,DASCCBF,ena-dassql1-prd-eus/gps-pool,Microsoft.Sql/servers/elasticpools
US_ENABLING_AREAS_PROD,AZRG-ENA-DASSQL-PRD,DASCCBF,ena-dassql1-prd-eus/gps-chatbot,Microsoft.Sql/servers/databases
US_ENABLING_AREAS_PROD,AZRG-ENA-DASSQL-PRD,DASCCBF,ena-dassql1-prd-wus/gps-pool,Microsoft.Sql/servers/elasticpools
US_ENABLING_AREAS_PROD,AZRG-ENA-DASSQL-PRD,DASCCBF,ena-dassql1-prd-wus/gps-chatbot,Microsoft.Sql/servers/databases
US_ENABLING_AREAS_PREPROD,AZRG-ENA-DASSQL-DEV,DASCCBF,ena-dassql1-dev-eus/tal-pool,Microsoft.Sql/servers/elasticpools
US_ENABLING_AREAS_PREPROD,AZRG-ENA-DASSQL-QAS,DASCCBF,ena-dassql1-qas-eus/tal-pool,Microsoft.Sql/servers/elasticpools
US_ENABLING_AREAS_PREPROD,AZRG-ENA-DASSQL-DEV,DASCCBF,ena-dassql1-dev-eus/tal-chatbot,Microsoft.Sql/servers/databases
US_ENABLING_AREAS_PREPROD,AZRG-ENA-DASSQL-QAS,DASCCBF,ena-dassql1-qas-eus/tal-chatbot,Microsoft.Sql/servers/databases
US_ENABLING_AREAS_PROD,AZRG-ENA-DASSQL-PRD,DASCCBF,ena-dassql1-prd-eus/tal-pool,Microsoft.Sql/servers/elasticpools
US_ENABLING_AREAS_PROD,AZRG-ENA-DASSQL-PRD,DASCCBF,ena-dassql1-prd-eus/tal-chatbot,Microsoft.Sql/servers/databases
US_ENABLING_AREAS_PROD,AZRG-ENA-DASSQL-PRD,DASCCBF,ena-dassql1-prd-wus/tal-pool,Microsoft.Sql/servers/elasticpools
US_ENABLING_AREAS_PROD,AZRG-ENA-DASSQL-PRD,DASCCBF,ena-dassql1-prd-wus/tal-chatbot,Microsoft.Sql/servers/databases
US_ENABLING_AREAS_PROD,AZRG-ENA-DASSQL-STG,DASCCBF,ena-dassql1-stg-eus/tal-pool,Microsoft.Sql/servers/elasticpools
US_ENABLING_AREAS_PROD,AZRG-ENA-DASSQL-STG,DASCCBF,ena-dassql1-stg-eus/tal-chatbot,Microsoft.Sql/servers/databases
US_ENABLING_AREAS_PREPROD,AZRG-ENA-DASSQL-QAS,DASCCBF,ena-dassql1-qas-eus/ChatbotFramework,Microsoft.Sql/servers/databases
US_ENABLING_AREAS_PREPROD,AZRG-ENA-DASSQL-QAS,DASCCBF,ena-dassql1-qas-eus/ccbf-pool,Microsoft.Sql/servers/elasticpools
US_ENABLING_AREAS_PREPROD,AZRG-ENA-DASSQL-DEV,DASSOC,ena-dassql1-dev-eus/socrates,Microsoft.Sql/servers/databases
US_ENABLING_AREAS_PREPROD,AZRG-ENA-DASSQL-DEV,DASSOC,ena-dassql1-dev-eus/soc-pool,Microsoft.Sql/servers/elasticpools
US_ENABLING_AREAS_PREPROD,AZRG-ENA-DASSQL-QAS,DASSOC,ena-dassql1-qas-eus/soc-pool,Microsoft.Sql/servers/elasticpools
US_ENABLING_AREAS_PREPROD,AZRG-ENA-DASSQL-QAS,DASSOC,ena-dassql1-qas-eus/socrates,Microsoft.Sql/servers/databases
US_ENABLING_AREAS_PREPROD,AZRG-ENA-DASSQL-QAS,DASSOC,ena-dassql1-qas-eus/soc-pool,Microsoft.Sql/servers/elasticpools
US_ENABLING_AREAS_PREPROD,AZRG-ENA-DASSQL-QAS,DASSOC,ena-dassql1-qas-eus/socrates,Microsoft.Sql/servers/databases
US_ENABLING_AREAS_PROD,AZRG-ENA-DASSQL-PRD,DASSOC,ena-dassql1-prd-eus/soc-pool,Microsoft.Sql/servers/elasticpools
US_ENABLING_AREAS_PROD,AZRG-ENA-DASSQL-PRD,DASSOC,ena-dassql1-prd-eus/socrates,Microsoft.Sql/servers/databases
US_ENABLING_AREAS_PROD,AZRG-ENA-DASSQL-STG,DASSOC,ena-dassql1-stg-eus/soc-pool,Microsoft.Sql/servers/elasticpools
US_ENABLING_AREAS_PROD,AZRG-ENA-DASSQL-STG,DASSOC,ena-dassql1-stg-eus/socrates,Microsoft.Sql/servers/databases
US_ENABLING_AREAS_PREPROD,AZRG-ENA-DASSQL-DEV,DASESIGN,ena-dassql1-dev-eus/esignatureglobal,Microsoft.Sql/servers/databases
US_ENABLING_AREAS_PREPROD,AZRG-ENA-DASSQL-DEV,DASESIGN,ena-dassql1-dev-eus/esign-pool,Microsoft.Sql/servers/elasticpools
US_ENABLING_AREAS_PREPROD,AZRG-ENA-DASSQL-QAS,DASESIGN,ena-dassql1-qas-eus/esignatureglobal,Microsoft.Sql/servers/databases
US_ENABLING_AREAS_PREPROD,AZRG-ENA-DASSQL-QAS,DASESIGN,ena-dassql1-qas-eus/esign-pool,Microsoft.Sql/servers/elasticpools
US_ENABLING_AREAS_PROD,AZRG-ENA-DASSQL-STG,DASESIGN,ena-dassql1-stg-eus/esignatureglobal,Microsoft.Sql/servers/databases
US_ENABLING_AREAS_PROD,AZRG-ENA-DASSQL-STG,DASESIGN,ena-dassql1-stg-eus/esign-pool,Microsoft.Sql/servers/elasticpools
US_ENABLING_AREAS_PREPROD,AZRG-ENA-DASSQL-DEV,DASUNS,ena-dassql1-dev-eus/unsupervised_genesyspoc,Microsoft.Sql/servers/databases
US_ENABLING_AREAS_PREPROD,AZRG-ENA-DASSQL-DEV,DASUNS,ena-dassql1-dev-eus/unsupervised_snowpoc,Microsoft.Sql/servers/databases
US_ENABLING_AREAS_PREPROD,AZRG-ENA-DASSQL-DEV,DASUNS,ena-dassql1-dev-eus/unsupervised-pool,Microsoft.Sql/servers/elasticpools
US_ENABLING_AREAS_PREPROD,AZRG-ENA-DASSQL-DEV,DASCORE,ena-dassql1-dev-eus/devopscore,Microsoft.Sql/servers/databases
US_ENABLING_AREAS_PREPROD,AZRG-ENA-DASSQL-DEV,DASCORE,ena-dassql1-dev-eus/devopscore-pool,Microsoft.Sql/servers/elasticpools
US_CONSULTING_PREPROD,AZRG-CON-DASSQL-DEV,DASDSN,con-dassql1-dev-eus/DSN,Microsoft.Sql/servers/databases
US_CONSULTING_PREPROD,AZRG-CON-DASSQL-QAS,DASDSN,con-dassql1-qas-eus/DSN,Microsoft.Sql/servers/databases
US_CONSULTING_PREPROD,AZRG-CON-DASSQL-LOA,DASDSN,con-dassql1-loa-eus/DSN,Microsoft.Sql/servers/databases
US_CONSULTING_PROD,AZRG-CON-DASSQL-STG,DASDSN,con-dassql1-stg-eus/DSN,Microsoft.Sql/servers/databases
US_CONSULTING_PROD,AZRG-CON-DASSQL-PRD,DASDSN,con-dassql1-prd-eus/DSN,Microsoft.Sql/servers/databases
US_CONSULTING_PREPROD,AZRG-CON-DASSQL-DEV,DASDSN,con-dassql1-dev-eus/dsn-pool,Microsoft.Sql/servers/elasticpools
US_CONSULTING_PREPROD,AZRG-CON-DASSQL-QAS,DASDSN,con-dassql1-qas-eus/dsn-pool,Microsoft.Sql/servers/elasticpools
US_CONSULTING_PREPROD,AZRG-CON-DASSQL-LOA,DASDSN,con-dassql1-loa-eus/dsn-pool,Microsoft.Sql/servers/elasticpools
US_CONSULTING_PROD,AZRG-CON-DASSQL-STG,DASDSN,con-dassql1-stg-eus/dsn-pool,Microsoft.Sql/servers/elasticpools
US_CONSULTING_PROD,AZRG-CON-DASSQL-PRD,DASDSN,con-dassql1-prd-eus/dsn-pool,Microsoft.Sql/servers/elasticpools
US_TAX_PREPROD,AZRG-TAX-DASSQL-DEV,DASSQL,tax-dassql1-dev-eus/ifp-pool,Microsoft.Sql/servers/elasticpools
US_TAX_PREPROD,AZRG-TAX-DASSQL-QAS,DASSQL,tax-dassql1-qas-eus/ifp-pool,Microsoft.Sql/servers/elasticpools
US_TAX_PREPROD,AZRG-TAX-DASSQL-DEV,DASSQL,tax-dassql1-dev-eus/IFPonHANA,Microsoft.Sql/servers/databases
US_TAX_PREPROD,AZRG-TAX-DASSQL-QAS,DASSQL,tax-dassql1-qas-eus/IFPonHANA,Microsoft.Sql/servers/databases
US_ENABLING_AREAS_PROD,AZRG-ENA-DAS-ISE-PROD-EUS2,DASISE,enabling-das-ise-prod-eus2,Microsoft.Logic/integrationServiceEnvironments
US_ENABLING_AREAS_PROD,AZRG-ENA-DAS-ISE-PROD-CUS,DASISE,enabling-das-ise-prod-cus,Microsoft.Logic/integrationServiceEnvironments
US_ENABLING_AREAS_PREPROD,AZRG-ENA-DAS-ISE-PREPROD-EUS2,DASISE,enabling-das-ise-preprod-eus2,Microsoft.Logic/integrationServiceEnvironments
US_ENABLING_AREAS_PREPROD,AZRG-ENA-DASSQL-DEV,DASOnePro,ena-dassql1-dev-eus/oneprocess-pool,Microsoft.Sql/servers/elasticpools
US_ENABLING_AREAS_PREPROD,AZRG-ENA-DASSQL-QAS,DASOnePro,ena-dassql1-qas-eus/oneprocess-pool,Microsoft.Sql/servers/elasticpools
US_ENABLING_AREAS_PROD,AZRG-ENA-DASSQL-STG,DASOnePro,ena-dassql1-stg-eus/oneprocess-pool,Microsoft.Sql/servers/elasticpools
US_ENABLING_AREAS_PROD,AZRG-ENA-DASSQL-PRD,DASOnePro,ena-dassql1-prd-eus/oneprocess-pool,Microsoft.Sql/servers/elasticpools
US_ENABLING_AREAS_PROD,AZRG-ENA-DASSQL-PRD,DASOnePro,ena-dassql1-prd-wus/oneprocess-pool,Microsoft.Sql/servers/elasticpools
US_ENABLING_AREAS_PREPROD,AZRG-ENA-DASSQL-DEV,DASOnePro,ena-dassql1-dev-eus/oneprocess,Microsoft.Sql/servers/databases
US_ENABLING_AREAS_PREPROD,AZRG-ENA-DASSQL-QAS,DASOnePro,ena-dassql1-qas-eus/oneprocess,Microsoft.Sql/servers/databases
US_ENABLING_AREAS_PROD,AZRG-ENA-DASSQL-STG,DASOnePro,ena-dassql1-stg-eus/oneprocess,Microsoft.Sql/servers/databases
US_ENABLING_AREAS_PROD,AZRG-ENA-DASSQL-PRD,DASOnePro,ena-dassql1-prd-eus/oneprocess,Microsoft.Sql/servers/databases
US_ENABLING_AREAS_PROD,AZRG-ENA-DASSQL-PRD,DASOnePro,ena-dassql1-prd-wus/oneprocess,Microsoft.Sql/servers/databases
US_CONSULTING_PREPROD,AZRG-CON-DASSQL-DEV,DASCCCB,con-dassql1-dev-eus/cccb,Microsoft.Sql/servers/databases
US_CONSULTING_PREPROD,AZRG-CON-DASSQL-QAS,DASCCCB,con-dassql1-qas-eus/cccb,Microsoft.Sql/servers/databases
US_CONSULTING_PREPROD,AZRG-CON-DASSQL-LOA,DASCCCB,con-dassql1-loa-eus/cccb,Microsoft.Sql/servers/databases
US_CONSULTING_PROD,AZRG-CON-DASSQL-STG,DASCCCB,con-dassql1-stg-eus/cccb,Microsoft.Sql/servers/databases
US_CONSULTING_PROD,AZRG-CON-DASSQL-PRD,DASCCCB,con-dassql1-prd-eus/cccb,Microsoft.Sql/servers/databases
US_CONSULTING_PREPROD,AZRG-CON-DASSQL-DEV,DASCCCB,con-dassql1-dev-eus/cccb-pool,Microsoft.Sql/servers/elasticpools
US_CONSULTING_PREPROD,AZRG-CON-DASSQL-QAS,DASCCCB,con-dassql1-qas-eus/cccb-pool,Microsoft.Sql/servers/elasticpools
US_CONSULTING_PREPROD,AZRG-CON-DASSQL-LOA,DASCCCB,con-dassql1-loa-eus/cccb-pool,Microsoft.Sql/servers/elasticpools
US_CONSULTING_PROD,AZRG-CON-DASSQL-STG,DASCCCB,con-dassql1-stg-eus/cccb-pool,Microsoft.Sql/servers/elasticpools
US_CONSULTING_PROD,AZRG-CON-DASSQL-PRD,DASCCCB,con-dassql1-prd-eus/cccb-pool,Microsoft.Sql/servers/elasticpools
US_ENABLING_AREAS_PREPROD,AZRG-ENA-DASSQL-DEV,DASMCDM,ena-dassql1-dev-eus/mcdm-pool,Microsoft.Sql/servers/elasticpools
US_ENABLING_AREAS_PREPROD,AZRG-ENA-DASSQL-QAS,DASMCDM,ena-dassql1-qas-eus/mcdm-pool,Microsoft.Sql/servers/elasticpools
US_ENABLING_AREAS_PROD,AZRG-ENA-DASSQL-STG,DASMCDM,ena-dassql1-stg-eus/mcdm-pool,Microsoft.Sql/servers/elasticpools
US_ENABLING_AREAS_PROD,AZRG-ENA-DASSQL-PRD,DASMCDM,ena-dassql1-prd-eus/mcdm-pool,Microsoft.Sql/servers/elasticpools
US_ENABLING_AREAS_PROD,AZRG-ENA-DASSQL-PRD,DASMCDM,ena-dassql1-prd-wus/mcdm-pool,Microsoft.Sql/servers/elasticpools
US_CONSULTING_PREPROD,AZRG-CON-DASSQL-DEV,DASDCM,con-dassql1-dev-eus/dcm-pool,Microsoft.Sql/servers/elasticpools
US_CONSULTING_PREPROD,AZRG-CON-DASSQL-DEV,DASDCM,con-dassql1-dev-eus/DCMDB,Microsoft.Sql/servers/databases
US_CONSULTING_PREPROD,AZRG-CON-DASSQL-QAS,DASDCM,con-dassql1-qas-eus/dcm-pool,Microsoft.Sql/servers/elasticpools
US_CONSULTING_PREPROD,AZRG-CON-DASSQL-QAS,DASDCM,con-dassql1-qas-eus/DCMDB,Microsoft.Sql/servers/databases
US_ENABLING_AREAS_PREPROD,AZRG-ENA-DASSQL-DEV,DASSLATE,ena-dassql1-dev-eus/slate,Microsoft.Sql/servers/databases
US_ENABLING_AREAS_PREPROD,AZRG-ENA-DASSQL-DEV,DASSLATE,ena-dassql1-dev-eus/slate-pool,Microsoft.Sql/servers/elasticpools
US_ENABLING_AREAS_PREPROD,AZRG-ENA-DASSQL-QAS,DASSLATE,ena-dassql1-qas-eus/slate,Microsoft.Sql/servers/databases
US_ENABLING_AREAS_PREPROD,AZRG-ENA-DASSQL-QAS,DASSLATE,ena-dassql1-qas-eus/slate-pool,Microsoft.Sql/servers/elasticpools
US-AZSUB-AME-ENA-TODINNOV-NPD,AZRG-ENA-TODINNO-DASSQL-DEV,DASTODINNO,todinno-dassql1-dev-eus/TodMaster,Microsoft.Sql/servers/databases
US-AZSUB-AME-ENA-TODINNOV-NPD,AZRG-ENA-TODINNO-DASSQL-DEV,DASTODINNO,todinno-dassql1-dev-eus/TodUser,Microsoft.Sql/servers/databases
US-AZSUB-AME-ENA-TODINNOV-NPD,AZRG-ENA-TODINNO-DASSQL-DEV,DASTODINNO,todinno-dassql1-dev-eus/todinno-pool,Microsoft.Sql/servers/elasticpools
US-AZSUB-AME-ENA-TODINNOV-NPD,AZRG-ENA-TODINNO-DASSQL-QAS,DASTODINNO,todinno-dassql1-qas-eus/TodMaster,Microsoft.Sql/servers/databases
US-AZSUB-AME-ENA-TODINNOV-NPD,AZRG-ENA-TODINNO-DASSQL-QAS,DASTODINNO,todinno-dassql1-qas-eus/TodUser,Microsoft.Sql/servers/databases
US-AZSUB-AME-ENA-TODINNOV-NPD,AZRG-ENA-TODINNO-DASSQL-QAS,DASTODINNO,todinno-dassql1-qas-eus/todinno-pool,Microsoft.Sql/servers/elasticpools
US-AZSUB-AME-ENA-TODINNOV-PRD,AZRG-ENA-TODINNO-DASSQL-STG,DASTODINNO,todinno-dassql1-stg-eus/TodMaster,Microsoft.Sql/servers/databases
US-AZSUB-AME-ENA-TODINNOV-PRD,AZRG-ENA-TODINNO-DASSQL-STG,DASTODINNO,todinno-dassql1-stg-eus/TodUser,Microsoft.Sql/servers/databases
US-AZSUB-AME-ENA-TODINNOV-PRD,AZRG-ENA-TODINNO-DASSQL-STG,DASTODINNO,todinno-dassql1-stg-eus/todinno-pool,Microsoft.Sql/servers/elasticpools
US-AZSUB-AME-ENA-TODINNOV-PRD,AZRG-ENA-TODINNO-DASSQL-PRD,DASTODINNO,todinno-dassql1-prd-eus/TodMaster,Microsoft.Sql/servers/databases
US-AZSUB-AME-ENA-TODINNOV-PRD,AZRG-ENA-TODINNO-DASSQL-PRD,DASTODINNO,todinno-dassql1-prd-eus/TodUser,Microsoft.Sql/servers/databases
US-AZSUB-AME-ENA-TODINNOV-PRD,AZRG-ENA-TODINNO-DASSQL-PRD,DASTODINNO,todinno-dassql1-prd-eus/todinno-pool,Microsoft.Sql/servers/elasticpools
US-AZSUB-AME-ENA-TODINNOV-PRD,AZRG-ENA-TODINNO-DASSQL-PRD,DASTODINNO,todinno-dassql1-prd-wus/TodMaster,Microsoft.Sql/servers/databases
US-AZSUB-AME-ENA-TODINNOV-PRD,AZRG-ENA-TODINNO-DASSQL-PRD,DASTODINNO,todinno-dassql1-prd-wus/TodUser,Microsoft.Sql/servers/databases
US-AZSUB-AME-ENA-TODINNOV-PRD,AZRG-ENA-TODINNO-DASSQL-PRD,DASTODINNO,todinno-dassql1-prd-wus/todinno-pool,Microsoft.Sql/servers/elasticpools
US_ENABLING_AREAS_PREPROD,AZRG-ENA-DASSQL-DEV,DASWorkWell,ena-dassql1-dev-eus/workwell-pool,Microsoft.Sql/servers/elasticpools
US_ENABLING_AREAS_PREPROD,AZRG-ENA-DASSQL-QAS,DASWorkWell,ena-dassql1-qas-eus/workwell-pool,Microsoft.Sql/servers/elasticpools
US_ENABLING_AREAS_PROD,AZRG-ENA-DASSQL-STG,DASWorkWell,ena-dassql1-stg-eus/workwell-pool,Microsoft.Sql/servers/elasticpools
US_ENABLING_AREAS_PROD,AZRG-ENA-DASSQL-PRD,DASWorkWell,ena-dassql1-prd-eus/workwell-pool,Microsoft.Sql/servers/elasticpools
US_ENABLING_AREAS_PREPROD,AZRG-ENA-DASSQL-DEV,DASWorkWell,ena-dassql1-dev-eus/workwell,Microsoft.Sql/servers/databases
US_ENABLING_AREAS_PREPROD,AZRG-ENA-DASSQL-QAS,DASWorkWell,ena-dassql1-qas-eus/workwell,Microsoft.Sql/servers/databases
US_ENABLING_AREAS_PROD,AZRG-ENA-DASSQL-STG,DASWorkWell,ena-dassql1-stg-eus/workwell,Microsoft.Sql/servers/databases
US_ENABLING_AREAS_PROD,AZRG-ENA-DASSQL-PRD,DASWorkWell,ena-dassql1-prd-eus/workwell,Microsoft.Sql/servers/databases
US_ADVISORY_PREPROD,AZRG-ADV-DASSQL-DEV,DASEPF,adv-dassql1-dev-eus/epf-pool,Microsoft.Sql/servers/elasticpools
US_ADVISORY_PREPROD,AZRG-ADV-DASSQL-DEV,DASEPF,adv-dassql1-dev-eus/eProfitFocus,Microsoft.Sql/servers/databases
US_ADVISORY_PREPROD,AZRG-ADV-DASSQL-QAS,DASEPF,adv-dassql1-qas-eus/epf-pool,Microsoft.Sql/servers/elasticpools
US_ADVISORY_PREPROD,AZRG-ADV-DASSQL-QAS,DASEPF,adv-dassql1-qas-eus/eProfitFocus,Microsoft.Sql/servers/databases
US_ADVISORY_PREPROD,AZRG-ADV-DASSQL-LOA,DASEPF,adv-dassql1-loa-eus/epf-pool,Microsoft.Sql/servers/elasticpools
US_ADVISORY_PREPROD,AZRG-ADV-DASSQL-LOA,DASEPF,adv-dassql1-loa-eus/eProfitFocus,Microsoft.Sql/servers/databases
US_ADVISORY_PREPROD,AZRG-ADV-DASSQL-LOA,DASEPF,adv-dassql1-loa-eus/eProfitFocus_DataWarehouse,Microsoft.Sql/servers/databases
US_ADVISORY_PREPROD,AZRG-ADV-DASSQL-LOA,DASEPF,adv-dassql1-loa-eus/eProfitFocus_Report,Microsoft.Sql/servers/databases
US_ADVISORY_PREPROD,AZRG-ADV-DASSQL-LOA,DASEPF,adv-dassql1-loa-eus/eProfitFocus_Staging,Microsoft.Sql/servers/databases
US_ADVISORY_PREPROD,AZRG-ADV-DASSQL-LOA,DASEPF,adv-dassql1-loa-eus/SSISDB,Microsoft.Sql/servers/databases
US_ADVISORY_PROD,AZRG-ADV-DASSQL-STG,DASEPF,adv-dassql1-stg-eus/epf-pool,Microsoft.Sql/servers/elasticpools
US_ADVISORY_PROD,AZRG-ADV-DASSQL-STG,DASEPF,adv-dassql1-stg-eus/eProfitFocus,Microsoft.Sql/servers/databases
US_ADVISORY_PROD,AZRG-ADV-DASSQL-PRD,DASEPF,adv-dassql1-prd-eus/eProfitFocus,Microsoft.Sql/servers/databases
US_ADVISORY_PROD,AZRG-ADV-DASSQL-PRD,DASEPF,adv-dassql1-prd-eus/epf-pool,Microsoft.Sql/servers/elasticpools
US_ENABLING_AREAS_PREPROD,AZRG-ENA-DASSQL-DEV,DASDSTART,ena-dassql1-dev-eus/dstart-pool,Microsoft.Sql/servers/elasticpools
US_ENABLING_AREAS_PREPROD,AZRG-ENA-DASSQL-QAS,DASDSTART,ena-dassql1-qas-eus/dstart-pool,Microsoft.Sql/servers/elasticpools
US_ENABLING_AREAS_PROD,AZRG-ENA-DASSQL-STG,DASDSTART,ena-dassql1-stg-eus/dstart-pool,Microsoft.Sql/servers/elasticpools
US_ENABLING_AREAS_PROD,AZRG-ENA-DASSQL-PRD,DASDSTART,ena-dassql1-prd-eus/dstart-pool,Microsoft.Sql/servers/elasticpools
US_ENABLING_AREAS_PREPROD,AZRG-ENA-DASSQL-DEV,DASDSTART,ena-dassql1-dev-eus/DStart,Microsoft.Sql/servers/databases
US_ENABLING_AREAS_PREPROD,AZRG-ENA-DASSQL-QAS,DASDSTART,ena-dassql1-qas-eus/DStart,Microsoft.Sql/servers/databases
US_ENABLING_AREAS_PROD,AZRG-ENA-DASSQL-STG,DASDSTART,ena-dassql1-stg-eus/DStart,Microsoft.Sql/servers/databases
US_ENABLING_AREAS_PROD,AZRG-ENA-DASSQL-PRD,DASDSTART,ena-dassql1-prd-eus/DStart,Microsoft.Sql/servers/databases
US_ENABLING_AREAS_PREPROD,AZRG-ENA-DASSQL-DEV,DASDLRN,ena-dassql1-dev-eus/dlearn-pool,Microsoft.Sql/servers/elasticpools
US_ENABLING_AREAS_PREPROD,AZRG-ENA-DASSQL-DEV,DASDLRN,ena-dassql1-dev-eus/DLearn,Microsoft.Sql/servers/databases
US_CONSULTING_PREPROD,AZRG-CON-DASSQL-DEV,DASRTCBP,con-dassql1-dev-eus/rtcbp-pool,Microsoft.Sql/servers/elasticpools
US_CONSULTING_PREPROD,AZRG-CON-DASSQL-DEV,DASRTCBP,con-dassql1-dev-eus/RTCBP,Microsoft.Sql/servers/databases
US_CONSULTING_PREPROD,AZRG-CON-DASSQL-QAS,DASRTCBP,con-dassql1-qas-eus/rtcbp-pool,Microsoft.Sql/servers/elasticpools
US_CONSULTING_PREPROD,AZRG-CON-DASSQL-QAS,DASRTCBP,con-dassql1-qas-eus/RTCBP,Microsoft.Sql/servers/databases
US_CONSULTING_PROD,AZRG-CON-DASSQL-STG,DASRTCBP,con-dassql1-stg-eus/rtcbp-pool,Microsoft.Sql/servers/elasticpools
US_CONSULTING_PROD,AZRG-CON-DASSQL-STG,DASRTCBP,con-dassql1-stg-eus/RTCBP,Microsoft.Sql/servers/databases
US_CONSULTING_PROD,AZRG-CON-DASSQL-PRD,DASRTCBP,con-dassql1-prd-eus/rtcbp-pool,Microsoft.Sql/servers/elasticpools
US_CONSULTING_PROD,AZRG-CON-DASSQL-PRD,DASRTCBP,con-dassql1-prd-eus/RTCBP,Microsoft.Sql/servers/databases
US_CONSULTING_PROD,AZRG-CON-DASSQL-PRD,DASRTCBP,con-dassql1-prd-wus/rtcbp-pool,Microsoft.Sql/servers/elasticpools
US_CONSULTING_PROD,AZRG-CON-DASSQL-PRD,DASRTCBP,con-dassql1-prd-wus/RTCBP,Microsoft.Sql/servers/databases
US_CONSULTING_PREPROD,AZRG-CON-DASSQL-DEV,DASRTCEDG,con-dassql1-dev-eus/rtcedg-pool,Microsoft.Sql/servers/elasticpools
US_CONSULTING_PREPROD,AZRG-CON-DASSQL-DEV,DASRTCEDG,con-dassql1-dev-eus/RTCEDG,Microsoft.Sql/servers/databases
US_CONSULTING_PREPROD,AZRG-CON-DASSQL-QAS,DASRTCEDG,con-dassql1-qas-eus/rtcedg-pool,Microsoft.Sql/servers/elasticpools
US_CONSULTING_PREPROD,AZRG-CON-DASSQL-QAS,DASRTCEDG,con-dassql1-qas-eus/RTCEDG,Microsoft.Sql/servers/databases
US_CONSULTING_PROD,AZRG-CON-DASSQL-STG,DASRTCEDG,con-dassql1-stg-eus/rtcedg-pool,Microsoft.Sql/servers/elasticpools
US_CONSULTING_PROD,AZRG-CON-DASSQL-STG,DASRTCEDG,con-dassql1-stg-eus/RTCEDG,Microsoft.Sql/servers/databases
US_CONSULTING_PROD,AZRG-CON-DASSQL-PRD,DASRTCEDG,con-dassql1-prd-eus/rtcedg-pool,Microsoft.Sql/servers/elasticpools
US_CONSULTING_PROD,AZRG-CON-DASSQL-PRD,DASRTCEDG,con-dassql1-prd-eus/RTCEDG,Microsoft.Sql/servers/databases
US_CONSULTING_PROD,AZRG-CON-DASSQL-PRD,DASRTCEDG,con-dassql1-prd-wus/rtcedg-pool,Microsoft.Sql/servers/elasticpools
US_CONSULTING_PROD,AZRG-CON-DASSQL-PRD,DASRTCEDG,con-dassql1-prd-wus/RTCEDG,Microsoft.Sql/servers/databases
US_CONSULTING_PREPROD,AZRG-CON-DASSQL-DEV,DASRTDDR,con-dassql1-dev-eus/rtddr-pool,Microsoft.Sql/servers/elasticpools
US_CONSULTING_PREPROD,AZRG-CON-DASSQL-DEV,DASRTDDR,con-dassql1-dev-eus/RTDDR,Microsoft.Sql/servers/databases
US_CONSULTING_PREPROD,AZRG-CON-DASSQL-QAS,DASRTDDR,con-dassql1-qas-eus/rtddr-pool,Microsoft.Sql/servers/elasticpools
US_CONSULTING_PREPROD,AZRG-CON-DASSQL-QAS,DASRTDDR,con-dassql1-qas-eus/RTDDR,Microsoft.Sql/servers/databases
US_CONSULTING_PROD,AZRG-CON-DASSQL-STG,DASRTDDR,con-dassql1-stg-eus/rtddr-pool,Microsoft.Sql/servers/elasticpools
US_CONSULTING_PROD,AZRG-CON-DASSQL-STG,DASRTDDR,con-dassql1-stg-eus/RTDDR,Microsoft.Sql/servers/databases
US_CONSULTING_PROD,AZRG-CON-DASSQL-PRD,DASRTDDR,con-dassql1-prd-eus/rtddr-pool,Microsoft.Sql/servers/elasticpools
US_CONSULTING_PROD,AZRG-CON-DASSQL-PRD,DASRTDDR,con-dassql1-prd-eus/RTDDR,Microsoft.Sql/servers/databases
US_CONSULTING_PROD,AZRG-CON-DASSQL-PRD,DASRTDDR,con-dassql1-prd-wus/rtddr-pool,Microsoft.Sql/servers/elasticpools
US_CONSULTING_PROD,AZRG-CON-DASSQL-PRD,DASRTDDR,con-dassql1-prd-wus/RTDDR,Microsoft.Sql/servers/databases
US_CONSULTING_PREPROD,AZRG-CON-DASSQL-DEV,DASRTDICE,con-dassql1-dev-eus/rtdice-pool,Microsoft.Sql/servers/elasticpools
US_CONSULTING_PREPROD,AZRG-CON-DASSQL-DEV,DASRTDICE,con-dassql1-dev-eus/RTDICE,Microsoft.Sql/servers/databases
US_CONSULTING_PREPROD,AZRG-CON-DASSQL-QAS,DASRTDICE,con-dassql1-qas-eus/rtdice-pool,Microsoft.Sql/servers/elasticpools
US_CONSULTING_PREPROD,AZRG-CON-DASSQL-QAS,DASRTDICE,con-dassql1-qas-eus/RTDICE,Microsoft.Sql/servers/databases
US_CONSULTING_PROD,AZRG-CON-DASSQL-STG,DASRTDICE,con-dassql1-stg-eus/rtdice-pool,Microsoft.Sql/servers/elasticpools
US_CONSULTING_PROD,AZRG-CON-DASSQL-STG,DASRTDICE,con-dassql1-stg-eus/RTDICE,Microsoft.Sql/servers/databases
US_CONSULTING_PROD,AZRG-CON-DASSQL-PRD,DASRTDICE,con-dassql1-prd-eus/rtdice-pool,Microsoft.Sql/servers/elasticpools
US_CONSULTING_PROD,AZRG-CON-DASSQL-PRD,DASRTDICE,con-dassql1-prd-eus/RTDICE,Microsoft.Sql/servers/databases
US_CONSULTING_PROD,AZRG-CON-DASSQL-PRD,DASRTDICE,con-dassql1-prd-wus/rtdice-pool,Microsoft.Sql/servers/elasticpools
US_CONSULTING_PROD,AZRG-CON-DASSQL-PRD,DASRTDICE,con-dassql1-prd-wus/RTDICE,Microsoft.Sql/servers/databases
US_CONSULTING_PREPROD,AZRG-CON-DASSQL-DEV,DASRTINTD,con-dassql1-dev-eus/rtintd-pool,Microsoft.Sql/servers/elasticpools
US_CONSULTING_PREPROD,AZRG-CON-DASSQL-DEV,DASRTINTD,con-dassql1-dev-eus/RTINTD,Microsoft.Sql/servers/databases
US_CONSULTING_PREPROD,AZRG-CON-DASSQL-QAS,DASRTINTD,con-dassql1-qas-eus/rtintd-pool,Microsoft.Sql/servers/elasticpools
US_CONSULTING_PREPROD,AZRG-CON-DASSQL-QAS,DASRTINTD,con-dassql1-qas-eus/RTINTD,Microsoft.Sql/servers/databases
US_CONSULTING_PROD,AZRG-CON-DASSQL-STG,DASRTINTD,con-dassql1-stg-eus/rtintd-pool,Microsoft.Sql/servers/elasticpools
US_CONSULTING_PROD,AZRG-CON-DASSQL-STG,DASRTINTD,con-dassql1-stg-eus/RTINTD,Microsoft.Sql/servers/databases
US_CONSULTING_PROD,AZRG-CON-DASSQL-PRD,DASRTINTD,con-dassql1-prd-eus/rtintd-pool,Microsoft.Sql/servers/elasticpools
US_CONSULTING_PROD,AZRG-CON-DASSQL-PRD,DASRTINTD,con-dassql1-prd-eus/RTINTD,Microsoft.Sql/servers/databases
US_CONSULTING_PROD,AZRG-CON-DASSQL-PRD,DASRTINTD,con-dassql1-prd-wus/rtintd-pool,Microsoft.Sql/servers/elasticpools
US_CONSULTING_PROD,AZRG-CON-DASSQL-PRD,DASRTINTD,con-dassql1-prd-wus/RTINTD,Microsoft.Sql/servers/databases
US_CONSULTING_PREPROD,AZRG-CON-DASSQL-DEV,DASRTMAI,con-dassql1-dev-eus/rtmai-pool,Microsoft.Sql/servers/elasticpools
US_CONSULTING_PREPROD,AZRG-CON-DASSQL-DEV,DASRTMAI,con-dassql1-dev-eus/RTMAI,Microsoft.Sql/servers/databases
US_CONSULTING_PREPROD,AZRG-CON-DASSQL-QAS,DASRTMAI,con-dassql1-qas-eus/rtmai-pool,Microsoft.Sql/servers/elasticpools
US_CONSULTING_PREPROD,AZRG-CON-DASSQL-QAS,DASRTMAI,con-dassql1-qas-eus/RTMAI,Microsoft.Sql/servers/databases
US_CONSULTING_PROD,AZRG-CON-DASSQL-STG,DASRTMAI,con-dassql1-stg-eus/rtmai-pool,Microsoft.Sql/servers/elasticpools
US_CONSULTING_PROD,AZRG-CON-DASSQL-STG,DASRTMAI,con-dassql1-stg-eus/RTMAI,Microsoft.Sql/servers/databases
US_CONSULTING_PROD,AZRG-CON-DASSQL-PRD,DASRTMAI,con-dassql1-prd-eus/rtmai-pool,Microsoft.Sql/servers/elasticpools
US_CONSULTING_PROD,AZRG-CON-DASSQL-PRD,DASRTMAI,con-dassql1-prd-eus/RTMAI,Microsoft.Sql/servers/databases
US_CONSULTING_PROD,AZRG-CON-DASSQL-PRD,DASRTMAI,con-dassql1-prd-wus/rtmai-pool,Microsoft.Sql/servers/elasticpools
US_CONSULTING_PROD,AZRG-CON-DASSQL-PRD,DASRTMAI,con-dassql1-prd-wus/RTMAI,Microsoft.Sql/servers/databases
US_CONSULTING_PREPROD,AZRG-CON-DASSQL-DEV,DASRTODA,con-dassql1-dev-eus/rtoda-pool,Microsoft.Sql/servers/elasticpools
US_CONSULTING_PREPROD,AZRG-CON-DASSQL-DEV,DASRTODA,con-dassql1-dev-eus/RTODA,Microsoft.Sql/servers/databases
US_CONSULTING_PREPROD,AZRG-CON-DASSQL-QAS,DASRTODA,con-dassql1-qas-eus/rtoda-pool,Microsoft.Sql/servers/elasticpools
US_CONSULTING_PREPROD,AZRG-CON-DASSQL-QAS,DASRTODA,con-dassql1-qas-eus/RTODA,Microsoft.Sql/servers/databases
US_CONSULTING_PROD,AZRG-CON-DASSQL-STG,DASRTODA,con-dassql1-stg-eus/rtoda-pool,Microsoft.Sql/servers/elasticpools
US_CONSULTING_PROD,AZRG-CON-DASSQL-STG,DASRTODA,con-dassql1-stg-eus/RTODA,Microsoft.Sql/servers/databases
US_CONSULTING_PROD,AZRG-CON-DASSQL-PRD,DASRTODA,con-dassql1-prd-eus/rtoda-pool,Microsoft.Sql/servers/elasticpools
US_CONSULTING_PROD,AZRG-CON-DASSQL-PRD,DASRTODA,con-dassql1-prd-eus/RTODA,Microsoft.Sql/servers/databases
US_CONSULTING_PROD,AZRG-CON-DASSQL-PRD,DASRTODA,con-dassql1-prd-wus/rtoda-pool,Microsoft.Sql/servers/elasticpools
US_CONSULTING_PROD,AZRG-CON-DASSQL-PRD,DASRTODA,con-dassql1-prd-wus/RTODA,Microsoft.Sql/servers/databases
US_CONSULTING_PREPROD,AZRG-CON-DASSQL-DEV,DASRTOMDA,con-dassql1-dev-eus/rtomda-pool,Microsoft.Sql/servers/elasticpools
US_CONSULTING_PREPROD,AZRG-CON-DASSQL-DEV,DASRTOMDA,con-dassql1-dev-eus/RTOMDA,Microsoft.Sql/servers/databases
US_CONSULTING_PREPROD,AZRG-CON-DASSQL-QAS,DASRTOMDA,con-dassql1-qas-eus/rtomda-pool,Microsoft.Sql/servers/elasticpools
US_CONSULTING_PREPROD,AZRG-CON-DASSQL-QAS,DASRTOMDA,con-dassql1-qas-eus/RTOMDA,Microsoft.Sql/servers/databases
US_CONSULTING_PROD,AZRG-CON-DASSQL-STG,DASRTOMDA,con-dassql1-stg-eus/rtomda-pool,Microsoft.Sql/servers/elasticpools
US_CONSULTING_PROD,AZRG-CON-DASSQL-STG,DASRTOMDA,con-dassql1-stg-eus/RTOMDA,Microsoft.Sql/servers/databases
US_CONSULTING_PROD,AZRG-CON-DASSQL-PRD,DASRTOMDA,con-dassql1-prd-eus/rtomda-pool,Microsoft.Sql/servers/elasticpools
US_CONSULTING_PROD,AZRG-CON-DASSQL-PRD,DASRTOMDA,con-dassql1-prd-eus/RTOMDA,Microsoft.Sql/servers/databases
US_CONSULTING_PROD,AZRG-CON-DASSQL-PRD,DASRTOMDA,con-dassql1-prd-wus/rtomda-pool,Microsoft.Sql/servers/elasticpools
US_CONSULTING_PROD,AZRG-CON-DASSQL-PRD,DASRTOMDA,con-dassql1-prd-wus/RTOMDA,Microsoft.Sql/servers/databases
US_CONSULTING_PREPROD,AZRG-CON-DASSQL-DEV,DASRTOMDA,con-dassql1-dev-eus/rtomda_dw-pool,Microsoft.Sql/servers/elasticpools
US_CONSULTING_PREPROD,AZRG-CON-DASSQL-DEV,DASRTOMDA,con-dassql1-dev-eus/RTOMDA_DW,Microsoft.Sql/servers/databases
US_CONSULTING_PREPROD,AZRG-CON-DASSQL-QAS,DASRTOMDA,con-dassql1-qas-eus/rtomda_dw-pool,Microsoft.Sql/servers/elasticpools
US_CONSULTING_PREPROD,AZRG-CON-DASSQL-QAS,DASRTOMDA,con-dassql1-qas-eus/RTOMDA_DW,Microsoft.Sql/servers/databases
US_CONSULTING_PROD,AZRG-CON-DASSQL-STG,DASRTOMDA,con-dassql1-stg-eus/rtomda_dw-pool,Microsoft.Sql/servers/elasticpools
US_CONSULTING_PROD,AZRG-CON-DASSQL-STG,DASRTOMDA,con-dassql1-stg-eus/RTOMDA_DW,Microsoft.Sql/servers/databases
US_CONSULTING_PROD,AZRG-CON-DASSQL-PRD,DASRTOMDA,con-dassql1-prd-eus/rtomda_dw-pool,Microsoft.Sql/servers/elasticpools
US_CONSULTING_PROD,AZRG-CON-DASSQL-PRD,DASRTOMDA,con-dassql1-prd-eus/RTOMDA_DW,Microsoft.Sql/servers/databases
US_CONSULTING_PROD,AZRG-CON-DASSQL-PRD,DASRTOMDA,con-dassql1-prd-wus/rtomda_dw-pool,Microsoft.Sql/servers/elasticpools
US_CONSULTING_PROD,AZRG-CON-DASSQL-PRD,DASRTOMDA,con-dassql1-prd-wus/RTOMDA_DW,Microsoft.Sql/servers/databases
US_CONSULTING_PREPROD,AZRG-CON-DASSQL-DEV,DASRTPIQ,con-dassql1-dev-eus/rtpiq-pool,Microsoft.Sql/servers/elasticpools
US_CONSULTING_PREPROD,AZRG-CON-DASSQL-DEV,DASRTPIQ,con-dassql1-dev-eus/RTPIQ,Microsoft.Sql/servers/databases
US_CONSULTING_PREPROD,AZRG-CON-DASSQL-QAS,DASRTPIQ,con-dassql1-qas-eus/rtpiq-pool,Microsoft.Sql/servers/elasticpools
US_CONSULTING_PREPROD,AZRG-CON-DASSQL-QAS,DASRTPIQ,con-dassql1-qas-eus/RTPIQ,Microsoft.Sql/servers/databases
US_CONSULTING_PROD,AZRG-CON-DASSQL-STG,DASRTPIQ,con-dassql1-stg-eus/rtpiq-pool,Microsoft.Sql/servers/elasticpools
US_CONSULTING_PROD,AZRG-CON-DASSQL-STG,DASRTPIQ,con-dassql1-stg-eus/RTPIQ,Microsoft.Sql/servers/databases
US_CONSULTING_PROD,AZRG-CON-DASSQL-PRD,DASRTPIQ,con-dassql1-prd-eus/rtpiq-pool,Microsoft.Sql/servers/elasticpools
US_CONSULTING_PROD,AZRG-CON-DASSQL-PRD,DASRTPIQ,con-dassql1-prd-eus/RTPIQ,Microsoft.Sql/servers/databases
US_CONSULTING_PROD,AZRG-CON-DASSQL-PRD,DASRTPIQ,con-dassql1-prd-wus/rtpiq-pool,Microsoft.Sql/servers/elasticpools
US_CONSULTING_PROD,AZRG-CON-DASSQL-PRD,DASRTPIQ,con-dassql1-prd-wus/RTPIQ,Microsoft.Sql/servers/databases
US_CONSULTING_PREPROD,AZRG-CON-DASSQL-DEV,DASRTSLOA,con-dassql1-dev-eus/rtsloa-pool,Microsoft.Sql/servers/elasticpools
US_CONSULTING_PREPROD,AZRG-CON-DASSQL-DEV,DASRTSLOA,con-dassql1-dev-eus/RTSLOA,Microsoft.Sql/servers/databases
US_CONSULTING_PREPROD,AZRG-CON-DASSQL-QAS,DASRTSLOA,con-dassql1-qas-eus/rtsloa-pool,Microsoft.Sql/servers/elasticpools
US_CONSULTING_PREPROD,AZRG-CON-DASSQL-QAS,DASRTSLOA,con-dassql1-qas-eus/RTSLOA,Microsoft.Sql/servers/databases
US_CONSULTING_PROD,AZRG-CON-DASSQL-STG,DASRTSLOA,con-dassql1-stg-eus/rtsloa-pool,Microsoft.Sql/servers/elasticpools
US_CONSULTING_PROD,AZRG-CON-DASSQL-STG,DASRTSLOA,con-dassql1-stg-eus/RTSLOA,Microsoft.Sql/servers/databases
US_CONSULTING_PROD,AZRG-CON-DASSQL-PRD,DASRTSLOA,con-dassql1-prd-eus/rtsloa-pool,Microsoft.Sql/servers/elasticpools
US_CONSULTING_PROD,AZRG-CON-DASSQL-PRD,DASRTSLOA,con-dassql1-prd-eus/RTSLOA,Microsoft.Sql/servers/databases
US_CONSULTING_PROD,AZRG-CON-DASSQL-PRD,DASRTSLOA,con-dassql1-prd-wus/rtsloa-pool,Microsoft.Sql/servers/elasticpools
US_CONSULTING_PROD,AZRG-CON-DASSQL-PRD,DASRTSLOA,con-dassql1-prd-wus/RTSLOA,Microsoft.Sql/servers/databases
US_CONSULTING_PREPROD,AZRG-CON-DASSQL-DEV,DASRTSYNE,con-dassql1-dev-eus/rtsyne-pool,Microsoft.Sql/servers/elasticpools
US_CONSULTING_PREPROD,AZRG-CON-DASSQL-DEV,DASRTSYNE,con-dassql1-dev-eus/RTSYNE,Microsoft.Sql/servers/databases
US_CONSULTING_PREPROD,AZRG-CON-DASSQL-QAS,DASRTSYNE,con-dassql1-qas-eus/rtsyne-pool,Microsoft.Sql/servers/elasticpools
US_CONSULTING_PREPROD,AZRG-CON-DASSQL-QAS,DASRTSYNE,con-dassql1-qas-eus/RTSYNE,Microsoft.Sql/servers/databases
US_CONSULTING_PROD,AZRG-CON-DASSQL-STG,DASRTSYNE,con-dassql1-stg-eus/rtsyne-pool,Microsoft.Sql/servers/elasticpools
US_CONSULTING_PROD,AZRG-CON-DASSQL-STG,DASRTSYNE,con-dassql1-stg-eus/RTSYNE,Microsoft.Sql/servers/databases
US_CONSULTING_PROD,AZRG-CON-DASSQL-PRD,DASRTSYNE,con-dassql1-prd-eus/rtsyne-pool,Microsoft.Sql/servers/elasticpools
US_CONSULTING_PROD,AZRG-CON-DASSQL-PRD,DASRTSYNE,con-dassql1-prd-eus/RTSYNE,Microsoft.Sql/servers/databases
US_CONSULTING_PROD,AZRG-CON-DASSQL-PRD,DASRTSYNE,con-dassql1-prd-wus/rtsyne-pool,Microsoft.Sql/servers/elasticpools
US_CONSULTING_PROD,AZRG-CON-DASSQL-PRD,DASRTSYNE,con-dassql1-prd-wus/RTSYNE,Microsoft.Sql/servers/databases
US_CONSULTING_PREPROD,AZRG-CON-DASSQL-DEV,DASRTTMAS,con-dassql1-dev-eus/rttmas-pool,Microsoft.Sql/servers/elasticpools
US_CONSULTING_PREPROD,AZRG-CON-DASSQL-DEV,DASRTTMAS,con-dassql1-dev-eus/RTTMAS,Microsoft.Sql/servers/databases
US_CONSULTING_PREPROD,AZRG-CON-DASSQL-QAS,DASRTTMAS,con-dassql1-qas-eus/rttmas-pool,Microsoft.Sql/servers/elasticpools
US_CONSULTING_PREPROD,AZRG-CON-DASSQL-QAS,DASRTTMAS,con-dassql1-qas-eus/RTTMAS,Microsoft.Sql/servers/databases
US_CONSULTING_PROD,AZRG-CON-DASSQL-STG,DASRTTMAS,con-dassql1-stg-eus/rttmas-pool,Microsoft.Sql/servers/elasticpools
US_CONSULTING_PROD,AZRG-CON-DASSQL-STG,DASRTTMAS,con-dassql1-stg-eus/RTTMAS,Microsoft.Sql/servers/databases
US_CONSULTING_PROD,AZRG-CON-DASSQL-PRD,DASRTTMAS,con-dassql1-prd-eus/rttmas-pool,Microsoft.Sql/servers/elasticpools
US_CONSULTING_PROD,AZRG-CON-DASSQL-PRD,DASRTTMAS,con-dassql1-prd-eus/RTTMAS,Microsoft.Sql/servers/databases
US_CONSULTING_PROD,AZRG-CON-DASSQL-PRD,DASRTTMAS,con-dassql1-prd-wus/rttmas-pool,Microsoft.Sql/servers/elasticpools
US_CONSULTING_PROD,AZRG-CON-DASSQL-PRD,DASRTTMAS,con-dassql1-prd-wus/RTTMAS,Microsoft.Sql/servers/databases
US_CONSULTING_PROD,AZRG-CON-DASSQL-STG,DASDCM,con-dassql1-stg-eus/dcm-pool,Microsoft.Sql/servers/elasticpools
US_CONSULTING_PROD,AZRG-CON-DASSQL-STG,DASDCM,con-dassql1-stg-eus/DCMDB,Microsoft.Sql/servers/databases
US_CONSULTING_PROD,AZRG-CON-DASSQL-PRD,DASDCM,con-dassql1-prd-eus/dcm-pool,Microsoft.Sql/servers/elasticpools
US_CONSULTING_PROD,AZRG-CON-DASSQL-PRD,DASDCM,con-dassql1-prd-eus/DCMDB,Microsoft.Sql/servers/databases
