{
  "$schema": "https://schema.management.azure.com/schemas/2015-01-01/deploymentParameters.json#",
  "contentVersion": "1.0.0.0",
  "parameters": {
    "projectCode": {
      "value": "*** Enter 3 to 6 digit project code"
    },
    "logsRetentionDays": {
      "value": 90
    },
    "environmentCode": {
      "value": "bcp"
    },
    "location": {
      "value": "East US"
    },
    "primaryRegion": {
      "value": "East US"
    },
    "workspaceId": {
      "value": "/subscriptions/**Subscription ID goes here **/resourcegroups/*** US_Function Name_PREPROD or PROD RG/providers/Microsoft.OperationalInsights/workspaces/**workspace name here"
    },
    "NetworkId": {
      "value": "/subscriptions/**Subscription ID goes here **/resourcegroups/*** US_Function Name_PREPROD or PROD RG/"
    },
    "secondaryRegion": {
      "value": "West US"
    },
    "api": {
      "value": "*** Choose one of the following: Sql,MongoDB, Cassandra, Gremlinm, Table"
    },
    "defaultConsistencyLevel": {
      "value": "Session"
    },
    "maxStalenessPrefix": {
      "value": 100000
    },
    "maxIntervalInSeconds": {
      "value": 300
    },
    "multipleWriteLocations": {
      "value": false
    },
    "automaticFailover": {
      "value": false
    }
  }
}