{
	"$schema": "https://schema.management.azure.com/schemas/2015-01-01/deploymentTemplate.json#",
	"contentVersion": "1.0.0.0",
	"parameters": {
		"projectCode": {
			"type": "string",
			"metadata": {
				"description": "The project 3 digits code"
			}
		},
		"environmentCode": {
			"type": "string",
			"metadata": {
				"description": "The environment 3 digits code"
			},
			"allowedValues": [
				"dev",
				"qas",
				"loa",
				"stg",
				"prd",
				"bcp"
			]
		},
		"location": {
			"type": "string",
			"defaultValue": "[resourceGroup().location]",
			"metadata": {
				"description": "Location for the Cosmos DB account."
			}
		},
		"logsRetentionDays": {
			"type": "int",
			"defaultValue": 0,
			"metadata": {
				"description": "Defines the number of logs retention days"
			}
		},
		"workspaceId": {
			"type": "string",
			"metadata": {
				"description": "Log Analytics workspace ID for the Log Analytics workspace to which logs will be sent."
			}
		},
		"NetworkId": {
			"type": "string",
			"metadata": {
				"description": "Resource ID of a subnet"
			}
		},
		"primaryRegion": {
			"type": "string",
			"metadata": {
				"description": "The primary replica region for the Cosmos DB account."
			}
		},
		"secondaryRegion": {
			"type": "string",
			"metadata": {
				"description": "The secondary replica region for the Cosmos DB account."
			}
		},
		"api": {
			"type": "string",
			"defaultValue": "Sql",
			"allowedValues": [
				"Sql",
				"MongoDB",
				"Cassandra",
				"Gremlin",
				"Table"
			],
			"metadata": {
				"description": "Cosmos DB account type."
			}
		},
		"defaultConsistencyLevel": {
			"type": "string",
			"defaultValue": "Session",
			"allowedValues": [
				"Eventual",
				"ConsistentPrefix",
				"Session",
				"BoundedStaleness",
				"Strong"
			],
			"metadata": {
				"description": "The default consistency level of the Cosmos DB account."
			}
		},
		"maxStalenessPrefix": {
			"type": "int",
			"defaultValue": 100000,
			"minValue": 10,
			"maxValue": 2147483647,
			"metadata": {
				"description": "Max stale requests. Required for BoundedStaleness. Valid ranges, Single Region: 10 to 1000000. Multi Region: 100000 to 1000000."
			}
		},
		"maxIntervalInSeconds": {
			"type": "int",
			"defaultValue": 300,
			"minValue": 5,
			"maxValue": 86400,
			"metadata": {
				"description": "Max lag time (seconds). Required for BoundedStaleness. Valid ranges, Single Region: 5 to 84600. Multi Region: 300 to 86400."
			}
		},
		"multipleWriteLocations": {
			"type": "bool",
			"defaultValue": false,
			"allowedValues": [
				true,
				false
			],
			"metadata": {
				"description": "Enable multi-master to make all regions writable."
			}
		},
		"automaticFailover": {
			"type": "bool",
			"defaultValue": false,
			"allowedValues": [
				true,
				false
			],
			"metadata": {
				"description": "Enable automatic failover for regions. Ignored when Multi-Master is enabled"
			}
		}
	},
	"variables": {
		"apiType": {
			"Sql": {
				"kind": "GlobalDocumentDB",
				"capabilities": []
			},
			"MongoDB": {
				"kind": "MongoDB",
				"capabilities": []
			},
			"Cassandra": {
				"kind": "GlobalDocumentDB",
				"capabilities": [
					{
						"name": "EnableCassandra"
					}
				]
			},
			"Gremlin": {
				"kind": "GlobalDocumentDB",
				"capabilities": [
					{
						"name": "EnableGremlin"
					}
				]
			},
			"Table": {
				"kind": "GlobalDocumentDB",
				"capabilities": [
					{
						"name": "EnableTable"
					}
				]
			}
		},
		"consistencyPolicy": {
			"Eventual": {
				"defaultConsistencyLevel": "Eventual"
			},
			"ConsistentPrefix": {
				"defaultConsistencyLevel": "ConsistentPrefix"
			},
			"Session": {
				"defaultConsistencyLevel": "Session"
			},
			"BoundedStaleness": {
				"defaultConsistencyLevel": "BoundedStaleness",
				"maxStalenessPrefix": "[parameters('maxStalenessPrefix')]",
				"maxIntervalInSeconds": "[parameters('maxIntervalInSeconds')]"
			},
			"Strong": {
				"defaultConsistencyLevel": "Strong"
			}
		},
		"locations": [
			{
				"locationName": "[parameters('primaryRegion')]",
				"failoverPriority": 0
			},
			{
				"locationName": "[parameters('secondaryRegion')]",
				"failoverPriority": 1
			}
		],
		"cosmosdbName": "[concat(first(parameters('environmentCode')), parameters('projectCode'), '-docDB')]",
		"logsRetentionEnabled": "[if(equals(parameters('logsRetentionDays'), 0), 'False', 'True')]"
	},
	"resources": [
		{
			"type": "Microsoft.DocumentDB/databaseAccounts",
			"apiVersion": "2016-03-31",
			"name": "[variables('cosmosdbName')]",
			"location": "[parameters('location')]",
			"kind": "[variables('apiType')[parameters('api')].kind]",
			"properties": {
				"consistencyPolicy": "[variables('consistencyPolicy')[parameters('defaultConsistencyLevel')]]",
				"locations": "[variables('locations')]",
				"databaseAccountOfferType": "Standard",
				"enableAutomaticFailover": "[parameters('automaticFailover')]",
				"capabilities": "[variables('apiType')[parameters('api')].capabilities]",
				"enableMultipleWriteLocations": "[parameters('multipleWriteLocations')]",
				"isVirtualNetworkFilterEnabled": "True",
				"virtualNetworkRules": [
					{
					  "id": "[parameters('NetworkId')]",
					  "ignoreMissingVNetServiceEndpoint": "False"
					}
				]
			},
			"resources": [
				{
					"type": "providers/diagnosticSettings",
					"name": "[concat('Microsoft.Insights/', 'service')]",
					"apiVersion": "2017-05-01-preview",
					"properties": {
						"name": "service",
						"workspaceId": "[parameters('workspaceId')]",
						"metrics": [
							{
								"category": "AllMetrics",
								"enabled": "True",
								"retentionPolicy": {
									"days": "[parameters('logsRetentionDays')]",
									"enabled": "[variables('logsRetentionEnabled')]"
								}
							}
						]
					}
				}
			]
		}
	],
	"outputs": {
		"cosmosdbName": {
			"type": "string",
			"value": "[variables('cosmosdbName')]"
		}
	}
}