{
	"name": "DS_ADLS_TALENT_QUALIFICATIONS",
	"properties": {
		"linkedServiceName": {
			"referenceName": "dslabdl",
			"type": "LinkedServiceReference"
		},
		"parameters": {
			"filePath": {
				"type": "String",
				"defaultValue": "/dtus/core/talent/qualifications/national/csv"
			},
			"fileName": {
				"type": "String",
				"defaultValue": "01.csv"
			}
		},
		"annotations": [],
		"type": "AzureDataLakeStoreFile",
		"structure": [
			{
				"name": "EMP_GBL_PERS_NBR",
				"type": "String"
			},
			{
				"name": "EMPLOYEE",
				"type": "String"
			},
			{
				"name": "QUAL_DATEFROM",
				"type": "DateTime",
				"format": "yyyy-MM-dd"
			},
			{
				"name": "QUAL_DATETO",
				"type": "DateTime",
				"format": "yyyy-MM-dd"
			},
			{
				"name": "QUAL_GROUP_HIERARCHY_LEVEL",
				"type": "Int32"
			},
			{
				"name": "QUAL_GROUP_HIERARCHY",
				"type": "String"
			},
			{
				"name": "QUAL_GROUP",
				"type": "String"
			},
			{
				"name": "QUAL_GROUP_TEXT",
				"type": "String"
			},
			{
				"name": "QUALIFICATION",
				"type": "String"
			},
			{
				"name": "QUAL_TEXT",
				"type": "String"
			},
			{
				"name": "QUAL_PERSON_NUMBER",
				"type": "String"
			},
			{
				"name": "QUAL_PROFICIENCY",
				"type": "String"
			},
			{
				"name": "QUAL_PROFICIENCY_TEXT",
				"type": "String"
			},
			{
				"name": "QUAL_SCALE",
				"type": "String"
			},
			{
				"name": "QUAL_SCALE_TEXT",
				"type": "String"
			}
		],
		"typeProperties": {
			"format": {
				"type": "TextFormat",
				"columnDelimiter": ",",
				"rowDelimiter": "",
				"quoteChar": "\"",
				"nullValue": "",
				"treatEmptyAsNull": true,
				"skipLineCount": 0,
				"firstRowAsHeader": true
			},
			"fileName": {
				"value": "@dataset().fileName",
				"type": "Expression"
			},
			"folderPath": {
				"value": "@dataset().filePath",
				"type": "Expression"
			}
		}
	},
	"type": "Microsoft.DataFactory/factories/datasets"
}