{
	"name": "DS_ADLS_MCE_CMO_COMPETITIVE_POSITIONING_CAMPAIGN",
	"properties": {
		"linkedServiceName": {
			"referenceName": "dslabdl",
			"type": "LinkedServiceReference"
		},
		"annotations": [],
		"type": "AzureDataLakeStoreFile",
		"structure": [
			{
				"name": "FISCAL_YEAR",
				"type": "Int32"
			},
			{
				"name": "RowsCount",
				"type": "Int32"
			},
			{
				"name": "ACTUAL_COST",
				"type": "DECIMAL"
			}
		],
		"typeProperties": {
			"format": {
				"type": "TextFormat",
				"columnDelimiter": ",",
				"rowDelimiter": "",
				"quoteChar": "\"",
				"nullValue": "",
				"treatEmptyAsNull": true,
				"skipLineCount": 0,
				"firstRowAsHeader": true
			},
			"fileName": "mce_cmo_competitive_positioning_campaign.csv",
			"folderPath": "/dtus/core/management/mce/reconciliation/csv/"
		}
	},
	"type": "Microsoft.DataFactory/factories/datasets"
}