{
	"name": "DS_ADLS_SABA_LEARNING_CATALOG_ITEM",
	"properties": {
		"linkedServiceName": {
			"referenceName": "dslabdl",
			"type": "LinkedServiceReference"
		},
		"parameters": {
			"filePath": {
				"type": "String",
				"defaultValue": "/dtus/core/learning/catalog_item/csv"
			},
			"fileName": {
				"type": "String",
				"defaultValue": "catalog_item_master.csv"
			}
		},
		"annotations": [],
		"type": "AzureDataLakeStoreFile",
		"structure": [
			{
				"name": "CATALOGITEM_COURSE_TITLE",
				"type": "String"
			},
			{
				"name": "CATALOGITEM_ID",
				"type": "String"
			},
			{
				"name": "CATALOGITEM_CREATED_BY",
				"type": "String"
			},
			{
				"name": "CATALOGITEM_CREATION_DATE",
				"type": "DateTime",
				"format": "yyyy-MM-dd"
			},
			{
				"name": "CATALOGITEM_AVAILABLE_DATE",
				"type": "DateTime",
				"format": "yyyy-MM-dd"
			},
			{
				"name": "CATALOGITEM_DISPLAY_STATUS",
				"type": "String"
			},
			{
				"name": "CATALOGITEM_DISCONTINUE_DATE",
				"type": "DateTime",
				"format": "yyyy-MM-dd"
			},
			{
				"name": "CATALOGITEM_SECURITY_DOMAIN",
				"type": "String"
			},
			{
				"name": "CATALOGITEM_MEDIA",
				"type": "String"
			},
			{
				"name": "CATALOGITEM_DESCRIPTION",
				"type": "String"
			},
			{
				"name": "CATALOGITEM_ACTIVE_STATUS",
				"type": "String"
			},
			{
				"name": "CATALOGITEM_COURSE_NUMBER",
				"type": "String"
			},
			{
				"name": "CATALOGITEM_COURSE_CATEGORY",
				"type": "String"
			},
			{
				"name": "CATALOGITEM_VERSION",
				"type": "String"
			},
			{
				"name": "CATALOGITEM_CPE_NUMBER",
				"type": "String"
			},
			{
				"name": "CATALOGITEM_COURSE_SPONSOR",
				"type": "String"
			},
			{
				"name": "CATALOGITEM_INTENDED_AUDIENCE",
				"type": "String"
			},
			{
				"name": "CATALOGITEM_AUDIENCE",
				"type": "String"
			},
			{
				"name": "CATALOGITEM_CPE_ACCREDITATION",
				"type": "String"
			},
			{
				"name": "CATALOGITEM_COURSE_CONTACT",
				"type": "String"
			},
			{
				"name": "CATALOGITEM_COURSE_VENDOR_NAME",
				"type": "String"
			},
			{
				"name": "CATALOGITEM_LEARNING_HOURS",
				"type": "Single"
			},
			{
				"name": "CATALOGITEM_CUSTOM10",
				"type": "String"
			},
			{
				"name": "CATALOGITEM_CUSTOM11",
				"type": "String"
			},
			{
				"name": "CATALOGITEM_COURSE_OWNER",
				"type": "String"
			},
			{
				"name": "CATALOGITEM_DEVELOP_DELIV_TYPE",
				"type": "String"
			},
			{
				"name": "CATALOGITEM_ID_PREV_USAGE",
				"type": "String"
			},
			{
				"name": "CATALOGITEM_COURSE_AUDIENCE_TYPE",
				"type": "String"
			},
			{
				"name": "CATALOGITEM_FULL_DELIVERY_TYPE",
				"type": "String"
			},
			{
				"name": "UNASSIGNED",
				"type": "Int32"
			},
			{
				"name": "TIPL_TECHNICAL_PERCENT",
				"type": "Single"
			},
			{
				"name": "TIPL_INDUSTRY_PERCENT",
				"type": "Single"
			},
			{
				"name": "TIPL_PROFESSIONAL_PERCENT",
				"type": "Single"
			},
			{
				"name": "TIPL_LEADERSHIP_PERCENT",
				"type": "Single"
			},
			{
				"name": "TIPL_UNASSIGNED_PERCENT",
				"type": "Single"
			},
			{
				"name": "IS_BEARINGPOINT_COURSE",
				"type": "String"
			},
			{
				"name": "CATALOGITEM_CPE_HOURS",
				"type": "String"
			},
			{
				"name": "CATALOGITEM_CPE_SUBJECT_AREA",
				"type": "String"
			},
			{
				"name": "CATALOGITEM_CPE_FLAG",
				"type": "String"
			},
			{
				"name": "CATALOGITEM_CPE_HOURS_OLD",
				"type": "Single"
			},
			{
				"name": "CATALOGITEM_CPE_SUBJECT_AREA_OLD",
				"type": "String"
			}
		],
		"typeProperties": {
			"format": {
				"type": "TextFormat",
				"columnDelimiter": ",",
				"rowDelimiter": "",
				"quoteChar": "\"",
				"nullValue": "",
				"treatEmptyAsNull": true,
				"skipLineCount": 0,
				"firstRowAsHeader": true
			},
			"fileName": {
				"value": "@dataset().fileName",
				"type": "Expression"
			},
			"folderPath": {
				"value": "@dataset().filePath",
				"type": "Expression"
			}
		}
	},
	"type": "Microsoft.DataFactory/factories/datasets"
}