{
	"name": "DS_ADLS_PARENT_CLIENT_PRQ",
	"properties": {
		"linkedServiceName": {
			"referenceName": "dslabdl",
			"type": "LinkedServiceReference"
		},
		"annotations": [],
		"type": "AzureDataLakeStoreFile",
		"structure": [
			{
				"name": "PARENT_CLIENT",
				"type": "String"
			},
			{
				"name": "PARENT_CLIENT_TEXT",
				"type": "String"
			},
			{
				"name": "PARENT_CLIENT_LEGACY",
				"type": "String"
			},
			{
				"name": "PARENT_DUNS_NBR",
				"type": "String"
			},
			{
				"name": "PARENT_DUNS_NBR_TEXT",
				"type": "String"
			},
			{
				"name": "PARENT_CLIENT_PROGRAM",
				"type": "String"
			},
			{
				"name": "PARENT_CLIENT_PROGRAM_TEXT",
				"type": "String"
			},
			{
				"name": "PARENT_AUD_PROGRAM",
				"type": "String"
			},
			{
				"name": "PARENT_CONS_PROGRAM",
				"type": "String"
			},
			{
				"name": "PARENT_TAX_PROGRAM",
				"type": "String"
			},
			{
				"name": "PARENT_ADV_PROGRAM",
				"type": "String"
			},
			{
				"name": "PARENT_GLOBAL_PORTFOLIO",
				"type": "String"
			},
			{
				"name": "PARENT_DGES",
				"type": "String"
			},
			{
				"name": "PARENT_DGES_TEXT",
				"type": "String"
			},
			{
				"name": "PARENT_AUD_PRIORITY",
				"type": "String"
			},
			{
				"name": "PARENT_CONS_PRIORITY",
				"type": "String"
			},
			{
				"name": "PARENT_TAX_PRIORITY",
				"type": "String"
			},
			{
				"name": "PARENT_ADV_PRIORITY",
				"type": "String"
			},
			{
				"name": "PARENT_PRIORITY_R",
				"type": "String"
			},
			{
				"name": "PARENT_FEDERAL_FLAG",
				"type": "String"
			},
			{
				"name": "PARENT_COMPANY_TYPE",
				"type": "String"
			},
			{
				"name": "PARENT_COMPANY_TYPE_TEXT",
				"type": "String"
			},
			{
				"name": "PARENT_NAICS",
				"type": "String"
			},
			{
				"name": "PARENT_NAICS_TEXT",
				"type": "String"
			},
			{
				"name": "PARENT_SIC",
				"type": "String"
			},
			{
				"name": "PARENT_SIC_TEXT",
				"type": "String"
			},
			{
				"name": "PARENT_INDUSTRY",
				"type": "String"
			},
			{
				"name": "PARENT_INDUSTRY_TEXT",
				"type": "String"
			},
			{
				"name": "PARENT_SECTOR",
				"type": "String"
			},
			{
				"name": "PARENT_SECTOR_TEXT",
				"type": "String"
			},
			{
				"name": "PARENT_SUB_SECTOR",
				"type": "String"
			},
			{
				"name": "PARENT_SUB_SECTOR_TEXT",
				"type": "String"
			},
			{
				"name": "PARENT_CITY",
				"type": "String"
			},
			{
				"name": "PARENT_STATE",
				"type": "String"
			},
			{
				"name": "PARENT_REGION",
				"type": "String"
			},
			{
				"name": "PARENT_REGION_TEXT",
				"type": "String"
			},
			{
				"name": "PARENT_OFFICE",
				"type": "String"
			},
			{
				"name": "PARENT_OFFICE_TEXT",
				"type": "String"
			},
			{
				"name": "PARENT_OFFICE_GROUP",
				"type": "String"
			},
			{
				"name": "PARENT_OFFICE_GROUP_TEXT",
				"type": "String"
			},
			{
				"name": "PARENT_ATTEST_FLAG",
				"type": "String"
			},
			{
				"name": "PARENT_ATTEST_STATUS",
				"type": "String"
			},
			{
				"name": "PARENT_ATTEST_STATUS_TEXT",
				"type": "String"
			},
			{
				"name": "PARENT_ATTEST_RELATIONSHIP",
				"type": "String"
			},
			{
				"name": "PARENT_ATTEST_RELATIONSHIP_TEXT",
				"type": "String"
			},
			{
				"name": "PARENT_MARKET_SIZE",
				"type": "String"
			},
			{
				"name": "PARENT_LCSP",
				"type": "String"
			},
			{
				"name": "PARENT_LCSP_TEXT",
				"type": "String"
			},
			{
				"name": "PARENT_LBP_AUD",
				"type": "String"
			},
			{
				"name": "PARENT_LBP_AUD_TEXT",
				"type": "String"
			},
			{
				"name": "PARENT_LBP_AUD_TYPE",
				"type": "String"
			},
			{
				"name": "PARENT_LBP_CONS",
				"type": "String"
			},
			{
				"name": "PARENT_LBP_CONS_TEXT",
				"type": "String"
			},
			{
				"name": "PARENT_LBP_CONS_TYPE",
				"type": "String"
			},
			{
				"name": "PARENT_LBP_TAX",
				"type": "String"
			},
			{
				"name": "PARENT_LBP_TAX_TEXT",
				"type": "String"
			},
			{
				"name": "PARENT_LBP_TAX_TYPE",
				"type": "String"
			},
			{
				"name": "PARENT_LBP_ADV",
				"type": "String"
			},
			{
				"name": "PARENT_LBP_ADV_TEXT",
				"type": "String"
			},
			{
				"name": "PARENT_LBP_ADV_TYPE",
				"type": "String"
			},
			{
				"name": "PARENT_FORTUNE1000_RANK",
				"type": "String"
			},
			{
				"name": "PARENT_FORBES_PRIVATE_RANK",
				"type": "String"
			}
		],
		"typeProperties": {
			"format": {
				"type": "ParquetFormat"
			},
			"fileName": "parent_client.parquet",
			"folderPath": "/dtus/core/masterdata/parent_client/parquet"
		}
	},
	"type": "Microsoft.DataFactory/factories/datasets"
}