{
	"name": "DS_ADLS_MERCURY_OPEN_CLOSE_OPP_SNAPSHOT",
	"properties": {
		"linkedServiceName": {
			"referenceName": "dslabdl",
			"type": "LinkedServiceReference"
		},
		"parameters": {
			"fileName": {
				"type": "String",
				"defaultValue": "2018011.csv"
			},
			"filePath": {
				"type": "String",
				"defaultValue": "/dtus/core/mercury/snapshot/national/csv"
			}
		},
		"annotations": [],
		"type": "AzureDataLakeStoreFile",
		"structure": [
			{
				"name": "SNAPSHOT_START_DATE",
				"type": "DateTime",
				"format": "yyyy-MM-dd"
			},
			{
				"name": "SNAPSHOT_TS",
				"type": "DateTime",
				"format": "yyyy-MM-dd"
			},
			{
				"name": "SNAPSHOT_FISCAL_YEAR",
				"type": "String"
			},
			{
				"name": "SNAPSHOT_FISCAL_YEAR_PERIOD",
				"type": "String"
			},
			{
				"name": "OPPORTUNITY_OPEN_CLOSED_INDICATOR",
				"type": "String"
			},
			{
				"name": "OPPORTUNITY_ID",
				"type": "String"
			},
			{
				"name": "OPPORTUNITY_NAME",
				"type": "String"
			},
			{
				"name": "OPPORTUNITY_DESC",
				"type": "String"
			},
			{
				"name": "COMPETITOR_ID",
				"type": "Int32"
			},
			{
				"name": "CLIENT_ID",
				"type": "String"
			},
			{
				"name": "CLIENT_ID_ON_OPP_CLOSE_DATE",
				"type": "String"
			},
			{
				"name": "CLIENT_NAME_ON_OPP_CLOSE_DATE",
				"type": "String"
			},
			{
				"name": "CLONED_OPPORTUNITY_ID",
				"type": "String"
			},
			{
				"name": "ORIGINAL_OPPORTUNITY_ID_FOLLOW_ON",
				"type": "String"
			},
			{
				"name": "PULL_THROUGH_OPPORTUNITY_FLG",
				"type": "String"
			},
			{
				"name": "ORIGINAL_OPPORTUNITY_ID_PULL_THROUGH",
				"type": "String"
			},
			{
				"name": "ORIGINAL_OPPORTUNITY_NAME_PULL_THROUGH",
				"type": "String"
			},
			{
				"name": "RECURRING_OPPORTUNITY_FLG",
				"type": "String"
			},
			{
				"name": "FOLLOW_ON_OPPORTUNITY_FLG",
				"type": "String"
			},
			{
				"name": "RTRAK_ID",
				"type": "String"
			},
			{
				"name": "FISCAL_YEAR",
				"type": "String"
			},
			{
				"name": "FISCAL_YEAR_ON_CREATED_DATE",
				"type": "String"
			},
			{
				"name": "FISCAL_YEAR_ON_EXPECTED_CLOSED_DATE",
				"type": "String"
			},
			{
				"name": "FISCAL_YEAR_ON_OPP_START",
				"type": "String"
			},
			{
				"name": "FISCAL_YEAR_ON_PHASE",
				"type": "String"
			},
			{
				"name": "FISCAL_YEAR_ON_PROJECT_START",
				"type": "String"
			},
			{
				"name": "FISCAL_YEAR_ON_PROJECT_END",
				"type": "String"
			},
			{
				"name": "FISCAL_YEAR_PERIOD",
				"type": "String"
			},
			{
				"name": "FISCAL_YEAR_PERIOD_RPT",
				"type": "String"
			},
			{
				"name": "FISCAL_PERIOD_ON_OPP_CREATED_DATE",
				"type": "String"
			},
			{
				"name": "FISCAL_PERIOD_ON_EXPECTED_CLOSE_DATE",
				"type": "String"
			},
			{
				"name": "FISCAL_PERIOD_ON_OPP_START",
				"type": "String"
			},
			{
				"name": "FISCAL_PERIOD_ON_PHASE_SINCE",
				"type": "String"
			},
			{
				"name": "FISCAL_PERIOD_ON_PROJECT_START",
				"type": "String"
			},
			{
				"name": "FISCAL_PERIOD_ON_PROJECT_END",
				"type": "String"
			},
			{
				"name": "FISCAL_YEAR_PERIOD_ON_OPP_CREATED_DATE",
				"type": "String"
			},
			{
				"name": "FISCAL_YEAR_PERIOD_ON_OPP_CREATED_DATE_RPT",
				"type": "String"
			},
			{
				"name": "FISCAL_YEAR_PERIOD_ON_EXPECTED_CLOSE_DATE_RPT",
				"type": "String"
			},
			{
				"name": "FISCAL_YEAR_PERIOD_ON_EXPECTED_CLOSE_DATE",
				"type": "String"
			},
			{
				"name": "FISCAL_YEAR_PERIOD_ON_OPP_START",
				"type": "String"
			},
			{
				"name": "FISCAL_YEAR_PERIOD_ON_OPP_START_RPT",
				"type": "String"
			},
			{
				"name": "FISCAL_YEAR_PERIOD_ON_PHASE",
				"type": "String"
			},
			{
				"name": "FISCAL_YEAR_PERIOD_ON_PHASE_RPT",
				"type": "String"
			},
			{
				"name": "FISCAL_YEAR_PERIOD_ON_PROJECT_START",
				"type": "String"
			},
			{
				"name": "FISCAL_YEAR_PERIOD_ON_PROJECT_START_RPT",
				"type": "String"
			},
			{
				"name": "FISCAL_YEAR_PERIOD_ON_PROJECT_END",
				"type": "String"
			},
			{
				"name": "FISCAL_YEAR_PERIOD_ON_PROJECT_END_RPT",
				"type": "String"
			},
			{
				"name": "FISCAL_VARIANT",
				"type": "String"
			},
			{
				"name": "MO",
				"type": "String"
			},
			{
				"name": "MO_TEXT",
				"type": "String"
			},
			{
				"name": "MO_CATEGORY",
				"type": "String"
			},
			{
				"name": "MO_CATEGORY_TEXT",
				"type": "String"
			},
			{
				"name": "MO_SOLUTION",
				"type": "String"
			},
			{
				"name": "MO_SOLUTION_TEXT",
				"type": "String"
			},
			{
				"name": "MO_SUB_SOLUTION",
				"type": "String"
			},
			{
				"name": "MO_SUB_SOLUTION_TEXT",
				"type": "String"
			},
			{
				"name": "MO_TPNSR_VALUE",
				"type": "Decimal"
			},
			{
				"name": "MO_VALUE",
				"type": "Decimal"
			},
			{
				"name": "PHASE",
				"type": "String"
			},
			{
				"name": "PHASE_NAME",
				"type": "String"
			},
			{
				"name": "PHASE_REASON_CODE",
				"type": "String"
			},
			{
				"name": "PERIOD_WON_LOSS_ABANDONED",
				"type": "String"
			},
			{
				"name": "DATE_WON_LOSS_ABANDONED",
				"type": "DateTime",
				"format": "yyyy-MM-dd"
			},
			{
				"name": "START_DATE_OF_CURRENT_PHASE",
				"type": "DateTime",
				"format": "yyyy-MM-dd"
			},
			{
				"name": "FSS_LEAD_CODE",
				"type": "String"
			},
			{
				"name": "FSS_LEAD_PERSONNEL_NAME",
				"type": "String"
			},
			{
				"name": "PURSUIT_COACH_CODE",
				"type": "String"
			},
			{
				"name": "PURSUIT_COACH_NAME",
				"type": "String"
			},
			{
				"name": "PURSUIT_LEADER",
				"type": "String"
			},
			{
				"name": "PURSUIT_LEADER_NAME",
				"type": "String"
			},
			{
				"name": "PURSUIT_START_DATE",
				"type": "DateTime",
				"format": "yyyy-MM-dd"
			},
			{
				"name": "REVENUE_RECOGNITION_PATTERN_CODE",
				"type": "String"
			},
			{
				"name": "SUBCONTRACTOR_1_ID",
				"type": "String"
			},
			{
				"name": "SUBCONTRACTOR_1_NAME",
				"type": "String"
			},
			{
				"name": "WORK_GEOGRAPHY",
				"type": "String"
			},
			{
				"name": "WORK_REGION",
				"type": "String"
			},
			{
				"name": "WORK_REGION_TEXT",
				"type": "String"
			},
			{
				"name": "OPP_CLOSE_DATE_EXPECTED",
				"type": "DateTime",
				"format": "yyyy-MM-dd"
			},
			{
				"name": "PROJECT_END_DATE",
				"type": "DateTime",
				"format": "yyyy-MM-dd"
			},
			{
				"name": "PROJECT_START_DATE",
				"type": "DateTime",
				"format": "yyyy-MM-dd"
			},
			{
				"name": "DPS_CLIENT_ACCNT_GRP",
				"type": "String"
			},
			{
				"name": "DPS_CLIENT_ACCNT_GRP_TEXT",
				"type": "String"
			},
			{
				"name": "DPS_CLIENT_ALT_SECTOR",
				"type": "String"
			},
			{
				"name": "DPS_CLIENT_ALT_SECTOR_TEXT",
				"type": "String"
			},
			{
				"name": "DPS_CLIENT_ATTEST_FLAG",
				"type": "String"
			},
			{
				"name": "DPS_CLIENT_CITY",
				"type": "String"
			},
			{
				"name": "DPS_CLIENT_CLIENT_CREATE_DATE",
				"type": "String"
			},
			{
				"name": "DPS_CLIENT_CONS_ALT_INDUSTRY",
				"type": "String"
			},
			{
				"name": "DPS_CLIENT_CONS_ALT_INDUSTRY_TEXT",
				"type": "String"
			},
			{
				"name": "DPS_CLIENT_CONS_ALT_SECTOR",
				"type": "String"
			},
			{
				"name": "DPS_CLIENT_CONS_ALT_SECTOR_TEXT",
				"type": "String"
			},
			{
				"name": "DPS_CLIENT_CONS_ALT_SIC",
				"type": "String"
			},
			{
				"name": "DPS_CLIENT_CONS_ALT_SIC_TEXT",
				"type": "String"
			},
			{
				"name": "DPS_CLIENT_CONS_ALT_SUB_SECTOR",
				"type": "String"
			},
			{
				"name": "DPS_CLIENT_CONS_ALT_SUB_SECTOR_TEXT",
				"type": "String"
			},
			{
				"name": "DPS_CLIENT_COUNTRY",
				"type": "String"
			},
			{
				"name": "DPS_CLIENT_DGMF_ID",
				"type": "String"
			},
			{
				"name": "DPS_CLIENT_DOM_ULT_DUNS",
				"type": "String"
			},
			{
				"name": "DPS_CLIENT_DOM_ULT_DUNS_TEXT",
				"type": "String"
			},
			{
				"name": "DPS_CLIENT_DUNS",
				"type": "String"
			},
			{
				"name": "DPS_CLIENT_DUNS_TEXT",
				"type": "String"
			},
			{
				"name": "DPS_CLIENT_INDEP_STATUS",
				"type": "String"
			},
			{
				"name": "DPS_CLIENT_INDUSTRY",
				"type": "String"
			},
			{
				"name": "DPS_CLIENT_INDUSTRY_TEXT",
				"type": "String"
			},
			{
				"name": "DPS_CLIENT_LCSP",
				"type": "String"
			},
			{
				"name": "DPS_CLIENT_LCSP_TEXT",
				"type": "String"
			},
			{
				"name": "DPS_CLIENT_LEP_A",
				"type": "String"
			},
			{
				"name": "DPS_CLIENT_LEP_A_TEXT",
				"type": "String"
			},
			{
				"name": "DPS_CLIENT_LEP_C",
				"type": "String"
			},
			{
				"name": "DPS_CLIENT_LEP_C_TEXT",
				"type": "String"
			},
			{
				"name": "DPS_CLIENT_LEP_F",
				"type": "String"
			},
			{
				"name": "DPS_CLIENT_LEP_F_TEXT",
				"type": "String"
			},
			{
				"name": "DPS_CLIENT_LEP_T",
				"type": "String"
			},
			{
				"name": "DPS_CLIENT_LEP_T_TEXT",
				"type": "String"
			},
			{
				"name": "DPS_CLIENT_NAME",
				"type": "String"
			},
			{
				"name": "DPS_CLIENT_OFFICE",
				"type": "String"
			},
			{
				"name": "DPS_CLIENT_OFFICE_TEXT",
				"type": "String"
			},
			{
				"name": "DPS_CLIENT_REGION",
				"type": "String"
			},
			{
				"name": "DPS_CLIENT_REGION_TEXT",
				"type": "String"
			},
			{
				"name": "DPS_CLIENT_SEC_FILER",
				"type": "String"
			},
			{
				"name": "DPS_CLIENT_SIC",
				"type": "String"
			},
			{
				"name": "DPS_CLIENT_SIC_TEXT",
				"type": "String"
			},
			{
				"name": "DPS_CLIENT_STATE",
				"type": "String"
			},
			{
				"name": "DPS_CLIENT_SUB_SECTOR",
				"type": "String"
			},
			{
				"name": "DPS_CLIENT_SUB_SECTOR_TEXT",
				"type": "String"
			},
			{
				"name": "DPS_CLIENT_ZIPCODE",
				"type": "String"
			},
			{
				"name": "LEP_AERS_S4_COMP_CODE",
				"type": "String"
			},
			{
				"name": "LEP_AERS_COMP_CODE_DESC",
				"type": "String"
			},
			{
				"name": "LEP_AERS_JOB",
				"type": "String"
			},
			{
				"name": "LEP_AERS_JOB_DESC",
				"type": "String"
			},
			{
				"name": "LEP_AERS_CCLUSTER",
				"type": "String"
			},
			{
				"name": "LEP_AERS_PHR_REGION_DESC",
				"type": "String"
			},
			{
				"name": "LEP_AERS_PERS_AREA",
				"type": "String"
			},
			{
				"name": "LEP_AERS_PERS_AREA_DESC",
				"type": "String"
			},
			{
				"name": "LEP_AERS_PRIMARY_INDUSTRY",
				"type": "String"
			},
			{
				"name": "LEP_AERS_PRIMARY_INDUSTRY_DESC",
				"type": "String"
			},
			{
				"name": "LEP_AERS_PHR_OFFICE",
				"type": "String"
			},
			{
				"name": "LEP_AERS_PHR_OFFICE_DESC",
				"type": "String"
			},
			{
				"name": "LEP_TAX_S4_COMP_CODE",
				"type": "String"
			},
			{
				"name": "LEP_TAX_COMP_CODE_DESC",
				"type": "String"
			},
			{
				"name": "LEP_TAX_JOB",
				"type": "String"
			},
			{
				"name": "LEP_TAX_JOB_DESC",
				"type": "String"
			},
			{
				"name": "LEP_TAX_CCLUSTER",
				"type": "String"
			},
			{
				"name": "LEP_TAX_PHR_REGION_DESC",
				"type": "String"
			},
			{
				"name": "LEP_TAX_PERS_AREA",
				"type": "String"
			},
			{
				"name": "LEP_TAX_PERS_AREA_DESC",
				"type": "String"
			},
			{
				"name": "LEP_TAX_PRIMARY_INDUSTRY",
				"type": "String"
			},
			{
				"name": "LEP_TAX_PRIMARY_INDUSTRY_DESC",
				"type": "String"
			},
			{
				"name": "LEP_TAX_PHR_OFFICE",
				"type": "String"
			},
			{
				"name": "LEP_TAX_PHR_OFFICE_DESC",
				"type": "String"
			},
			{
				"name": "LEP_FAS_S4_COMP_CODE",
				"type": "String"
			},
			{
				"name": "LEP_FAS_COMP_CODE_DESC",
				"type": "String"
			},
			{
				"name": "LEP_FAS_JOB",
				"type": "String"
			},
			{
				"name": "LEP_FAS_JOB_DESC",
				"type": "String"
			},
			{
				"name": "LEP_FAS_CCLUSTER",
				"type": "String"
			},
			{
				"name": "LEP_FAS_PHR_REGION_DESC",
				"type": "String"
			},
			{
				"name": "LEP_FAS_PERS_AREA",
				"type": "String"
			},
			{
				"name": "LEP_FAS_PERS_AREA_DESC",
				"type": "String"
			},
			{
				"name": "LEP_FAS_PRIMARY_INDUSTRY",
				"type": "String"
			},
			{
				"name": "LEP_FAS_PRIMARY_INDUSTRY_DESC",
				"type": "String"
			},
			{
				"name": "LEP_FAS_PHR_OFFICE",
				"type": "String"
			},
			{
				"name": "LEP_FAS_PHR_OFFICE_DESC",
				"type": "String"
			},
			{
				"name": "LEP_DC_S4_COMP_CODE",
				"type": "String"
			},
			{
				"name": "LEP_DC_COMP_CODE_DESC",
				"type": "String"
			},
			{
				"name": "LEP_DC_JOB",
				"type": "String"
			},
			{
				"name": "LEP_DC_JOB_DESC",
				"type": "String"
			},
			{
				"name": "LEP_DC_CCLUSTER",
				"type": "String"
			},
			{
				"name": "LEP_DC_PHR_REGION_DESC",
				"type": "String"
			},
			{
				"name": "LEP_DC_PERS_AREA",
				"type": "String"
			},
			{
				"name": "LEP_DC_PERS_AREA_DESC",
				"type": "String"
			},
			{
				"name": "LEP_DC_PRIMARY_INDUSTRY",
				"type": "String"
			},
			{
				"name": "LEP_DC_PRIMARY_INDUSTRY_DESC",
				"type": "String"
			},
			{
				"name": "LEP_DC_PHR_OFFICE",
				"type": "String"
			},
			{
				"name": "LEP_DC_PHR_OFFICE_DESC",
				"type": "String"
			},
			{
				"name": "LCSP_S4_COMP_CODE",
				"type": "String"
			},
			{
				"name": "LCSP_COMP_CODE_DESC",
				"type": "String"
			},
			{
				"name": "LCSP_JOB",
				"type": "String"
			},
			{
				"name": "LCSP_JOB_MED_DESC",
				"type": "String"
			},
			{
				"name": "LCSP_CCLUSTER",
				"type": "String"
			},
			{
				"name": "LCSP_PHR_REGN_DESC",
				"type": "String"
			},
			{
				"name": "LCSP_PERS_AREA",
				"type": "String"
			},
			{
				"name": "LCSP_PERS_AREA_DESC",
				"type": "String"
			},
			{
				"name": "LCSP_PRIMARY_INDUSTRY",
				"type": "String"
			},
			{
				"name": "LCSP_PRIMARY_INDUSTRY_DESC",
				"type": "String"
			},
			{
				"name": "LCSP_PHR_OFFICE",
				"type": "String"
			},
			{
				"name": "LCSP_PHR_OFFICE_DESC",
				"type": "String"
			},
			{
				"name": "PRIORITY_CODE",
				"type": "String"
			},
			{
				"name": "PRIORITY",
				"type": "String"
			},
			{
				"name": "ATTEST_FLAG",
				"type": "String"
			},
			{
				"name": "PROBABILITY_PRC",
				"type": "Decimal"
			},
			{
				"name": "REQUEST_CONSULTING_QUALITY_REVIEW",
				"type": "String"
			},
			{
				"name": "REPROPOSAL_FLG",
				"type": "String"
			},
			{
				"name": "SM_BD_PURSUIT_MANAGEMENT_INVOLVED_FLG",
				"type": "String"
			},
			{
				"name": "CREATED_DATE",
				"type": "DateTime",
				"format": "yyyy-MM-dd"
			},
			{
				"name": "RISK_ASSESSMENT_COMPLIANCE_STATUS",
				"type": "String"
			},
			{
				"name": "RISK_ASSESSMENT_DATE",
				"type": "DateTime",
				"format": "yyyy-MM-dd"
			},
			{
				"name": "RISK_ASSESSMENT_SCORE",
				"type": "String"
			},
			{
				"name": "RISK_CONSULTATION_DATE",
				"type": "DateTime",
				"format": "yyyy-MM-dd"
			},
			{
				"name": "RISK_REVIEW_DATE",
				"type": "DateTime",
				"format": "yyyy-MM-dd"
			},
			{
				"name": "RISK_SCORE_DESC",
				"type": "String"
			},
			{
				"name": "RISK_STATUS",
				"type": "String"
			},
			{
				"name": "LAW_FIRM_CODE",
				"type": "String"
			},
			{
				"name": "LAW_FIRM_NAME",
				"type": "String"
			},
			{
				"name": "LAW_FIRM_ON_CLOSE_CODE",
				"type": "String"
			},
			{
				"name": "LAW_FIRM_ON_CLOSE_NAME",
				"type": "String"
			},
			{
				"name": "LAW_FIRM_IN_HOUSE_COUNSEL_PEF_CODE",
				"type": "String"
			},
			{
				"name": "LAW_FIRM_IN_HOUSE_COUNSEL_PEF_NAME",
				"type": "String"
			},
			{
				"name": "INITIATIVE_CODE",
				"type": "Int32"
			},
			{
				"name": "INITIATIVE_1",
				"type": "String"
			},
			{
				"name": "INITIATIVE_2",
				"type": "String"
			},
			{
				"name": "INITIATIVE_3",
				"type": "String"
			},
			{
				"name": "QUALITY_REVIEWER_PERSONAL_NUMBER",
				"type": "String"
			},
			{
				"name": "QUALITY_REVIEWER_PERSONAL_NUMBER_DESC",
				"type": "String"
			},
			{
				"name": "TYPE_OF_RECURRING_WORK_CODE",
				"type": "String"
			},
			{
				"name": "TYPE_OF_RECURRING_WORK",
				"type": "String"
			},
			{
				"name": "CONSULTING_SECTOR_OFFERING_CODE_ID",
				"type": "String"
			},
			{
				"name": "CONSULTING_MARKET_SECTOR_OFFERING",
				"type": "String"
			},
			{
				"name": "FEE_TYPE_CODE",
				"type": "String"
			},
			{
				"name": "FEE_TYPE",
				"type": "String"
			},
			{
				"name": "ISO_CODE",
				"type": "String"
			},
			{
				"name": "CROSS_BUSINESS_OFFERING_DESC",
				"type": "String"
			},
			{
				"name": "STRATEGIC_OPPORTUNITY_CODE",
				"type": "String"
			},
			{
				"name": "STRATEGIC_OPPORTUNITY",
				"type": "String"
			},
			{
				"name": "PARENT_INDUSTRY",
				"type": "String"
			},
			{
				"name": "PARENT_INDUSTRY_DESC",
				"type": "String"
			},
			{
				"name": "PARENT_SECTOR",
				"type": "String"
			},
			{
				"name": "PARENT_SECTOR_DESC",
				"type": "String"
			},
			{
				"name": "PARENT_SUB_SECTOR",
				"type": "String"
			},
			{
				"name": "PARENT_SUB_SECTOR_DESC",
				"type": "String"
			},
			{
				"name": "PARENT_REGION",
				"type": "String"
			},
			{
				"name": "PARENT_REGION_DESC",
				"type": "String"
			},
			{
				"name": "PARENT_OFFICE",
				"type": "String"
			},
			{
				"name": "PARENT_OFFICE_DESC",
				"type": "String"
			},
			{
				"name": "PARENT_CLIENT",
				"type": "String"
			},
			{
				"name": "PARENT_CLIENT_TEXT",
				"type": "String"
			},
			{
				"name": "PARENT_CLIENT_PROGRAM",
				"type": "String"
			},
			{
				"name": "PARENT_CLIENT_PROGRAM_DESC",
				"type": "String"
			},
			{
				"name": "PARENT_DGES",
				"type": "String"
			},
			{
				"name": "PARENT_DGES_DESC",
				"type": "String"
			},
			{
				"name": "PARENT_TAX_PROGRAM",
				"type": "String"
			},
			{
				"name": "PARENT_FAS_PROGRAM",
				"type": "String"
			},
			{
				"name": "PARENT_CON_PROGRAM",
				"type": "String"
			},
			{
				"name": "PARENT_DUNS_NBR",
				"type": "String"
			},
			{
				"name": "PARENT_ACE",
				"type": "String"
			},
			{
				"name": "PARENT_LCSP",
				"type": "String"
			},
			{
				"name": "PARENT_LCSP_TEXT",
				"type": "String"
			},
			{
				"name": "PARENT_LEP_A_TYPE",
				"type": "String"
			},
			{
				"name": "PARENT_DUNS_NBR_TEXT",
				"type": "String"
			},
			{
				"name": "PARENT_LEP_C_TYPE",
				"type": "String"
			},
			{
				"name": "PARENT_LEP_A",
				"type": "String"
			},
			{
				"name": "PARENT_LEP_A_TEXT",
				"type": "String"
			},
			{
				"name": "PARENT_LEP_T",
				"type": "String"
			},
			{
				"name": "PARENT_LEP_T_TEXT",
				"type": "String"
			},
			{
				"name": "PARENT_LEP_F",
				"type": "String"
			},
			{
				"name": "PARENT_LEP_F_TEXT",
				"type": "String"
			},
			{
				"name": "PARENT_LEP_C",
				"type": "String"
			},
			{
				"name": "PARENT_LEP_C_TEXT",
				"type": "String"
			},
			{
				"name": "PARENT_ATTEST_FLAG",
				"type": "String"
			},
			{
				"name": "PARENT_FEDERAL_FLAG",
				"type": "String"
			},
			{
				"name": "PARENT_SIC",
				"type": "String"
			},
			{
				"name": "PARENT_SIC_TEXT",
				"type": "String"
			},
			{
				"name": "PLP_AERS_CCLUSTER",
				"type": "String"
			},
			{
				"name": "PLP_AERS_COMP_CODE_TXT",
				"type": "String"
			},
			{
				"name": "PLP_AERS_JOB",
				"type": "String"
			},
			{
				"name": "PLP_AERS_JOB_MED_TXT",
				"type": "String"
			},
			{
				"name": "PLP_AERS_PERS_AREA",
				"type": "String"
			},
			{
				"name": "PLP_AERS_PERS_AREA_TXT",
				"type": "String"
			},
			{
				"name": "PLP_AERS_PHR_OFFICE",
				"type": "String"
			},
			{
				"name": "PLP_AERS_PHR_OFFICE_TXT",
				"type": "String"
			},
			{
				"name": "PLP_AERS_PHR_REGION_TXT",
				"type": "String"
			},
			{
				"name": "PLP_AERS_PRIMARY_INDUSTRY",
				"type": "String"
			},
			{
				"name": "PLP_AERS_PRIMARY_INDUSTRY_TXT",
				"type": "String"
			},
			{
				"name": "PLP_AERS_S4_COMP_CODE",
				"type": "String"
			},
			{
				"name": "PLP_DC_CCLUSTER",
				"type": "String"
			},
			{
				"name": "PLP_DC_COMP_CODE_TXT",
				"type": "String"
			},
			{
				"name": "PLP_DC_JOB",
				"type": "String"
			},
			{
				"name": "PLP_DC_JOB_MED_TXT",
				"type": "String"
			},
			{
				"name": "PLP_DC_PERS_AREA",
				"type": "String"
			},
			{
				"name": "PLP_DC_PERS_AREA_TXT",
				"type": "String"
			},
			{
				"name": "PLP_DC_PHR_OFFICE",
				"type": "String"
			},
			{
				"name": "PLP_DC_PHR_OFFICE_TXT",
				"type": "String"
			},
			{
				"name": "PLP_DC_PHR_REGION_TXT",
				"type": "String"
			},
			{
				"name": "PLP_DC_PRIMARY_INDUSTRY",
				"type": "String"
			},
			{
				"name": "PLP_DC_PRIMARY_INDUSTRY_TXT",
				"type": "String"
			},
			{
				"name": "PLP_DC_S4_COMP_CODE",
				"type": "String"
			},
			{
				"name": "PLP_FAS_CCLUSTER",
				"type": "String"
			},
			{
				"name": "PLP_FAS_COMP_CODE_TXT",
				"type": "String"
			},
			{
				"name": "PLP_FAS_JOB",
				"type": "String"
			},
			{
				"name": "PLP_FAS_JOB_MED_TXT",
				"type": "String"
			},
			{
				"name": "PLP_FAS_PERS_AREA",
				"type": "String"
			},
			{
				"name": "PLP_FAS_PERS_AREA_TXT",
				"type": "String"
			},
			{
				"name": "PLP_FAS_PHR_OFFICE",
				"type": "String"
			},
			{
				"name": "PLP_FAS_PHR_OFFICE_TXT",
				"type": "String"
			},
			{
				"name": "PLP_FAS_PHR_REGION_TXT",
				"type": "String"
			},
			{
				"name": "PLP_FAS_PRIMARY_INDUSTRY",
				"type": "String"
			},
			{
				"name": "PLP_FAS_PRIMARY_INDUSTRY_TXT",
				"type": "String"
			},
			{
				"name": "PLP_FAS_S4_COMP_CODE",
				"type": "String"
			},
			{
				"name": "PLP_TAX_CCLUSTER",
				"type": "String"
			},
			{
				"name": "PLP_TAX_COMP_CODE_TXT",
				"type": "String"
			},
			{
				"name": "PLP_TAX_JOB",
				"type": "String"
			},
			{
				"name": "PLP_TAX_JOB_MED_TXT",
				"type": "String"
			},
			{
				"name": "PLP_TAX_PERS_AREA",
				"type": "String"
			},
			{
				"name": "PLP_TAX_PERS_AREA_TXT",
				"type": "String"
			},
			{
				"name": "PLP_TAX_PHR_OFFICE",
				"type": "String"
			},
			{
				"name": "PLP_TAX_PHR_OFFICE_TXT",
				"type": "String"
			},
			{
				"name": "PLP_TAX_PHR_REGION_TXT",
				"type": "String"
			},
			{
				"name": "PLP_TAX_PRIMARY_INDUSTRY",
				"type": "String"
			},
			{
				"name": "PLP_TAX_PRIMARY_INDUSTRY_TXT",
				"type": "String"
			},
			{
				"name": "PLP_TAX_S4_COMP_CODE",
				"type": "String"
			},
			{
				"name": "COMPETITORS",
				"type": "String"
			},
			{
				"name": "WIN_LOSS_REASON",
				"type": "String"
			},
			{
				"name": "ENGAGEMENT_INDUSTRY_SECTOR_CODE",
				"type": "String"
			},
			{
				"name": "ENGAGEMENT_INDUSTRY_SECTOR",
				"type": "String"
			},
			{
				"name": "BUYER_ROLE_CODE",
				"type": "String"
			},
			{
				"name": "BUYER_ROLE_DESC",
				"type": "String"
			},
			{
				"name": "BUYER_NAME",
				"type": "String"
			},
			{
				"name": "DELOITTE_SOLUTION_CENTER_RELATED_FLG",
				"type": "String"
			},
			{
				"name": "DELOITTE_SOLUTION_CODE",
				"type": "String"
			},
			{
				"name": "DELOITTE_SOLUTION",
				"type": "String"
			},
			{
				"name": "CURRENCY",
				"type": "String"
			},
			{
				"name": "RFP_REASON",
				"type": "String"
			},
			{
				"name": "RFP_RELEASE_DATE_FLG",
				"type": "String"
			},
			{
				"name": "RFP_RELEASE_DATE",
				"type": "DateTime",
				"format": "yyyy-MM-dd"
			},
			{
				"name": "GLOBAL_OPPORTUNITY_FLG",
				"type": "String"
			},
			{
				"name": "WIN_LOSS_DETAILS",
				"type": "String"
			},
			{
				"name": "OPTIONAL_FIELD_1",
				"type": "String"
			},
			{
				"name": "OPTIONAL_FIELD_2",
				"type": "String"
			},
			{
				"name": "OPTIONAL_FIELD_3",
				"type": "String"
			},
			{
				"name": "OPTIONAL_FIELD_4",
				"type": "String"
			},
			{
				"name": "OPTIONAL_FIELD_5",
				"type": "String"
			},
			{
				"name": "OPP_CLOSED_LEP_CNSLT_PERSONNELN",
				"type": "String"
			},
			{
				"name": "OPP_CLOSED_LEP_CNSLT_PERSONNELN_TXT",
				"type": "String"
			},
			{
				"name": "OPP_CLOSED_FLAG_ATTEST_OPPORTUNITY",
				"type": "String"
			},
			{
				"name": "PARENT_PRIORITY_R",
				"type": "String"
			},
			{
				"name": "INDIA_RESOURCE_INVOLVED_FLG",
				"type": "String"
			},
			{
				"name": "PRIVATE_EQUITY_CODE",
				"type": "String"
			},
			{
				"name": "PRIVATE_EQUITY_NAME",
				"type": "String"
			},
			{
				"name": "OPPORTUNITY_COUNT",
				"type": "Int32"
			},
			{
				"name": "FORECAST_REL_FLG",
				"type": "Int32"
			},
			{
				"name": "OPP_CLOSED_TOTAL_VALUE",
				"type": "Decimal"
			},
			{
				"name": "SERVICE_OFFERING_PRC_OF_TOTAL_VALUE",
				"type": "Decimal"
			},
			{
				"name": "WEIGHTED_VALUE",
				"type": "Decimal"
			},
			{
				"name": "GROSS_REVENUE",
				"type": "Decimal"
			},
			{
				"name": "TOTAL_POTENTIAL_NET_SERVICE_REVENUE",
				"type": "Decimal"
			},
			{
				"name": "ALLIANCE_PRODUCT_AMOUNT",
				"type": "Decimal"
			}
		],
		"typeProperties": {
			"format": {
				"type": "TextFormat",
				"columnDelimiter": ",",
				"rowDelimiter": "",
				"quoteChar": "\"",
				"nullValue": "",
				"treatEmptyAsNull": true,
				"skipLineCount": 0,
				"firstRowAsHeader": true
			},
			"fileName": {
				"value": "@dataset().fileName",
				"type": "Expression"
			},
			"folderPath": {
				"value": "@dataset().filePath",
				"type": "Expression"
			}
		}
	},
	"type": "Microsoft.DataFactory/factories/datasets"
}