{
	"name": "DS_ADLS_MCE_DIM_ACCOUNT",
	"properties": {
		"linkedServiceName": {
			"referenceName": "dslabdl",
			"type": "LinkedServiceReference"
		},
		"annotations": [],
		"type": "AzureDataLakeStoreFile",
		"structure": [
			{
				"name": "MKT_DEV_ACC_ID",
				"type": "Int64"
			},
			{
				"name": "ACC_DUNS",
				"type": "String"
			},
			{
				"name": "PARENT_ACC_DUNS",
				"type": "String"
			},
			{
				"name": "ACC_CLIENT_NUM",
				"type": "String"
			},
			{
				"name": "SALESFORCE_ACC_ID",
				"type": "String"
			},
			{
				"name": "SALESFORCE_ACC_PARENT_ID",
				"type": "String"
			},
			{
				"name": "ACC_NAME",
				"type": "String"
			},
			{
				"name": "PARENT_ACC_NUMBER",
				"type": "String"
			},
			{
				"name": "PARENT_ACC_NAME",
				"type": "String"
			},
			{
				"name": "PARENT_ACC_CLIENT_SEGM_ID",
				"type": "String"
			},
			{
				"name": "PARENT_ACC_CLIENT_SEGM_MED_TEXT",
				"type": "String"
			},
			{
				"name": "PARENT_ACC_CLIENT_SEGM",
				"type": "String"
			},
			{
				"name": "ACC_TYPE",
				"type": "String"
			},
			{
				"name": "ACC_IND_CODE",
				"type": "String"
			},
			{
				"name": "ACC_IND_SHORT_TEXT",
				"type": "String"
			},
			{
				"name": "ACC_IND_TEXT",
				"type": "String"
			},
			{
				"name": "ACC_SECT_CODE",
				"type": "String"
			},
			{
				"name": "ACC_SECT_TEXT",
				"type": "String"
			},
			{
				"name": "ACC_SUB_SECT_CODE",
				"type": "String"
			},
			{
				"name": "ACC_SUB_SECT_TEXT",
				"type": "String"
			},
			{
				"name": "PARENT_ACC_REG_CODE",
				"type": "String"
			},
			{
				"name": "PARENT_ACC_REG_TEXT",
				"type": "String"
			},
			{
				"name": "ACC_REG_CODE",
				"type": "String"
			},
			{
				"name": "ACC_REG_TEXT",
				"type": "String"
			},
			{
				"name": "ACC_D_PRIVATE_TEXT",
				"type": "String"
			},
			{
				"name": "ACC_ATTEST",
				"type": "String"
			},
			{
				"name": "ACC_FEDERAL",
				"type": "String"
			},
			{
				"name": "PARENT_ACC_LCSP_NAME",
				"type": "String"
			},
			{
				"name": "PARENT_ACC_LBP_CONS",
				"type": "String"
			},
			{
				"name": "PARENT_ACC_LBP_AUDIT",
				"type": "String"
			},
			{
				"name": "PARENT_ACC_LBP_ADVISORY",
				"type": "String"
			},
			{
				"name": "PARENT_ACC_LBP_TAX",
				"type": "String"
			},
			{
				"name": "ACC_SUBSIDIARY_LCSP_NAME",
				"type": "String"
			},
			{
				"name": "PARENT_ACC_LCSP_EMAIL",
				"type": "String"
			},
			{
				"name": "PARENT_ACC_LBP_CONS_EMAIL",
				"type": "String"
			},
			{
				"name": "PARENT_ACC_LBP_AUDIT_EMAIL",
				"type": "String"
			},
			{
				"name": "PARENT_ACC_LBP_ADV_EMAIL",
				"type": "String"
			},
			{
				"name": "PARENT_ACC_LBP_TAX_EMAIL",
				"type": "String"
			},
			{
				"name": "ACC_SUBSIDIARY_LCSP_EMAIL",
				"type": "String"
			},
			{
				"name": "ACC_CAM_NAME",
				"type": "String"
			},
			{
				"name": "ACC_CAM_EMAIL",
				"type": "String"
			},
			{
				"name": "ACC_FSS_CAT_ADVISORY",
				"type": "String"
			},
			{
				"name": "ACC_FSS_CAT_AUDIT",
				"type": "String"
			},
			{
				"name": "ACC_FSS_CAT_TAX",
				"type": "String"
			},
			{
				"name": "ACC_FSS_CAT_CONSULTING",
				"type": "String"
			},
			{
				"name": "ACC_LEGAL_ENTITY_ID",
				"type": "String"
			},
			{
				"name": "ACC_LEGAL_ENTITY",
				"type": "String"
			},
			{
				"name": "ACC_SIC_CODE",
				"type": "String"
			},
			{
				"name": "ACC_DATE_CLIENT_FROM",
				"type": "String"
			},
			{
				"name": "ACC_LEAD_CONTACT",
				"type": "String"
			},
			{
				"name": "PARENT_ACC_GLOBAL_CLIENT_PORT",
				"type": "String"
			},
			{
				"name": "ACC_RELATION_STRENGTH",
				"type": "Decimal"
			},
			{
				"name": "PARENT_ACC_IND_SHORT_TEXT",
				"type": "String"
			},
			{
				"name": "PARENT_ACC_SECT_TEXT",
				"type": "String"
			},
			{
				"name": "PARENT_ACC_SUB_SECT_TEXT",
				"type": "String"
			}
		],
		"typeProperties": {
			"format": {
				"type": "TextFormat",
				"columnDelimiter": ",",
				"rowDelimiter": "",
				"quoteChar": "\"",
				"nullValue": "",
				"treatEmptyAsNull": true,
				"skipLineCount": 0,
				"firstRowAsHeader": true
			},
			"fileName": "dim_account.csv",
			"folderPath": "/dtus/core/mce/dim_account/national/csv"
		}
	},
	"type": "Microsoft.DataFactory/factories/datasets"
}