{
	"name": "DS_ADSL_GL_SHARED",
	"properties": {
		"linkedServiceName": {
			"referenceName": "dslabdl",
			"type": "LinkedServiceReference"
		},
		"parameters": {
			"filePath": {
				"type": "String",
				"defaultValue": "/dtus/core/finance/general_ledger/national/csv/2018"
			},
			"fileName": {
				"type": "String",
				"defaultValue": "2018001.csv"
			}
		},
		"annotations": [],
		"type": "AzureDataLakeStoreFile",
		"structure": [
			{
				"name": "AA_TYPE",
				"type": "String"
			},
			{
				"name": "ACCOUNT",
				"type": "String"
			},
			{
				"name": "CLIENT",
				"type": "String"
			},
			{
				"name": "COMPANY_CODE",
				"type": "String"
			},
			{
				"name": "CONTROLLING_AREA",
				"type": "String"
			},
			{
				"name": "DOC_CAL_MO",
				"type": "String"
			},
			{
				"name": "DOC_CAL_WK",
				"type": "String"
			},
			{
				"name": "DOC_CAL_YR",
				"type": "String"
			},
			{
				"name": "DOC_CAL_YR_MO",
				"type": "String"
			},
			{
				"name": "DOC_CAL_YR_WK",
				"type": "String"
			},
			{
				"name": "DOC_DATE",
				"type": "DateTime",
				"format": "yyyy-MM-dd"
			},
			{
				"name": "DOC_FISC_BIWK_PD",
				"type": "String"
			},
			{
				"name": "DOC_FISC_BIWK_PD_END",
				"type": "DateTime",
				"format": "yyyy-MM-dd"
			},
			{
				"name": "DOC_FISC_BIWK_PD_YR",
				"type": "String"
			},
			{
				"name": "DOC_FISC_PD",
				"type": "String"
			},
			{
				"name": "DOC_FISC_PD_END",
				"type": "DateTime",
				"format": "yyyy-MM-dd"
			},
			{
				"name": "DOC_FISC_QTR",
				"type": "String"
			},
			{
				"name": "DOC_FISC_QTR_YR",
				"type": "String"
			},
			{
				"name": "DOC_FISC_WK",
				"type": "String"
			},
			{
				"name": "DOC_FISC_WK_END",
				"type": "DateTime",
				"format": "yyyy-MM-dd"
			},
			{
				"name": "DOC_FISC_YR",
				"type": "String"
			},
			{
				"name": "DOC_FISC_YR_PD",
				"type": "String"
			},
			{
				"name": "DOC_FISC_YR_WK",
				"type": "String"
			},
			{
				"name": "DOCUMENT_TYPE",
				"type": "String"
			},
			{
				"name": "DOCUMENT_TYPE_TEXT",
				"type": "String"
			},
			{
				"name": "EMP_AT_POST_PC_CONTROLLING_AREA",
				"type": "String"
			},
			{
				"name": "EMP_AT_POST_PROFIT_CENTER",
				"type": "String"
			},
			{
				"name": "EMP_JOB_LEVEL_SUMMARY_AT_WORK_DATE",
				"type": "String"
			},
			{
				"name": "EMPLOYEE",
				"type": "String"
			},
			{
				"name": "FISCAL_PERIOD",
				"type": "String"
			},
			{
				"name": "FISCAL_PERIOD_SPECIAL",
				"type": "String"
			},
			{
				"name": "FISCAL_YEAR",
				"type": "String"
			},
			{
				"name": "FISCAL_YEAR_PERIOD",
				"type": "String"
			},
			{
				"name": "FISCAL_YEAR_PERIOD_SPECIAL",
				"type": "String"
			},
			{
				"name": "PARENT_CLIENT",
				"type": "String"
			},
			{
				"name": "PC_CONTROLLING_AREA",
				"type": "String"
			},
			{
				"name": "POST_CAL_MO",
				"type": "String"
			},
			{
				"name": "POST_CAL_WK",
				"type": "String"
			},
			{
				"name": "POST_CAL_YR",
				"type": "String"
			},
			{
				"name": "POST_CAL_YR_MO",
				"type": "String"
			},
			{
				"name": "POST_CAL_YR_WK",
				"type": "String"
			},
			{
				"name": "POST_DATE",
				"type": "DateTime",
				"format": "yyyy-MM-dd"
			},
			{
				"name": "POST_FISC_BIWK_PD",
				"type": "String"
			},
			{
				"name": "POST_FISC_BIWK_PD_END",
				"type": "DateTime",
				"format": "yyyy-MM-dd"
			},
			{
				"name": "POST_FISC_BIWK_PD_YR",
				"type": "String"
			},
			{
				"name": "POST_FISC_PD_END",
				"type": "DateTime",
				"format": "yyyy-MM-dd"
			},
			{
				"name": "POST_FISC_QTR",
				"type": "String"
			},
			{
				"name": "POST_FISC_QTR_YR",
				"type": "String"
			},
			{
				"name": "POST_FISC_WK",
				"type": "String"
			},
			{
				"name": "POST_FISC_WK_END",
				"type": "DateTime",
				"format": "yyyy-MM-dd"
			},
			{
				"name": "POST_FISC_YR_WK",
				"type": "String"
			},
			{
				"name": "PROFIT_CENTER",
				"type": "String"
			},
			{
				"name": "REPORT_ID",
				"type": "String"
			},
			{
				"name": "REV_REC_CAT",
				"type": "String"
			},
			{
				"name": "VERSION",
				"type": "String"
			},
			{
				"name": "WBS",
				"type": "String"
			},
			{
				"name": "WBS_LEGACY",
				"type": "String"
			},
			{
				"name": "WBS_LEVEL",
				"type": "Int32"
			},
			{
				"name": "WBS_LEVEL1",
				"type": "String"
			},
			{
				"name": "WBS_LEVEL2",
				"type": "String"
			},
			{
				"name": "WBS_LEVEL3",
				"type": "String"
			},
			{
				"name": "WBS_LEVEL4",
				"type": "String"
			},
			{
				"name": "ADJ_UTIL_CONS_PERC_NUMERATOR",
				"type": "Decimal"
			},
			{
				"name": "ADJ_UTIL_FED_PERC_NUMERATOR",
				"type": "Decimal"
			},
			{
				"name": "ADM_RES_REV",
				"type": "Decimal"
			},
			{
				"name": "ADM_SVC_HRS",
				"type": "Decimal"
			},
			{
				"name": "ADV_MO_IND_PLAN",
				"type": "Decimal"
			},
			{
				"name": "CL_FACE_HRS",
				"type": "Decimal"
			},
			{
				"name": "CS_COST_SERVICES",
				"type": "Decimal"
			},
			{
				"name": "CS_EXP",
				"type": "Decimal"
			},
			{
				"name": "CS_HRS",
				"type": "Decimal"
			},
			{
				"name": "CS_STD_HRS",
				"type": "Decimal"
			},
			{
				"name": "DC_VBB",
				"type": "Decimal"
			},
			{
				"name": "ENGMT_MARGN",
				"type": "Decimal"
			},
			{
				"name": "ENGMT_SVC_REV",
				"type": "Decimal"
			},
			{
				"name": "GAA_HRS",
				"type": "Decimal"
			},
			{
				"name": "GEN_PRD_HRS",
				"type": "Decimal"
			},
			{
				"name": "GROSS_REV",
				"type": "Decimal"
			},
			{
				"name": "INT_JRN_OTH_HRS",
				"type": "Decimal"
			},
			{
				"name": "INT_PROJ_LABOR_COST",
				"type": "Decimal"
			},
			{
				"name": "INTER_PROJ_ACTL_EXP",
				"type": "Decimal"
			},
			{
				"name": "INTER_PROJ_ACTL_HRS",
				"type": "Decimal"
			},
			{
				"name": "INTRS_ON_RECV",
				"type": "Decimal"
			},
			{
				"name": "LEG_ADJ_HRS",
				"type": "Decimal"
			},
			{
				"name": "NET_ADM_REV",
				"type": "Decimal"
			},
			{
				"name": "NET_PROD_REV",
				"type": "Decimal"
			},
			{
				"name": "NET_REV",
				"type": "Decimal"
			},
			{
				"name": "NET_REV_DC_VBB",
				"type": "Decimal"
			},
			{
				"name": "NET_SVC_REV",
				"type": "Decimal"
			},
			{
				"name": "OTH_AA_TYPE_HRS",
				"type": "Decimal"
			},
			{
				"name": "OTH_ADJ",
				"type": "Decimal"
			},
			{
				"name": "OTHER_HRS",
				"type": "Decimal"
			},
			{
				"name": "PERS_HRS",
				"type": "Decimal"
			},
			{
				"name": "PRA_HRS",
				"type": "Decimal"
			},
			{
				"name": "PRD_EXP",
				"type": "Decimal"
			},
			{
				"name": "PRD_HRS",
				"type": "Decimal"
			},
			{
				"name": "PRD_LABOR_COST",
				"type": "Decimal"
			},
			{
				"name": "PROJ_CLOS_UNBILL_TIME_ADJ",
				"type": "Decimal"
			},
			{
				"name": "PROV_BAD_DEBT",
				"type": "Decimal"
			},
			{
				"name": "PRTNR_LABOR_COST",
				"type": "Decimal"
			},
			{
				"name": "PRTNR_PRD_LABOR_COST",
				"type": "Decimal"
			},
			{
				"name": "PRTNR_SVC_COST",
				"type": "Decimal"
			},
			{
				"name": "RECRT_HRS",
				"type": "Decimal"
			},
			{
				"name": "STD_HRS",
				"type": "Decimal"
			},
			{
				"name": "SVC_ADM_COST",
				"type": "Decimal"
			},
			{
				"name": "SVC_COST",
				"type": "Decimal"
			},
			{
				"name": "TECH_HRS",
				"type": "Decimal"
			},
			{
				"name": "TIME_OFF_HRS",
				"type": "Decimal"
			},
			{
				"name": "TOT_FIRM_PROJ_HRS",
				"type": "Decimal"
			},
			{
				"name": "TOT_HRS",
				"type": "Decimal"
			},
			{
				"name": "TOT_LOCAL_PROJ_HRS",
				"type": "Decimal"
			},
			{
				"name": "TOT_OTH_REV",
				"type": "Decimal"
			},
			{
				"name": "TOT_WRK_HRS",
				"type": "Decimal"
			},
			{
				"name": "TRNG_HRS",
				"type": "Decimal"
			},
			{
				"name": "ZUORA_HRS",
				"type": "Decimal"
			},
			{
				"name": "FTE_TREND_NOT_TOT",
				"type": "Decimal"
			},
			{
				"name": "QUANTITY",
				"type": "Decimal"
			},
			{
				"name": "BAL_TRX_CUR_AMOUNT",
				"type": "Decimal"
			},
			{
				"name": "TRX_CUR_AMOUNT",
				"type": "Decimal"
			},
			{
				"name": "COMP_CODE_CUR_AMOUNT",
				"type": "Decimal"
			},
			{
				"name": "GLOBAL_CUR_AMOUNT",
				"type": "Decimal"
			}
		],
		"typeProperties": {
			"format": {
				"type": "TextFormat",
				"columnDelimiter": ",",
				"rowDelimiter": "",
				"quoteChar": "\"",
				"nullValue": "",
				"treatEmptyAsNull": true,
				"skipLineCount": 0,
				"firstRowAsHeader": true
			},
			"fileName": {
				"value": "@dataset().fileName",
				"type": "Expression"
			},
			"folderPath": {
				"value": "@dataset().filePath",
				"type": "Expression"
			}
		}
	},
	"type": "Microsoft.DataFactory/factories/datasets"
}