{
	"name": "DS_ADLS_TALENT_RESUMES_CURRENT",
	"properties": {
		"description": "Data Lake Store for Resumes",
		"linkedServiceName": {
			"referenceName": "dslabdl",
			"type": "LinkedServiceReference"
		},
		"parameters": {
			"fileName": {
				"type": "string",
				"defaultValue": "190615_00154922_Chandana_CV.csv"
			},
			"filepath": {
				"type": "string",
				"defaultValue": "/dtus/core/talentresume/Resumes_Current"
			}
		},
		"annotations": [],
		"type": "AzureDataLakeStoreFile",
		"typeProperties": {
			"fileName": {
				"value": "@dataset().fileName",
				"type": "Expression"
			},
			"folderPath": "/dtus/core/talentresume/Resumes_Current"
		}
	},
	"type": "Microsoft.DataFactory/factories/datasets"
}