{
	"name": "DS_ADLS_MCE_COMPANY_REL_STRENGTH",
	"properties": {
		"linkedServiceName": {
			"referenceName": "dslabdl",
			"type": "LinkedServiceReference"
		},
		"annotations": [],
		"type": "AzureDataLakeStoreFile",
		"structure": [
			{
				"name": "DUNS",
				"type": "String"
			},
			{
				"name": "PARENT_DUNS",
				"type": "String"
			},
			{
				"name": "TYPE",
				"type": "String"
			},
			{
				"name": "FIRM_RELATIONSHIP_STRENGTH",
				"type": "Decimal"
			}
		],
		"typeProperties": {
			"format": {
				"type": "TextFormat",
				"columnDelimiter": ",",
				"rowDelimiter": "",
				"quoteChar": "\"",
				"nullValue": "",
				"treatEmptyAsNull": true,
				"skipLineCount": 0,
				"firstRowAsHeader": true
			},
			"fileName": "company_rel_strength.csv",
			"folderPath": "/dtus/core/mce/company_rel_strength/national/csv"
		}
	},
	"type": "Microsoft.DataFactory/factories/datasets"
}