{
	"name": "DS_ADLS_DTE_EXPENSE_REGION",
	"properties": {
		"linkedServiceName": {
			"referenceName": "dslabdl",
			"type": "LinkedServiceReference"
		},
		"annotations": [],
		"type": "AzureDataLakeStoreFile",
		"structure": [
			{
				"name": "COUNTRY_CODE",
				"type": "String"
			},
			{
				"name": "STATE_CITY_CODE",
				"type": "String"
			},
			{
				"name": "CITY_DESCRIPTION",
				"type": "String"
			},
			{
				"name": "STATE_DESCRIPTION",
				"type": "String"
			}
		],
		"typeProperties": {
			"format": {
				"type": "TextFormat",
				"columnDelimiter": ",",
				"rowDelimiter": "",
				"quoteChar": "\"",
				"nullValue": "",
				"treatEmptyAsNull": true,
				"skipLineCount": 0,
				"firstRowAsHeader": true
			},
			"fileName": "region.csv",
			"folderPath": "/dtus/core/dte/region/national/csv"
		}
	},
	"type": "Microsoft.DataFactory/factories/datasets"
}