{
	"name": "DS_ADLS_STAFFIT_AVAILABILITY",
	"properties": {
		"linkedServiceName": {
			"referenceName": "dslabdl",
			"type": "LinkedServiceReference"
		},
		"parameters": {
			"filePath": {
				"type": "String",
				"defaultValue": "/dtus/core/staffit/availability/national/csv"
			},
			"fileName": {
				"type": "String",
				"defaultValue": "2019001.csv"
			}
		},
		"annotations": [],
		"type": "AzureDataLakeStoreFile",
		"structure": [
			{
				"name": "SNAPSHOT_ID",
				"type": "String"
			},
			{
				"name": "LOADING_TIMESTAMP",
				"type": "DateTime",
				"format": "yyyy-MM-dd"
			},
			{
				"name": "EMP_STAFFIT_ID",
				"type": "String"
			},
			{
				"name": "DEMAND",
				"type": "String"
			},
			{
				"name": "ROLE",
				"type": "String"
			},
			{
				"name": "CAL_DATE",
				"type": "DateTime",
				"format": "yyyy-MM-dd"
			},
			{
				"name": "CAL_WEEK_START_DATE",
				"type": "DateTime",
				"format": "yyyy-MM-dd"
			},
			{
				"name": "CAL_WEEK_END_DATE",
				"type": "DateTime",
				"format": "yyyy-MM-dd"
			},
			{
				"name": "CAL_MONTH_TEXT",
				"type": "String"
			},
			{
				"name": "CAL_WEEK_STR",
				"type": "String"
			},
			{
				"name": "CAL_YEAR",
				"type": "Int32"
			},
			{
				"name": "CAL_MONTH",
				"type": "Int32"
			},
			{
				"name": "FISCAL_PERIOD",
				"type": "Int32"
			},
			{
				"name": "FISCAL_WEEK",
				"type": "Int32"
			},
			{
				"name": "FISCAL_YEAR",
				"type": "Int32"
			},
			{
				"name": "FISCAL_YEAR_PERIOD",
				"type": "Int32"
			},
			{
				"name": "WORKDAY_FLG",
				"type": "Int32"
			},
			{
				"name": "FISCAL_YEAR_PERIOD_WEEK",
				"type": "Int32"
			},
			{
				"name": "BI_WEEKLY_PERIOD_END_DATE",
				"type": "DateTime",
				"format": "yyyy-MM-dd"
			},
			{
				"name": "PERFORMANCE_YEAR",
				"type": "Int32"
			},
			{
				"name": "PERFORMANCE_PERIOD",
				"type": "Int32"
			},
			{
				"name": "ALLOC_DESCRIPTION",
				"type": "String"
			},
			{
				"name": "ALLOCATION_TYPE",
				"type": "String"
			},
			{
				"name": "ALLOCATION_TYPE_TEXT",
				"type": "String"
			},
			{
				"name": "ASSG_BEG_TIME",
				"type": "DateTime",
				"format": "yyyy-MM-dd"
			},
			{
				"name": "ASSG_END_TIME",
				"type": "DateTime",
				"format": "yyyy-MM-dd"
			},
			{
				"name": "ASSG_GUID",
				"type": "String"
			},
			{
				"name": "ASSG_BOOKING_TYPE",
				"type": "String"
			},
			{
				"name": "ASSG_BOOKING_TYPE_TEXT",
				"type": "String"
			},
			{
				"name": "ASSG_CHANGED_BY",
				"type": "String"
			},
			{
				"name": "ASSG_CHANGED_DATE",
				"type": "DateTime",
				"format": "yyyy-MM-dd"
			},
			{
				"name": "HOURS_CATEGORY",
				"type": "String"
			},
			{
				"name": "ALLOCATED_FLG",
				"type": "Int32"
			},
			{
				"name": "ASSIGNED_FLG",
				"type": "Int32"
			},
			{
				"name": "AVAILABLE_FLG",
				"type": "Int32"
			},
			{
				"name": "ROWSET_TYPE",
				"type": "String"
			},
			{
				"name": "TAT_CODE",
				"type": "String"
			},
			{
				"name": "EMP_FISCAL_YEAR_PERIOD_START_FOR_PERFORMANCE_YEAR",
				"type": "Int32"
			},
			{
				"name": "LAST_LOAD_TIMESTAMP",
				"type": "DateTime",
				"format": "yyyy-MM-dd"
			},
			{
				"name": "FWA_LOA_HRS",
				"type": "Decimal"
			},
			{
				"name": "CLIENT_SERVICE_HRS",
				"type": "Decimal"
			},
			{
				"name": "EFFECTIVE_ALLOCATION_HRS",
				"type": "Decimal"
			},
			{
				"name": "EFFECTIVE_ASSIGNED_HRS",
				"type": "Decimal"
			},
			{
				"name": "HB_CLIENT_SERVICE_HRS",
				"type": "Decimal"
			},
			{
				"name": "HB_FIRM_PROJECT_HRS",
				"type": "Decimal"
			},
			{
				"name": "TOTAL_USED_HRS",
				"type": "Decimal"
			},
			{
				"name": "ALLOCATION_HRS",
				"type": "Decimal"
			},
			{
				"name": "ASSIGNED_HRS",
				"type": "Decimal"
			},
			{
				"name": "SCHEDULED_HRS",
				"type": "Decimal"
			},
			{
				"name": "STANDARD_HRS",
				"type": "Decimal"
			},
			{
				"name": "PTO_LOA_HRS",
				"type": "Decimal"
			},
			{
				"name": "SOFT_CS_HRS",
				"type": "Decimal"
			},
			{
				"name": "LOA",
				"type": "Decimal"
			},
			{
				"name": "HOLIDAY",
				"type": "Decimal"
			},
			{
				"name": "TRAINING",
				"type": "Decimal"
			},
			{
				"name": "AVAILABLE_HOLIDAY",
				"type": "Decimal"
			},
			{
				"name": "AVAILABLE_SEPARATED",
				"type": "Decimal"
			},
			{
				"name": "PTO_HOLIDAY",
				"type": "Decimal"
			},
			{
				"name": "PROJECTED_ADJUSTED_UTILIZATION_HRS",
				"type": "Decimal"
			},
			{
				"name": "PROJECTED_UTILIZATION_HRS",
				"type": "Decimal"
			},
			{
				"name": "PROJECTED_UTILIZATION",
				"type": "Decimal"
			},
			{
				"name": "AVAILABLE_HRS",
				"type": "Decimal"
			},
			{
				"name": "EXPECTED_HRS",
				"type": "Decimal"
			}
		],
		"typeProperties": {
			"format": {
				"type": "TextFormat",
				"columnDelimiter": ",",
				"rowDelimiter": "",
				"quoteChar": "\"",
				"nullValue": "",
				"treatEmptyAsNull": true,
				"skipLineCount": 0,
				"firstRowAsHeader": true
			},
			"fileName": {
				"value": "@dataset().fileName",
				"type": "Expression"
			},
			"folderPath": {
				"value": "@dataset().filePath",
				"type": "Expression"
			}
		}
	},
	"type": "Microsoft.DataFactory/factories/datasets"
}