{
	"name": "DS_ADLS_ACCOUNT",
	"properties": {
		"linkedServiceName": {
			"referenceName": "dslabdl",
			"type": "LinkedServiceReference"
		},
		"annotations": [],
		"type": "AzureDataLakeStoreFile",
		"structure": [
			{
				"name": "CHART_OF_ACCOUNTS",
				"type": "String"
			},
			{
				"name": "ACCOUNT",
				"type": "String"
			},
			{
				"name": "ACCOUNT_SHORT_TEXT",
				"type": "String"
			},
			{
				"name": "ACCOUNT_TEXT",
				"type": "String"
			}
		],
		"typeProperties": {
			"format": {
				"type": "TextFormat",
				"columnDelimiter": ",",
				"rowDelimiter": "",
				"quoteChar": "\"",
				"nullValue": "",
				"treatEmptyAsNull": true,
				"skipLineCount": 0,
				"firstRowAsHeader": true
			},
			"fileName": "account.csv",
			"folderPath": "/dtus/core/masterdata/texts/csv"
		}
	},
	"type": "Microsoft.DataFactory/factories/datasets"
}