{
	"name": "DS_ADLS_DTE_EXPENSE_TRIP",
	"properties": {
		"linkedServiceName": {
			"referenceName": "dslabdl",
			"type": "LinkedServiceReference"
		},
		"parameters": {
			"filePath": {
				"type": "String",
				"defaultValue": "/dtus/core/dte/trip/national/csv"
			},
			"fileName": {
				"type": "String",
				"defaultValue": "01.csv"
			}
		},
		"annotations": [],
		"type": "AzureDataLakeStoreFile",
		"structure": [
			{
				"name": "SOURCE_SYSTEM",
				"type": "String"
			},
			{
				"name": "EXPENSE_REPORT_NUMBER",
				"type": "String"
			},
			{
				"name": "TRIP_PERSONNEL_NUMBER",
				"type": "String"
			},
			{
				"name": "TRIP_COUNTRY_GROUP",
				"type": "String"
			},
			{
				"name": "TRIP_LOCATION",
				"type": "String"
			},
			{
				"name": "TRIP_REASON",
				"type": "String"
			},
			{
				"name": "TRIP_REGION_DESTINATION",
				"type": "String"
			},
			{
				"name": "TRIP_USER_NAME",
				"type": "String"
			}
		],
		"typeProperties": {
			"format": {
				"type": "TextFormat",
				"columnDelimiter": ",",
				"rowDelimiter": "",
				"quoteChar": "\"",
				"nullValue": "",
				"treatEmptyAsNull": true,
				"skipLineCount": 0,
				"firstRowAsHeader": true
			},
			"fileName": {
				"value": "@dataset().fileName",
				"type": "Expression"
			},
			"folderPath": {
				"value": "@dataset().filePath",
				"type": "Expression"
			}
		}
	},
	"type": "Microsoft.DataFactory/factories/datasets"
}