{
	"name": "DS_ADLS_MERCURY_ALLIANCE_PRODUCT",
	"properties": {
		"linkedServiceName": {
			"referenceName": "dslabdl",
			"type": "LinkedServiceReference"
		},
		"annotations": [],
		"type": "AzureDataLakeStoreFile",
		"structure": [
			{
				"name": "ALLIANCE_PRODUCT_RECORD_ID",
				"type": "String"
			},
			{
				"name": "ALLIANCE_PRODUCT_ID",
				"type": "String"
			},
			{
				"name": "ALLIANCE_PRODUCT_NAME",
				"type": "String"
			},
			{
				"name": "DELETED_FLG",
				"type": "String"
			},
			{
				"name": "ACTIVE_FLG",
				"type": "String"
			},
			{
				"name": "CREATED_DATE",
				"type": "DateTime",
				"format": "yyyy-MM-dd"
			},
			{
				"name": "CREATED_BY",
				"type": "String"
			},
			{
				"name": "LAST_MODIFIED_DATE",
				"type": "DateTime",
				"format": "yyyy-MM-dd"
			},
			{
				"name": "LAST_MODIFIED_BY",
				"type": "String"
			},
			{
				"name": "SYSTEM_MOD_STAMP",
				"type": "DateTime",
				"format": "yyyy-MM-dd"
			}
		],
		"typeProperties": {
			"format": {
				"type": "TextFormat",
				"columnDelimiter": ",",
				"rowDelimiter": "",
				"quoteChar": "\"",
				"nullValue": "",
				"treatEmptyAsNull": true,
				"skipLineCount": 0,
				"firstRowAsHeader": true
			},
			"fileName": "mercury_alliance_product.csv",
			"folderPath": "/dtus/core/mercury/alliance_product/national/csv"
		}
	},
	"type": "Microsoft.DataFactory/factories/datasets"
}