{
	"name": "DS_ADSL_PART_GL_SHARED",
	"properties": {
		"linkedServiceName": {
			"referenceName": "dslabdl",
			"type": "LinkedServiceReference"
		},
		"parameters": {
			"filePath": {
				"type": "String",
				"defaultValue": "/dtus/core/finance/general_ledger/national/csv/"
			}
		},
		"annotations": [],
		"type": "AzureDataLakeStoreFile",
		"typeProperties": {
			"folderPath": "/dtus/core/finance/general_ledger/national/csv/"
		}
	},
	"type": "Microsoft.DataFactory/factories/datasets"
}