{
	"name": "DS_ADLS_STAFFIT_AVAILABILITY_RECON",
	"properties": {
		"linkedServiceName": {
			"referenceName": "dslabdl",
			"type": "LinkedServiceReference"
		},
		"parameters": {
			"filePath": {
				"type": "String",
				"defaultValue": "/dtus/core/management/reconciliation/staffit/availability"
			},
			"fileName": {
				"type": "String",
				"defaultValue": "2019001.csv"
			}
		},
		"annotations": [],
		"type": "AzureDataLakeStoreFile",
		"structure": [
			{
				"name": "FISCAL_YEAR_PERIOD",
				"type": "Int32"
			},
			{
				"name": "RECORDCOUNT",
				"type": "int32"
			},
			{
				"name": "FWA_LOA_HRS",
				"type": "Decimal"
			},
			{
				"name": "CLIENT_SERVICE_HRS",
				"type": "Decimal"
			},
			{
				"name": "EFFECTIVE_ALLOCATION_HRS",
				"type": "Decimal"
			},
			{
				"name": "EFFECTIVE_ASSIGNED_HRS",
				"type": "Decimal"
			},
			{
				"name": "HB_CLIENT_SERVICE_HRS",
				"type": "Decimal"
			},
			{
				"name": "HB_FIRM_PROJECT_HRS",
				"type": "Decimal"
			},
			{
				"name": "TOTAL_USED_HRS",
				"type": "Decimal"
			},
			{
				"name": "ALLOCATION_HRS",
				"type": "Decimal"
			},
			{
				"name": "ASSIGNED_HRS",
				"type": "Decimal"
			},
			{
				"name": "SCHEDULED_HRS",
				"type": "Decimal"
			},
			{
				"name": "STANDARD_HRS",
				"type": "Decimal"
			},
			{
				"name": "PTO_LOA_HRS",
				"type": "Decimal"
			},
			{
				"name": "SOFT_CS_HRS",
				"type": "Decimal"
			},
			{
				"name": "LOA",
				"type": "Decimal"
			},
			{
				"name": "HOLIDAY",
				"type": "Decimal"
			},
			{
				"name": "TRAINING",
				"type": "Decimal"
			},
			{
				"name": "AVAILABLE_HOLIDAY",
				"type": "Decimal"
			},
			{
				"name": "AVAILABLE_SEPARATED",
				"type": "Decimal"
			},
			{
				"name": "PTO_HOLIDAY",
				"type": "Decimal"
			},
			{
				"name": "PROJECTED_ADJUSTED_UTILIZATION_HRS",
				"type": "Decimal"
			},
			{
				"name": "PROJECTED_UTILIZATION_HRS",
				"type": "Decimal"
			},
			{
				"name": "PROJECTED_UTILIZATION",
				"type": "Decimal"
			},
			{
				"name": "AVAILABLE_HRS",
				"type": "Decimal"
			},
			{
				"name": "EXPECTED_HRS",
				"type": "Decimal"
			}
		],
		"typeProperties": {
			"format": {
				"type": "TextFormat",
				"columnDelimiter": ",",
				"rowDelimiter": "",
				"quoteChar": "\"",
				"nullValue": "",
				"treatEmptyAsNull": true,
				"skipLineCount": 0,
				"firstRowAsHeader": true
			},
			"fileName": {
				"value": "@dataset().fileName",
				"type": "Expression"
			},
			"folderPath": {
				"value": "@dataset().filePath",
				"type": "Expression"
			}
		}
	},
	"type": "Microsoft.DataFactory/factories/datasets"
}