{
	"name": "DS_ADLS_STAFFIT_PRACTITIONER",
	"properties": {
		"linkedServiceName": {
			"referenceName": "dslabdl",
			"type": "LinkedServiceReference"
		},
		"parameters": {
			"filePath": {
				"type": "String",
				"defaultValue": "/dtus/core/staffit/practitioner/national/csv"
			},
			"fileName": {
				"type": "String",
				"defaultValue": "practitioner.csv"
			}
		},
		"annotations": [],
		"type": "AzureDataLakeStoreFile",
		"structure": [
			{
				"name": "EMP_STAFFIT_ID",
				"type": "String"
			},
			{
				"name": "EMP_DATE_FROM",
				"type": "DateTime",
				"format": "yyyy-MM-dd"
			},
			{
				"name": "EMP_DATE_TO",
				"type": "DateTime",
				"format": "yyyy-MM-dd"
			},
			{
				"name": "EMP_MF_EMPLOYEE_TD",
				"type": "String"
			},
			{
				"name": "EMP_KEY",
				"type": "String"
			},
			{
				"name": "EMP_LAST_FIRST_NAME_TD_STAFFIT",
				"type": "String"
			},
			{
				"name": "EMP_MEMBER_FIRM_GUID_TD_STAFFIT",
				"type": "String"
			},
			{
				"name": "EMP_ACTIVE_FLG_TD_STAFFIT",
				"type": "Int"
			},
			{
				"name": "EMP_MEMBER_FIRM_TD_STAFFIT",
				"type": "String"
			},
			{
				"name": "EMP_MEMBER_FIRM_TEXT_TD_STAFFIT",
				"type": "String"
			},
			{
				"name": "EMP_CELL_PHONE_TD_STAFFIT",
				"type": "String"
			},
			{
				"name": "EMP_GLOBAL_ORG_UNIT_TD_STAFFIT",
				"type": "String"
			},
			{
				"name": "EMP_GLOBAL_ORG_UNIT_TEXT_TD_STAFFIT",
				"type": "String"
			},
			{
				"name": "EMP_RESUME_LAST_UPDATED_TD_STAFFIT",
				"type": "DateTime",
				"format": "yyyy-MM-dd"
			},
			{
				"name": "EMP_SKILLS_LAST_UPDATED_TD_STAFFIT",
				"type": "DateTime",
				"format": "yyyy-MM-dd"
			},
			{
				"name": "EMP_SCHEDULE_LAST_UPDATED_TD_STAFFIT",
				"type": "DateTime",
				"format": "yyyy-MM-dd"
			},
			{
				"name": "EMP_SUB_REGION_TD_STAFFIT",
				"type": "String"
			},
			{
				"name": "EMP_SUB_REGION_TEXT_TD_STAFFIT",
				"type": "String"
			},
			{
				"name": "EMP_CONTACT_NUMBERS_TD_STAFFIT",
				"type": "String"
			},
			{
				"name": "EMP_PEP_CHAMPION_PARTNER_TD_STAFFIT",
				"type": "String"
			},
			{
				"name": "EMP_CONTRACT_TYPE_TD_STAFFIT",
				"type": "String"
			},
			{
				"name": "EMP_CONTRACT_TYPE_TEXT_TD_STAFFIT",
				"type": "String"
			},
			{
				"name": "EMP_DEPLOYMENT_ADVOCATE_TD_STAFFIT",
				"type": "String"
			},
			{
				"name": "EMP_DEPLOYMENT_PARTNER_TD_STAFFIT",
				"type": "String"
			},
			{
				"name": "EMP_DRIVERS_LICENSE_TD_STAFFIT",
				"type": "String"
			},
			{
				"name": "EMP_DESK_PHONE_TD_STAFFIT",
				"type": "String"
			},
			{
				"name": "EMP_EMERGENCY_CONTACT_TD_STAFFIT",
				"type": "String"
			},
			{
				"name": "EMP_ENTRY_DATE_TD_STAFFIT",
				"type": "DateTime",
				"format": "yyyy-MM-dd"
			},
			{
				"name": "EMP_GLOBAL_DEPLOYMENT_TD_STAFFIT",
				"type": "String"
			},
			{
				"name": "EMP_INDEPENDENCE_TD_STAFFIT",
				"type": "String"
			},
			{
				"name": "EMP_IPP_STATUS_TD_STAFFIT",
				"type": "String"
			},
			{
				"name": "EMP_LOCATION_TD_STAFFIT",
				"type": "String"
			},
			{
				"name": "EMP_MARKET_AREA_TD_STAFFIT",
				"type": "String"
			},
			{
				"name": "EMP_PAY_GRADE_AREA_TD_STAFFIT",
				"type": "String"
			},
			{
				"name": "EMP_POSTAL_CODE_TD_STAFFIT",
				"type": "String"
			},
			{
				"name": "EMP_TARGET_PROMO_DATE_TD_STAFFIT",
				"type": "DateTime",
				"format": "yyyy-MM-dd"
			},
			{
				"name": "EMP_TRAVEL_RESTRICTIONS_TD_STAFFIT",
				"type": "String"
			},
			{
				"name": "EMP_TERMINATION_DATE_TD_STAFFIT",
				"type": "DateTime",
				"format": "yyyy-MM-dd"
			},
			{
				"name": "EMP_BILLING_RATE_TD_STAFFIT",
				"type": "Decimal"
			},
			{
				"name": "EMP_CAPACITY_UTILIZATION_TD_STAFFIT",
				"type": "Decimal"
			},
			{
				"name": "EMP_LAST_WEEK_CONFIRMATION_TD_STAFFIT",
				"type": "DateTime",
				"format": "yyyy-MM-dd"
			},
			{
				"name": "EMP_LAST_WEEK_COMPLIANCE_TD_STAFFIT",
				"type": "String"
			},
			{
				"name": "EMP_MONTHLY_HOURS_TD_STAFFIT",
				"type": "Decimal"
			},
			{
				"name": "EMP_WEEKLY_HOURS_TD_STAFFIT",
				"type": "Decimal"
			},
			{
				"name": "EMP_DAILY_HOURS_TD_STAFFIT",
				"type": "Decimal"
			},
			{
				"name": "EMP_WORK_DAYS_TD_STAFFIT",
				"type": "Decimal"
			},
			{
				"name": "EMP_ANNUAL_HOURS_TD_STAFFIT",
				"type": "Decimal"
			},
			{
				"name": "EMP_NATIONALITY_TD_STAFFIT",
				"type": "String"
			},
			{
				"name": "EMP_2ND_NATIONALITY_TD_STAFFIT",
				"type": "String"
			},
			{
				"name": "EMP_3RD_NATIONALITY_TD_STAFFIT",
				"type": "String"
			},
			{
				"name": "EMP_WS_RULE_TD_STAFFIT",
				"type": "String"
			},
			{
				"name": "EMP_WS_RULE_TEXT_TD_STAFFIT",
				"type": "String"
			},
			{
				"name": "EMP_WORK_AUTHENTICATION_TD_STAFFIT",
				"type": "String"
			},
			{
				"name": "EMP_WORK_AUTHENTICATION_DATE_TD_STAFFIT",
				"type": "DateTime",
				"format": "yyyy-MM-dd"
			},
			{
				"name": "EMP_MASTER_COST_CENTER_TD_STAFFIT",
				"type": "String"
			},
			{
				"name": "EMP_TELEPHONE_TD_STAFFIT",
				"type": "String"
			},
			{
				"name": "EMP_EMERGENCY_TEL_TD_STAFFIT",
				"type": "String"
			},
			{
				"name": "EMP_CHANGED_BY_TD_STAFFIT",
				"type": "String"
			},
			{
				"name": "EMP_ONBOARDING_ADVISOR_TD_STAFFIT",
				"type": "String"
			},
			{
				"name": "EMP_VENDOR_CITY_TD_STAFFIT",
				"type": "String"
			},
			{
				"name": "EMP_STATE_TD_STAFFIT",
				"type": "String"
			},
			{
				"name": "EMP_HOME_COUNTRY_TD_STAFFIT",
				"type": "String"
			},
			{
				"name": "EMP_LAST_LOADED_TIMESTAMP_TD_STAFFIT",
				"type": "DateTime",
				"format": "yyyy-MM-dd"
			},
			{
				"name": "EMP_SECURITY_CLEARANCE_1_TD_STAFFIT",
				"type": "String"
			},
			{
				"name": "EMP_SECURITY_CLEARANCE_2_TD_STAFFIT",
				"type": "String"
			},
			{
				"name": "EMP_CAR_TD_STAFFIT",
				"type": "String"
			},
			{
				"name": "EMP_OFFICE_BLOCK_TD_STAFFIT",
				"type": "String"
			},
			{
				"name": "EMP_IPP_LEVEL_TD_STAFFIT",
				"type": "String"
			},
			{
				"name": "EMP_INDEPENDENCE_COMMENT_TD_STAFFIT",
				"type": "String"
			},
			{
				"name": "EMP_IPP_INDUSTRY_TD_STAFFIT",
				"type": "String"
			},
			{
				"name": "EMP_RM_KEY_TD_STAFFIT",
				"type": "String"
			},
			{
				"name": "EMP_RM_STAFFIT_ID_TD_STAFFIT",
				"type": "String"
			},
			{
				"name": "EMP_RM_MF_EMPLOYEE_TD_STAFFIT",
				"type": "String"
			},
			{
				"name": "EMP_RM_EMAIL_TD_STAFFIT",
				"type": "String"
			},
			{
				"name": "EMP_RM_USER_NAME_TD_STAFFIT",
				"type": "String"
			},
			{
				"name": "EMP_RM_TEXT_TD_STAFFIT",
				"type": "String"
			},
			{
				"name": "EMP_RM_LAST_NAME_TD_STAFFIT",
				"type": "String"
			},
			{
				"name": "EMP_RM_FIRST_NAME_TD_STAFFIT",
				"type": "String"
			},
			{
				"name": "EMP_LEVEL_TD_STAFFIT",
				"type": "String"
			},
			{
				"name": "EMP_LEVEL_TEXT_TD_STAFFIT",
				"type": "String"
			},
			{
				"name": "EMP_LEVEL_GROUP_TD_STAFFIT",
				"type": "String"
			},
			{
				"name": "EMP_LEVEL_GROUP_TEXT_TD_STAFFIT",
				"type": "String"
			},
			{
				"name": "EMP_SECONDARY_MARKET_TD_STAFFIT",
				"type": "String"
			},
			{
				"name": "EMP_SECONDARY_MARKET_TEXT_TD_STAFFIT",
				"type": "String"
			},
			{
				"name": "EMP_CONTROLLING_AREA_TEXT_TD_STAFFIT",
				"type": "String"
			},
			{
				"name": "EMP_PARTNER_LEGAL_ENTITY_TD_STAFFIT",
				"type": "String"
			},
			{
				"name": "EMP_PARTNER_LEGAL_ENTITY_TEXT_TD_STAFFIT",
				"type": "String"
			},
			{
				"name": "EMP_BUSINESS_CELL_PHONE_TD_STAFFIT",
				"type": "String"
			},
			{
				"name": "EMP_WORK_CONTACT_TD_STAFFIT",
				"type": "String"
			},
			{
				"name": "EMP_WORK_CONTACT_TEXT_TD_STAFFIT",
				"type": "String"
			},
			{
				"name": "EMP_PANREX_TD_STAFFIT",
				"type": "String"
			},
			{
				"name": "EMP_LEVEL_RANK_TD_STAFFIT",
				"type": "String"
			},
			{
				"name": "EMP_VENDOR_TD_STAFFIT",
				"type": "String"
			},
			{
				"name": "EMP_VENDOR_TEXT_TD_STAFFIT",
				"type": "String"
			},
			{
				"name": "EMP_VENDOR_MODULE_TD_STAFFIT",
				"type": "String"
			},
			{
				"name": "EMP_VENDOR_MODULE_TEXT_TD_STAFFIT",
				"type": "String"
			},
			{
				"name": "EMP_CAREER_MODULE_TD_STAFFIT",
				"type": "String"
			},
			{
				"name": "EMP_CAREER_MODULE_TEXT_TD_STAFFIT",
				"type": "String"
			},
			{
				"name": "EMP_HIRE_SOURCE_TYPE_TD_STAFFIT",
				"type": "String"
			},
			{
				"name": "EMP_HIRE_SOURCE_TYPE_TEXT_TD_STAFFIT",
				"type": "String"
			},
			{
				"name": "EMP_CORE_PRIMARY_INDUSTRY_TD_STAFFIT",
				"type": "String"
			},
			{
				"name": "EMP_CORE_PRIMARY_INDUSTRY_TEXT_TD_STAFFIT",
				"type": "String"
			},
			{
				"name": "EMP_CUSTOM_FIELD_1_TD_STAFFIT",
				"type": "String"
			},
			{
				"name": "EMP_CUSTOM_FIELD_2_TD_STAFFIT",
				"type": "String"
			},
			{
				"name": "EMP_CUSTOM_FIELD_3_TD_STAFFIT",
				"type": "String"
			},
			{
				"name": "EMP_CUSTOM_FIELD_4_TD_STAFFIT",
				"type": "String"
			},
			{
				"name": "EMP_CUSTOM_FIELD_5_TD_STAFFIT",
				"type": "String"
			},
			{
				"name": "EMP_GLOBAL_LEVEL_TD_STAFFIT",
				"type": "String"
			},
			{
				"name": "EMP_GLOBAL_LEVEL_TEXT_TD_STAFFIT",
				"type": "String"
			},
			{
				"name": "EMP_CORE_OFFICE_TD_STAFFIT",
				"type": "String"
			},
			{
				"name": "EMP_CORE_OFFICE_TEXT_TD_STAFFIT",
				"type": "String"
			},
			{
				"name": "EMP_CORE_REGION_TEXT_TD_STAFFIT",
				"type": "String"
			},
			{
				"name": "EMP_GLOBAL_CAPABILITY_TD_STAFFIT",
				"type": "String"
			},
			{
				"name": "EMP_GLOBAL_CAPABILITY_TEXT_TD_STAFFIT",
				"type": "String"
			},
			{
				"name": "EMP_CHANGED_DATE_TD_STAFFIT",
				"type": "DateTime",
				"format": "yyyy-MM-dd"
			},
			{
				"name": "EMP_HIRED_FISCAL_PERIOD_TD_STAFFIT",
				"type": "Int"
			},
			{
				"name": "EMP_ISX_LCA_TD_STAFFIT",
				"type": "String"
			},
			{
				"name": "EMP_ISX_PART_TIME_TD_STAFFIT",
				"type": "String"
			},
			{
				"name": "EMP_ISX_PPD_TD_STAFFIT",
				"type": "String"
			},
			{
				"name": "EMP_ISY_LOA_TD_STAFFIT",
				"type": "String"
			},
			{
				"name": "EMP_ISY_LESS_40_HRS_TD_STAFFIT",
				"type": "String"
			},
			{
				"name": "EMP_ISX_PARTNER_TD_STAFFIT",
				"type": "String"
			},
			{
				"name": "EMP_ISX_DIRECTOR_TD_STAFFIT",
				"type": "String"
			},
			{
				"name": "EMP_ISX_SNR_MANAGER_TD_STAFFIT",
				"type": "String"
			},
			{
				"name": "EMP_ISX_FEDERAL_TD_STAFFIT",
				"type": "String"
			},
			{
				"name": "EMP_REDUCED_WORK_SCHEDULE_TD_STAFFIT",
				"type": "String"
			},
			{
				"name": "EMP_JOB_LEVEL_RANK_TD_STAFFIT",
				"type": "Int"
			},
			{
				"name": "EMP_JOB_LEVEL_GROUP_TD_STAFFIT",
				"type": "String"
			},
			{
				"name": "EMP_JOB_LEVEL_GROUP_TEXT_TD_STAFFIT",
				"type": "String"
			},
			{
				"name": "EMP_JOB_LEVEL_GROUP_RANK_TD_STAFFIT",
				"type": "Int"
			},
			{
				"name": "EMP_FTE_FLG_TD_STAFFIT",
				"type": "Int"
			},
			{
				"name": "EMP_PRACTICE_GROUP_TEXT_TD_STAFFIT",
				"type": "String"
			},
			{
				"name": "EMP_KEY_INTERVAL_STAFFIT",
				"type": "String"
			},
			{
				"name": "EMP_CORE_BUSINESS_AREA_TEXT_TD_STAFFIT",
				"type": "String"
			},
			{
				"name": "EMP_CORE_BUSINESS_LINE_TEXT_TD_STAFFIT",
				"type": "String"
			},
			{
				"name": "EMP_RESUME_LAST_UPDATED_EMPTY_FLG_STAFFIT",
				"type": "Int"
			},
			{
				"name": "EMP_SKILLS_LAST_UPDATED_EMPTY_FLG_STAFFIT",
				"type": "Int"
			},
			{
				"name": "EMP_SCHEDULE_LAST_UPDATED_EMPTY_FLG_STAFFIT",
				"type": "Int"
			},
			{
				"name": "EMP_CURRENT_FLG_STAFFIT",
				"type": "Int"
			}
		],
		"typeProperties": {
			"format": {
				"type": "TextFormat",
				"columnDelimiter": ",",
				"rowDelimiter": "",
				"quoteChar": "\"",
				"nullValue": "",
				"treatEmptyAsNull": true,
				"skipLineCount": 0,
				"firstRowAsHeader": true
			},
			"fileName": {
				"value": "@dataset().fileName",
				"type": "Expression"
			},
			"folderPath": {
				"value": "@dataset().filePath",
				"type": "Expression"
			}
		}
	},
	"type": "Microsoft.DataFactory/factories/datasets"
}