{
	"name": "DS_ADSL_AR_SHARED",
	"properties": {
		"linkedServiceName": {
			"referenceName": "dslabdl",
			"type": "LinkedServiceReference"
		},
		"parameters": {
			"filePath": {
				"type": "String",
				"defaultValue": "/dtus/core/finance/accounts_receivables/national/csv/2018"
			},
			"fileName": {
				"type": "String",
				"defaultValue": "2018001"
			}
		},
		"annotations": [],
		"type": "AzureDataLakeStoreFile",
		"structure": [
			{
				"name": "ACCOUNT",
				"type": "String"
			},
			{
				"name": "BILL_PRTNR_AT_POST",
				"type": "String"
			},
			{
				"name": "BILL_TYPE",
				"type": "String"
			},
			{
				"name": "BILL_TYPE_TEXT",
				"type": "String"
			},
			{
				"name": "CLEAR_DATE",
				"type": "DateTime",
				"format": "yyyy-MM-dd"
			},
			{
				"name": "CLEAR_DOCUMENT",
				"type": "String"
			},
			{
				"name": "CLIENT",
				"type": "String"
			},
			{
				"name": "CLIENT_PAYMENT_TERMS",
				"type": "String"
			},
			{
				"name": "CLIENT_PAYMENT_TERMS_TEXT",
				"type": "String"
			},
			{
				"name": "COMPANY_CODE",
				"type": "String"
			},
			{
				"name": "DOC_DATE",
				"type": "DateTime",
				"format": "yyyy-MM-dd"
			},
			{
				"name": "DOCUMENT_NUMBER",
				"type": "String"
			},
			{
				"name": "DOCUMENT_REVERSE_FLAG",
				"type": "String"
			},
			{
				"name": "DOCUMENT_TYPE",
				"type": "String"
			},
			{
				"name": "DOCUMENT_TYPE_TEXT",
				"type": "String"
			},
			{
				"name": "FISCAL_PERIOD",
				"type": "String"
			},
			{
				"name": "FISCAL_YEAR",
				"type": "String"
			},
			{
				"name": "FISCAL_YEAR_PERIOD",
				"type": "String"
			},
			{
				"name": "FISCAL_YEAR_PERIOD_CLR",
				"type": "String"
			},
			{
				"name": "FISCAL_YEAR_PERIOD_DOC",
				"type": "String"
			},
			{
				"name": "FISCAL_YEAR_PERIOD_INV",
				"type": "String"
			},
			{
				"name": "FISCAL_YEAR_PERIOD_INV_NTD",
				"type": "String"
			},
			{
				"name": "FISCAL_YEAR_PERIOD_NTD",
				"type": "String"
			},
			{
				"name": "FISCAL_YEAR_PERIOD_POST",
				"type": "String"
			},
			{
				"name": "INTERFIRM_IND",
				"type": "Int32"
			},
			{
				"name": "INTERFIRM_IND_TEXT",
				"type": "String"
			},
			{
				"name": "INVOICE_DATE",
				"type": "DateTime",
				"format": "yyyy-MM-dd"
			},
			{
				"name": "INVOICE_MEDIUM",
				"type": "String"
			},
			{
				"name": "INVOICE_NETDUE_DATE",
				"type": "DateTime",
				"format": "yyyy-MM-dd"
			},
			{
				"name": "INVOICE_NUMBER",
				"type": "String"
			},
			{
				"name": "INVOICE_NUMBER_LEGACY",
				"type": "String"
			},
			{
				"name": "INVOICE_REVERSE_FLAG",
				"type": "String"
			},
			{
				"name": "INVOICE_STATUS",
				"type": "String"
			},
			{
				"name": "LAST_BILL_DATE",
				"type": "DateTime",
				"format": "yyyy-MM-dd"
			},
			{
				"name": "NETDUE_DATE",
				"type": "DateTime",
				"format": "yyyy-MM-dd"
			},
			{
				"name": "PARENT_CLIENT",
				"type": "String"
			},
			{
				"name": "POST_DATE",
				"type": "DateTime",
				"format": "yyyy-MM-dd"
			},
			{
				"name": "POSTING_KEY",
				"type": "String"
			},
			{
				"name": "POSTING_KEY_TEXT",
				"type": "String"
			},
			{
				"name": "PROFIT_CENTER",
				"type": "String"
			},
			{
				"name": "WBS",
				"type": "String"
			},
			{
				"name": "WBS_AVG_DAY_PAY",
				"type": "Int32"
			},
			{
				"name": "WBS_LAST_INVOICE_DATE",
				"type": "DateTime",
				"format": "yyyy-MM-dd"
			},
			{
				"name": "WBS_LEGACY",
				"type": "String"
			},
			{
				"name": "WBS_LEVEL",
				"type": "Int32"
			},
			{
				"name": "WBS_LEVEL1",
				"type": "String"
			},
			{
				"name": "WBS_LEVEL2",
				"type": "String"
			},
			{
				"name": "WBS_PAYMENT_TERMS",
				"type": "String"
			},
			{
				"name": "WBS_PAYMENT_TERMS_TEXT",
				"type": "String"
			},
			{
				"name": "ACQ_OUTSD",
				"type": "Decimal"
			},
			{
				"name": "ACQ_WIP",
				"type": "Decimal"
			},
			{
				"name": "AGING_1_30",
				"type": "Decimal"
			},
			{
				"name": "AGING_1_30_WOIF",
				"type": "Decimal"
			},
			{
				"name": "AGING_121_180",
				"type": "Decimal"
			},
			{
				"name": "AGING_121_180_WOIF",
				"type": "Decimal"
			},
			{
				"name": "AGING_181_365",
				"type": "Decimal"
			},
			{
				"name": "AGING_181_365_WOIF",
				"type": "Decimal"
			},
			{
				"name": "AGING_31_60",
				"type": "Decimal"
			},
			{
				"name": "AGING_31_60_WOIF",
				"type": "Decimal"
			},
			{
				"name": "AGING_61_90",
				"type": "Decimal"
			},
			{
				"name": "AGING_61_90_WOIF",
				"type": "Decimal"
			},
			{
				"name": "AGING_91_120",
				"type": "Decimal"
			},
			{
				"name": "AGING_91_120_WOIF",
				"type": "Decimal"
			},
			{
				"name": "AGING_OVER_365",
				"type": "Decimal"
			},
			{
				"name": "AGING_OVER_365_WOIF",
				"type": "Decimal"
			},
			{
				"name": "AGING_OVER_90",
				"type": "Decimal"
			},
			{
				"name": "AGING_OVER_90_WOIF",
				"type": "Decimal"
			},
			{
				"name": "AGING_RESERVE",
				"type": "Decimal"
			},
			{
				"name": "BILLED",
				"type": "Decimal"
			},
			{
				"name": "BILLED_LTD",
				"type": "Decimal"
			},
			{
				"name": "BILLED_YTD",
				"type": "Decimal"
			},
			{
				"name": "COLL",
				"type": "Decimal"
			},
			{
				"name": "COLL_LTD",
				"type": "Decimal"
			},
			{
				"name": "COLL_YTD",
				"type": "Decimal"
			},
			{
				"name": "FSS_LEGAL_RECLS",
				"type": "Decimal"
			},
			{
				"name": "INTEREST",
				"type": "Decimal"
			},
			{
				"name": "MANUAL_AR",
				"type": "Decimal"
			},
			{
				"name": "MANUAL_RESERVE",
				"type": "Decimal"
			},
			{
				"name": "NET_ACT",
				"type": "Decimal"
			},
			{
				"name": "NET_ACT_CP",
				"type": "Decimal"
			},
			{
				"name": "NET_ACT_LTD",
				"type": "Decimal"
			},
			{
				"name": "NET_ACT_YTD",
				"type": "Decimal"
			},
			{
				"name": "NET_REC",
				"type": "Decimal"
			},
			{
				"name": "NET_REC_WOIF",
				"type": "Decimal"
			},
			{
				"name": "NON_CURR",
				"type": "Decimal"
			},
			{
				"name": "OUTSD_INV",
				"type": "Decimal"
			},
			{
				"name": "OUTSD_INV_WOIF",
				"type": "Decimal"
			},
			{
				"name": "TOT_REC",
				"type": "Decimal"
			},
			{
				"name": "TOT_REC_WOIF",
				"type": "Decimal"
			},
			{
				"name": "TOT_RESERVE",
				"type": "Decimal"
			},
			{
				"name": "TOT_WIP",
				"type": "Decimal"
			},
			{
				"name": "WRITE_OFFS",
				"type": "Decimal"
			}
		],
		"typeProperties": {
			"format": {
				"type": "TextFormat",
				"columnDelimiter": ",",
				"rowDelimiter": "",
				"quoteChar": "\"",
				"nullValue": "",
				"treatEmptyAsNull": true,
				"skipLineCount": 0,
				"firstRowAsHeader": true
			},
			"fileName": {
				"value": "@dataset().fileName",
				"type": "Expression"
			},
			"folderPath": {
				"value": "@dataset().filePath",
				"type": "Expression"
			}
		}
	},
	"type": "Microsoft.DataFactory/factories/datasets"
}