{
	"name": "DS_ADLS_MCE_AOI",
	"properties": {
		"linkedServiceName": {
			"referenceName": "dslabdl",
			"type": "LinkedServiceReference"
		},
		"annotations": [],
		"type": "AzureDataLakeStoreFile",
		"structure": [
			{
				"name": "AOI_RECORD_ID",
				"type": "String"
			},
			{
				"name": "AOI_ID",
				"type": "String"
			},
			{
				"name": "AOI_CONTACT_ID",
				"type": "String"
			},
			{
				"name": "AOI_STATUS",
				"type": "String"
			},
			{
				"name": "AOI_STATUS_DATE",
				"type": "DateTime",
				"format": "yyyy-MM-dd"
			},
			{
				"name": "AOI_NAME",
				"type": "String"
			},
			{
				"name": "AOI_IS_DELETED",
				"type": "String"
			},
			{
				"name": "AOI_LIST_GROUP",
				"type": "String"
			},
			{
				"name": "AOI_LIST_STATUS",
				"type": "String"
			},
			{
				"name": "AOI_LIST_INACTIVE_DATE",
				"type": "DateTime",
				"format": "yyyy-MM-dd"
			},
			{
				"name": "AOI_CHOSEN_BY",
				"type": "String"
			}
		],
		"typeProperties": {
			"format": {
				"type": "TextFormat",
				"columnDelimiter": ",",
				"rowDelimiter": "",
				"quoteChar": "\"",
				"nullValue": "",
				"treatEmptyAsNull": true,
				"skipLineCount": 0,
				"firstRowAsHeader": true
			},
			"fileName": "aoi.csv",
			"folderPath": "/dtus/core/mce/aoi/national/csv"
		}
	},
	"type": "Microsoft.DataFactory/factories/datasets"
}