{
	"name": "DS_ADLS_DTE_FLY_COMPLIANT_RECON",
	"properties": {
		"linkedServiceName": {
			"referenceName": "dslabdl",
			"type": "LinkedServiceReference"
		},
		"annotations": [],
		"type": "AzureDataLakeStoreFile",
		"structure": [
			{
				"name": "Description",
				"type": "String"
			},
			{
				"name": "RecordCount",
				"type": "int32"
			}
		],
		"typeProperties": {
			"format": {
				"type": "TextFormat",
				"columnDelimiter": ",",
				"rowDelimiter": "",
				"quoteChar": "\"",
				"nullValue": "",
				"treatEmptyAsNull": true,
				"skipLineCount": 0,
				"firstRowAsHeader": true
			},
			"fileName": "dte_fly_compliant_count.csv",
			"folderPath": "/dtus/core/management/dte/reconciliation/csv"
		}
	},
	"type": "Microsoft.DataFactory/factories/datasets"
}