{
	"name": "DS_ADLS_RM_AUDIT_REQUEST_SKILLS",
	"properties": {
		"linkedServiceName": {
			"referenceName": "dslabdl",
			"type": "LinkedServiceReference"
		},
		"parameters": {
			"filePath": {
				"type": "String",
				"defaultValue": "/dtus/core/stafftrak_aa/audit_request_skills/national/csv"
			},
			"fileName": {
				"type": "String",
				"defaultValue": "audit_request_skills.csv"
			}
		},
		"annotations": [],
		"type": "AzureDataLakeStoreFile",
		"structure": [
			{
				"name": "REQUEST_ID",
				"type": "Int"
			},
			{
				"name": "SKILL_LEVEL",
				"type": "String"
			},
			{
				"name": "SKILL_TYPE",
				"type": "String"
			},
			{
				"name": "MANDATORY_SKILL",
				"type": "String"
			},
			{
				"name": "PREFERRED_SKILL",
				"type": "String"
			},
			{
				"name": "SKILL_NAME",
				"type": "String"
			},
			{
				"name": "SKILL_ID",
				"type": "String"
			}
		],
		"typeProperties": {
			"format": {
				"type": "TextFormat",
				"columnDelimiter": ",",
				"rowDelimiter": "",
				"quoteChar": "\"",
				"nullValue": "",
				"treatEmptyAsNull": true,
				"skipLineCount": 0,
				"firstRowAsHeader": true
			},
			"fileName": {
				"value": "@dataset().fileName",
				"type": "Expression"
			},
			"folderPath": {
				"value": "@dataset().filePath",
				"type": "Expression"
			}
		}
	},
	"type": "Microsoft.DataFactory/factories/datasets"
}