{
	"name": "DS_ADLS_MCE_ACCOUNT_ISSUE",
	"properties": {
		"linkedServiceName": {
			"referenceName": "dslabdl",
			"type": "LinkedServiceReference"
		},
		"annotations": [],
		"type": "AzureDataLakeStoreFile",
		"structure": [
			{
				"name": "MKT_DEV_ACC_ID",
				"type": "Int64"
			},
			{
				"name": "FISCAL_YEAR",
				"type": "String"
			},
			{
				"name": "SUBISSUE_ID",
				"type": "Int32"
			},
			{
				"name": "SUBISSUE_NAME",
				"type": "String"
			},
			{
				"name": "SUBISSUE_ISACTIVE",
				"type": "Int16"
			},
			{
				"name": "ISSUE_ID",
				"type": "Int32"
			},
			{
				"name": "ISSUE_NAME",
				"type": "String"
			},
			{
				"name": "ISSUE_ISACTIVE",
				"type": "Int16"
			},
			{
				"name": "THEME",
				"type": "String"
			}
		],
		"typeProperties": {
			"format": {
				"type": "TextFormat",
				"columnDelimiter": ",",
				"rowDelimiter": "",
				"quoteChar": "\"",
				"nullValue": "",
				"treatEmptyAsNull": true,
				"skipLineCount": 0,
				"firstRowAsHeader": true
			},
			"fileName": "account_issue.csv",
			"folderPath": "/dtus/core/mce/account_issue/national/csv"
		}
	},
	"type": "Microsoft.DataFactory/factories/datasets"
}