{
	"name": "DS_ADLS_MCE_DIM_CAMPAIGN",
	"properties": {
		"linkedServiceName": {
			"referenceName": "dslabdl",
			"type": "LinkedServiceReference"
		},
		"annotations": [],
		"type": "AzureDataLakeStoreFile",
		"structure": [
			{
				"name": "CAMPAIGN_RECORD_ID",
				"type": "String"
			},
			{
				"name": "ACTIVITY",
				"type": "String"
			},
			{
				"name": "ACTIVITY_TYPE",
				"type": "String"
			},
			{
				"name": "CAMPAIGN_RECORD_TYPE",
				"type": "String"
			},
			{
				"name": "CAMPAIGN_ID",
				"type": "String"
			},
			{
				"name": "CAMPAIGN_NAME",
				"type": "String"
			},
			{
				"name": "CAMPAIGN_NAME_ORIG",
				"type": "String"
			},
			{
				"name": "ACTIVITY_ID",
				"type": "String"
			},
			{
				"name": "ACTIVITY_NAME",
				"type": "String"
			},
			{
				"name": "ACTIVITY_NAME_ORIG",
				"type": "String"
			},
			{
				"name": "SUB_ACTIVITY_ID",
				"type": "String"
			},
			{
				"name": "SUB_ACTIVITY_NAME",
				"type": "String"
			},
			{
				"name": "SUB_ACTIVITY_NAME_ORIG",
				"type": "String"
			},
			{
				"name": "SUB_ACTIVITY_TYPE",
				"type": "String"
			},
			{
				"name": "CAMPAIGN_MANAGER",
				"type": "String"
			},
			{
				"name": "CAMPAIGN_MANAGER_EMAIL",
				"type": "String"
			},
			{
				"name": "CAMPAIGN_MANAGER_NAME",
				"type": "String"
			},
			{
				"name": "CAMPAIGN_MANAGER_JOB_TITLE",
				"type": "String"
			},
			{
				"name": "EMAIL_TYPE",
				"type": "String"
			},
			{
				"name": "EMINENCE_REGISTRY_PUBLICATION_ID",
				"type": "String"
			},
			{
				"name": "KEY",
				"type": "String"
			},
			{
				"name": "PRIOR_CAMPAIGN",
				"type": "String"
			},
			{
				"name": "PRIOR_CAMPAIGN_NAME",
				"type": "String"
			},
			{
				"name": "PROGRAM",
				"type": "String"
			},
			{
				"name": "PROGRAM_NAME",
				"type": "String"
			},
			{
				"name": "PROGRAM_BUSINESS",
				"type": "String"
			},
			{
				"name": "PROGRAM_GROUP",
				"type": "String"
			},
			{
				"name": "PROGRAM_INDUSTRY",
				"type": "String"
			},
			{
				"name": "PROGRAM_SECTOR",
				"type": "String"
			},
			{
				"name": "RECORD_TYPE_TEXT",
				"type": "String"
			},
			{
				"name": "RECORD_TYPE_ID",
				"type": "String"
			},
			{
				"name": "SPLIT_CAMPAIGN",
				"type": "String"
			},
			{
				"name": "SPLIT_CAMPAIGN_NAME",
				"type": "String"
			},
			{
				"name": "SPLIT_LPX_CODE",
				"type": "String"
			},
			{
				"name": "STATUS",
				"type": "String"
			},
			{
				"name": "FRIENDLY_CAMPAIGN_NAME",
				"type": "String"
			},
			{
				"name": "SRC_SYS_ID",
				"type": "String"
			},
			{
				"name": "START_DATE",
				"type": "DateTime",
				"format": "yyyy-MM-dd"
			},
			{
				"name": "END_DATE",
				"type": "DateTime",
				"format": "yyyy-MM-dd"
			},
			{
				"name": "MC_WBS_LEVEL4",
				"type": "String"
			},
			{
				"name": "CAMPAIGN_PROGRAM",
				"type": "String"
			},
			{
				"name": "CAMPAIGN_PROGRAM_NAME",
				"type": "String"
			},
			{
				"name": "CAMPAIGN_CATEGORY",
				"type": "String"
			},
			{
				"name": "CONTENT_SPONSOR",
				"type": "String"
			},
			{
				"name": "CONTENT_SPONSOR_SERVICE_LINE",
				"type": "String"
			},
			{
				"name": "FUNCTION",
				"type": "String"
			},
			{
				"name": "LEVEL",
				"type": "String"
			},
			{
				"name": "ROLL_OVER",
				"type": "String"
			},
			{
				"name": "JC_FY",
				"type": "String"
			},
			{
				"name": "PERIOD",
				"type": "String"
			},
			{
				"name": "CAMPAIGN_GROUP",
				"type": "String"
			},
			{
				"name": "WF_CAMPAIGN_TITLE",
				"type": "String"
			},
			{
				"name": "WF_NAME",
				"type": "String"
			},
			{
				"name": "WF_PRIMARY_BUSINESS_AREA",
				"type": "String"
			},
			{
				"name": "WF_PRIMARY_MD_AREAS",
				"type": "String"
			},
			{
				"name": "WF_STATUS",
				"type": "String"
			},
			{
				"name": "WF_CHARGE_CODE",
				"type": "String"
			},
			{
				"name": "CMO_CHANNEL",
				"type": "String"
			},
			{
				"name": "JOB_LEVEL",
				"type": "String"
			},
			{
				"name": "JOB_FUNCTION",
				"type": "String"
			},
			{
				"name": "SMP_EMAIL",
				"type": "String"
			},
			{
				"name": "SMP_NAME",
				"type": "String"
			},
			{
				"name": "SMP_JOB_TITLE",
				"type": "String"
			},
			{
				"name": "PPD_SPONSOR_NAME",
				"type": "String"
			},
			{
				"name": "PPD_SPONSOR_EMAIL",
				"type": "String"
			},
			{
				"name": "PPD_SPONSOR_JOB_TITLE",
				"type": "String"
			}
		],
		"typeProperties": {
			"format": {
				"type": "TextFormat",
				"columnDelimiter": ",",
				"rowDelimiter": "",
				"quoteChar": "\"",
				"nullValue": "",
				"treatEmptyAsNull": true,
				"skipLineCount": 0,
				"firstRowAsHeader": true
			},
			"fileName": "dim_campaign.csv",
			"folderPath": "/dtus/core/mce/dim_campaign/national/csv"
		}
	},
	"type": "Microsoft.DataFactory/factories/datasets"
}