{
	"name": "DS_ADLS_STAFFIT_APPLICANT",
	"properties": {
		"linkedServiceName": {
			"referenceName": "dslabdl",
			"type": "LinkedServiceReference"
		},
		"parameters": {
			"filePath": {
				"type": "String",
				"defaultValue": "/dtus/core/staffit/applicant/national/csv"
			},
			"fileName": {
				"type": "String",
				"defaultValue": "applicant.csv"
			}
		},
		"annotations": [],
		"type": "AzureDataLakeStoreFile",
		"structure": [
			{
				"name": "DEMAND",
				"type": "String"
			},
			{
				"name": "ROLE",
				"type": "String"
			},
			{
				"name": "EMP_STAFFIT_ID",
				"type": "String"
			},
			{
				"name": "DATE_FROM",
				"type": "DateTime",
				"format": "yyyy-MM-dd"
			},
			{
				"name": "DATE_TO",
				"type": "DateTime",
				"format": "yyyy-MM-dd"
			},
			{
				"name": "CANDIDATE_STATUS_TD",
				"type": "String"
			},
			{
				"name": "CANDIDATE_STATUS_TEXT_TD",
				"type": "String"
			},
			{
				"name": "CANDIDATE_STATUS_SHORT_TEXT_TD",
				"type": "String"
			},
			{
				"name": "CANDIDATE_REJECTION_TD",
				"type": "String"
			},
			{
				"name": "CANDIDATE_REJECTION_TEXT_TD",
				"type": "String"
			},
			{
				"name": "CANDIDATE_STAFFED_DAY_TD",
				"type": "Decimal"
			},
			{
				"name": "CANDIDATE_ISX_ASSIGNMENT_FLG_TD",
				"type": "String"
			},
			{
				"name": "CALENDAR_DATE_TD",
				"type": "DateTime",
				"format": "yyyy-MM-dd"
			},
			{
				"name": "LOAD_TIMESTAMP",
				"type": "DateTime",
				"format": "yyyy-MM-dd"
			}
		],
		"typeProperties": {
			"format": {
				"type": "TextFormat",
				"columnDelimiter": ",",
				"rowDelimiter": "",
				"quoteChar": "\"",
				"nullValue": "",
				"treatEmptyAsNull": true,
				"skipLineCount": 0,
				"firstRowAsHeader": true
			},
			"fileName": {
				"value": "@dataset().fileName",
				"type": "Expression"
			},
			"folderPath": {
				"value": "@dataset().filePath",
				"type": "Expression"
			}
		}
	},
	"type": "Microsoft.DataFactory/factories/datasets"
}