{
	"name": "DS_ADLS_MCE_CAMPAIGN_ISSUE",
	"properties": {
		"linkedServiceName": {
			"referenceName": "dslabdl",
			"type": "LinkedServiceReference"
		},
		"annotations": [],
		"type": "AzureDataLakeStoreFile",
		"structure": [
			{
				"name": "ACTIVITY_ID",
				"type": "String"
			},
			{
				"name": "CAMP_SUBISSUE_ID",
				"type": "Int32"
			},
			{
				"name": "CAMP_SUBISSUE_NAME",
				"type": "String"
			},
			{
				"name": "CAMP_SUBISSUE_IS_ACTIVE",
				"type": "Int16"
			},
			{
				"name": "CAMP_ISSUE_ID",
				"type": "Int32"
			},
			{
				"name": "CAMP_ISSUE_NAME",
				"type": "String"
			},
			{
				"name": "CAMP_ISSUE_IS_ACTIVE",
				"type": "Int16"
			},
			{
				"name": "CAMP_ISSUE_THEME",
				"type": "String"
			}
		],
		"typeProperties": {
			"format": {
				"type": "TextFormat",
				"columnDelimiter": ",",
				"rowDelimiter": "",
				"quoteChar": "\"",
				"nullValue": "",
				"treatEmptyAsNull": true,
				"skipLineCount": 0,
				"firstRowAsHeader": true
			},
			"fileName": "campaign_issue.csv",
			"folderPath": "/dtus/core/mce/campaign_issue/national/csv"
		}
	},
	"type": "Microsoft.DataFactory/factories/datasets"
}