{
	"name": "DS_ADLS_RM_AA_REQUEST_HOURS_DETAILED",
	"properties": {
		"linkedServiceName": {
			"referenceName": "dslabdl",
			"type": "LinkedServiceReference"
		},
		"parameters": {
			"filePath": {
				"type": "String",
				"defaultValue": "/dtus/core/stafftrak_aa/request_hours_detailed/national/csv"
			},
			"fileName": {
				"type": "String",
				"defaultValue": "request_hours_detailed.csv"
			}
		},
		"annotations": [],
		"type": "AzureDataLakeStoreFile",
		"structure": [
			{
				"name": "REQ_HOURS_DAILY_ID",
				"type": "Decimal"
			},
			{
				"name": "REQUEST_ID",
				"type": "Int"
			},
			{
				"name": "CAL_DATE",
				"type": "DateTime",
				"format": "yyyy-MM-dd"
			},
			{
				"name": "CAL_WEEK_START_DATE",
				"type": "DateTime",
				"format": "yyyy-MM-dd"
			},
			{
				"name": "CAL_WEEK_END_DATE",
				"type": "DateTime",
				"format": "yyyy-MM-dd"
			},
			{
				"name": "PRICING_HRS",
				"type": "Int"
			}
		],
		"typeProperties": {
			"format": {
				"type": "TextFormat",
				"columnDelimiter": ",",
				"rowDelimiter": "",
				"quoteChar": "\"",
				"nullValue": "",
				"treatEmptyAsNull": true,
				"skipLineCount": 0,
				"firstRowAsHeader": true
			},
			"fileName": {
				"value": "@dataset().fileName",
				"type": "Expression"
			},
			"folderPath": {
				"value": "@dataset().filePath",
				"type": "Expression"
			}
		}
	},
	"type": "Microsoft.DataFactory/factories/datasets"
}