{
	"name": "DS_ADLS_DTE_EXPENSE_DOCUMENT",
	"properties": {
		"linkedServiceName": {
			"referenceName": "dslabdl",
			"type": "LinkedServiceReference"
		},
		"parameters": {
			"filePath": {
				"type": "String",
				"defaultValue": "/dtus/core/dte/document/national/csv"
			},
			"fileName": {
				"type": "String",
				"defaultValue": "01.csv"
			}
		},
		"annotations": [],
		"type": "AzureDataLakeStoreFile",
		"structure": [
			{
				"name": "SOURCE_SYSTEM",
				"type": "String"
			},
			{
				"name": "DOCUMENT_TYPE_RM",
				"type": "String"
			},
			{
				"name": "RECEIPT_DOCUMENT_NUMBER",
				"type": "String"
			},
			{
				"name": "RECEIPT_KEY",
				"type": "String"
			},
			{
				"name": "RECEIPT_PURPOSE",
				"type": "String"
			},
			{
				"name": "RECEIPT_VENDOR",
				"type": "String"
			},
			{
				"name": "RECEIPT_ATTENDEE",
				"type": "String"
			},
			{
				"name": "RECEIPT_AIRLINE_NUMBER",
				"type": "String"
			},
			{
				"name": "RECEIPT_COUNTRY",
				"type": "String"
			},
			{
				"name": "RECEIPT_REGION",
				"type": "String"
			},
			{
				"name": "RECEIPT_DESCRIPTION",
				"type": "String"
			},
			{
				"name": "RECEIPT_COMMENT_1",
				"type": "String"
			},
			{
				"name": "RECEIPT_COMMENT_2",
				"type": "String"
			},
			{
				"name": "RECEIPT_COMMENT_3",
				"type": "String"
			},
			{
				"name": "RECEIPT_COMMENT_4",
				"type": "String"
			},
			{
				"name": "RECEIPT_COMMENT_5",
				"type": "String"
			},
			{
				"name": "CORPORATE_CARD_DESCRIPTION",
				"type": "String"
			},
			{
				"name": "RECEIPT_COMMENTS",
				"type": "String"
			}
		],
		"typeProperties": {
			"format": {
				"type": "TextFormat",
				"columnDelimiter": ",",
				"rowDelimiter": "",
				"quoteChar": "\"",
				"nullValue": "",
				"treatEmptyAsNull": true,
				"skipLineCount": 0,
				"firstRowAsHeader": true
			},
			"fileName": {
				"value": "@dataset().fileName",
				"type": "Expression"
			},
			"folderPath": {
				"value": "@dataset().filePath",
				"type": "Expression"
			}
		}
	},
	"type": "Microsoft.DataFactory/factories/datasets"
}