{
	"name": "DS_ADLS_SABA_LEARNING_OFFERING_RECON",
	"properties": {
		"linkedServiceName": {
			"referenceName": "dslabdl",
			"type": "LinkedServiceReference"
		},
		"annotations": [],
		"type": "AzureDataLakeStoreFile",
		"structure": [
			{
				"name": "FiscalYear",
				"type": "Int32"
			},
			{
				"name": "RowsCount",
				"type": "Int32"
			},
			{
				"name": "TableName",
				"type": "String"
			}
		],
		"typeProperties": {
			"format": {
				"type": "TextFormat",
				"columnDelimiter": ",",
				"rowDelimiter": "",
				"quoteChar": "\"",
				"nullValue": "",
				"treatEmptyAsNull": true,
				"skipLineCount": 0,
				"firstRowAsHeader": true
			},
			"fileName": "saba_learning_offering_record_count.csv",
			"folderPath": "/dtus/core/management/learning/reconciliation/csv/"
		}
	},
	"type": "Microsoft.DataFactory/factories/datasets"
}