{
	"name": "DS_ADLS_DTE_AMEX",
	"properties": {
		"linkedServiceName": {
			"referenceName": "dslabdl",
			"type": "LinkedServiceReference"
		},
		"parameters": {
			"filePath": {
				"type": "String",
				"defaultValue": "/dtus/core/amex/amex/national/csv')]"
			},
			"fileName": {
				"type": "String",
				"defaultValue": "2019001.csv"
			}
		},
		"annotations": [],
		"type": "AzureDataLakeStoreFile",
		"structure": [
			{
				"name": "EMPLOYEE",
				"type": "String"
			},
			{
				"name": "CHARGE_TYPE",
				"type": "String"
			},
			{
				"name": "CC_DOC_NUMBER",
				"type": "String"
			},
			{
				"name": "SOURCE_SYSTEM",
				"type": "String"
			},
			{
				"name": "CC_COMP_CODE",
				"type": "String"
			},
			{
				"name": "ACCOUNT_NUMBER",
				"type": "String"
			},
			{
				"name": "CARDMEMBER_NAME",
				"type": "String"
			},
			{
				"name": "FIPS_CODE",
				"type": "String"
			},
			{
				"name": "UNIVERSAL_NUMBER",
				"type": "String"
			},
			{
				"name": "CORPORATE_ID",
				"type": "String"
			},
			{
				"name": "BILL_NUM",
				"type": "String"
			},
			{
				"name": "CURRENCY_RATE",
				"type": "Decimal"
			},
			{
				"name": "CURRENCY_RATE_TEXT",
				"type": "String"
			},
			{
				"name": "FINANCIAL_CODE",
				"type": "String"
			},
			{
				"name": "ACCOUNT_TYPE",
				"type": "String"
			},
			{
				"name": "TRANSACTION_DATE",
				"type": "DateTime",
				"format": "yyyy-MM-dd"
			},
			{
				"name": "POSTING_DATE",
				"type": "DateTime",
				"format": "yyyy-MM-dd"
			},
			{
				"name": "BILLING_DATE",
				"type": "DateTime",
				"format": "yyyy-MM-dd"
			},
			{
				"name": "CM_REFERENCE_NUMBER",
				"type": "String"
			},
			{
				"name": "MIS_INDUSTRY_CODE",
				"type": "String"
			},
			{
				"name": "ROC_ID",
				"type": "String"
			},
			{
				"name": "CHARGE_DESCRIPTION_LINE_1",
				"type": "String"
			},
			{
				"name": "CHARGE_DESCRIPTION_LINE_2",
				"type": "String"
			},
			{
				"name": "CHARGE_DESCRIPTION_LINE_3",
				"type": "String"
			},
			{
				"name": "CHARGE_DESCRIPTION_LINE_4",
				"type": "String"
			},
			{
				"name": "CHARGE_LINE_TEXT",
				"type": "String"
			},
			{
				"name": "EST_NUMBER",
				"type": "String"
			},
			{
				"name": "EST_CODE",
				"type": "String"
			},
			{
				"name": "EST_NAME",
				"type": "String"
			},
			{
				"name": "EST_NAME_2",
				"type": "String"
			},
			{
				"name": "EST_ADDRESS_1",
				"type": "String"
			},
			{
				"name": "EST_ADDRESS_2",
				"type": "String"
			},
			{
				"name": "EST_CITY",
				"type": "String"
			},
			{
				"name": "EST_STATE",
				"type": "String"
			},
			{
				"name": "EST_ZIP",
				"type": "String"
			},
			{
				"name": "EST_COUNTRY",
				"type": "String"
			},
			{
				"name": "EST_COUNTRY_CODE",
				"type": "String"
			},
			{
				"name": "CORP_STATUS_CODE",
				"type": "String"
			},
			{
				"name": "PURCH_CARD_CODE",
				"type": "String"
			},
			{
				"name": "PURCH_CARD_OWNER_CODE",
				"type": "String"
			},
			{
				"name": "SIC_CODE",
				"type": "String"
			},
			{
				"name": "SALES_COLLECTED_FLG",
				"type": "String"
			},
			{
				"name": "SHIP_TO_POSTAL_CODE",
				"type": "String"
			},
			{
				"name": "SHIP_TO_CITY",
				"type": "String"
			},
			{
				"name": "SHIP_TO_COUNTRY",
				"type": "String"
			},
			{
				"name": "SHIP_TO_STATE",
				"type": "String"
			},
			{
				"name": "CURRENCY_KEY",
				"type": "String"
			},
			{
				"name": "LOCAL_CURRENCY",
				"type": "String"
			},
			{
				"name": "RECORD_TYPE",
				"type": "String"
			},
			{
				"name": "AIR_ROUTING",
				"type": "String"
			},
			{
				"name": "AIR_CLASS_OF_SERVICE",
				"type": "String"
			},
			{
				"name": "AIR_CARRIER_CODE",
				"type": "String"
			},
			{
				"name": "AIR_TICKET_ISSUER",
				"type": "String"
			},
			{
				"name": "AIR_ISSUER_STATE",
				"type": "String"
			},
			{
				"name": "AIR_PASS_NAME",
				"type": "String"
			},
			{
				"name": "TRAVEL_AGENCY_NUMBER",
				"type": "String"
			},
			{
				"name": "AIR_TICKET_NUMBER",
				"type": "String"
			},
			{
				"name": "DEPARTURE_DATE",
				"type": "DateTime",
				"format": "yyyy-MM-dd"
			},
			{
				"name": "AIR_ROUTING_DETAILS",
				"type": "String"
			},
			{
				"name": "HOTEL_CHARGE_TEXT",
				"type": "String"
			},
			{
				"name": "STAYER_NAME",
				"type": "String"
			},
			{
				"name": "ARRIVAL_DATE",
				"type": "DateTime",
				"format": "yyyy-MM-dd"
			},
			{
				"name": "DEPARTURE_DATE_HOTEL",
				"type": "DateTime",
				"format": "yyyy-MM-dd"
			},
			{
				"name": "HOTEL_CITY",
				"type": "String"
			},
			{
				"name": "HOTEL_STATE",
				"type": "String"
			},
			{
				"name": "HOTEL_FOLIO_REFERENCE",
				"type": "String"
			},
			{
				"name": "PICKUP_DATE",
				"type": "DateTime",
				"format": "yyyy-MM-dd"
			},
			{
				"name": "RENTAL_CITY",
				"type": "String"
			},
			{
				"name": "DROPOFF_DATE",
				"type": "DateTime",
				"format": "yyyy-MM-dd"
			},
			{
				"name": "DROPOFF_CITY",
				"type": "String"
			},
			{
				"name": "RENTER_NAME",
				"type": "String"
			},
			{
				"name": "CAR_RENTAL_AGREEMENT_NUMBER",
				"type": "String"
			},
			{
				"name": "BILL_RESTAURANT_NUMBER",
				"type": "String"
			},
			{
				"name": "FOOD_AMOUNT_TEXT",
				"type": "String"
			},
			{
				"name": "TIP_AMOUNT_TEXT",
				"type": "String"
			},
			{
				"name": "CALLING_LOCATION",
				"type": "String"
			},
			{
				"name": "TELE_FROM_STATE",
				"type": "String"
			},
			{
				"name": "CALLED_PHONE_NUMBER",
				"type": "String"
			},
			{
				"name": "TELE_REF",
				"type": "String"
			},
			{
				"name": "TELE_TIME_OF_CALL",
				"type": "String"
			},
			{
				"name": "CALL_DATE",
				"type": "DateTime",
				"format": "yyyy-MM-dd"
			},
			{
				"name": "CALL_DATE_TEXT",
				"type": "String"
			},
			{
				"name": "CALL_DURATION",
				"type": "String"
			},
			{
				"name": "CALL_TIME",
				"type": "String"
			},
			{
				"name": "CALL_DURATION_HHMMSS",
				"type": "String"
			},
			{
				"name": "BILL_NUMBER_OIL",
				"type": "String"
			},
			{
				"name": "PURCHASE_TEXT",
				"type": "String"
			},
			{
				"name": "DEPARTURE_LOCATION",
				"type": "String"
			},
			{
				"name": "LEG_DEST_1",
				"type": "String"
			},
			{
				"name": "LEG_DEST_2",
				"type": "String"
			},
			{
				"name": "LEG_DEST_3",
				"type": "String"
			},
			{
				"name": "RAIL_TEXT_1",
				"type": "String"
			},
			{
				"name": "RAIL_TEXT_2",
				"type": "String"
			},
			{
				"name": "RAIL_TEXT_3",
				"type": "String"
			},
			{
				"name": "TIMESTAMP",
				"type": "String"
			},
			{
				"name": "EXPENSE_FLAG",
				"type": "String"
			},
			{
				"name": "COST_CENTER",
				"type": "String"
			},
			{
				"name": "TRANSACTION_CODE",
				"type": "String"
			},
			{
				"name": "BILLING_YEAR",
				"type": "String"
			},
			{
				"name": "BILLING_MONTH",
				"type": "String"
			},
			{
				"name": "COUNTRY",
				"type": "String"
			},
			{
				"name": "AIR_ISSUER_CITY",
				"type": "String"
			},
			{
				"name": "DEPARTMENT_NAME",
				"type": "String"
			},
			{
				"name": "BILL_NUMBER",
				"type": "String"
			},
			{
				"name": "LINE_TEXT_1",
				"type": "String"
			},
			{
				"name": "LINE_TEXT_2",
				"type": "String"
			},
			{
				"name": "LINE_TEXT_3",
				"type": "String"
			},
			{
				"name": "RETAIL_LINE_TEXT_4",
				"type": "String"
			},
			{
				"name": "RETAIL_LINE_TEXT_5",
				"type": "String"
			},
			{
				"name": "RETAIL_LINE_TEXT_6",
				"type": "String"
			},
			{
				"name": "SUB_TRANSACTION_TYPE_CODE",
				"type": "String"
			},
			{
				"name": "MCC_CODE",
				"type": "String"
			},
			{
				"name": "US_USI",
				"type": "String"
			},
			{
				"name": "CHARGE_DESCRIPTION",
				"type": "String"
			},
			{
				"name": "FILE_LOAD_SEQUENCE_NUMBER",
				"type": "String"
			},
			{
				"name": "SEQUENCE_NUMBER",
				"type": "String"
			},
			{
				"name": "LANGUAGE_CODE",
				"type": "String"
			},
			{
				"name": "CAR_RENT_DAYS",
				"type": "String"
			},
			{
				"name": "CASHIER_TERMINAL_ID",
				"type": "String"
			},
			{
				"name": "TIME_PURCHASE",
				"type": "String"
			},
			{
				"name": "FREE_FORMAT_LINE_1",
				"type": "String"
			},
			{
				"name": "FREE_FORMAT_LINE_2",
				"type": "String"
			},
			{
				"name": "FREE_FORMAT_LINE_3",
				"type": "String"
			},
			{
				"name": "FREE_FORMAT_LINE_4",
				"type": "String"
			},
			{
				"name": "FREE_FORMAT_LINE_5",
				"type": "String"
			},
			{
				"name": "PREMIUM_IDENTIFICATION",
				"type": "String"
			},
			{
				"name": "POLICY_NAME",
				"type": "String"
			},
			{
				"name": "POLICY_NUMBER",
				"type": "String"
			},
			{
				"name": "ADDITIONAL_POLICY_NUMBER",
				"type": "String"
			},
			{
				"name": "POLICY_PERIOD",
				"type": "String"
			},
			{
				"name": "STAMP_DUTY",
				"type": "String"
			},
			{
				"name": "COMMISSION",
				"type": "String"
			},
			{
				"name": "DDA_NUMBER",
				"type": "String"
			},
			{
				"name": "US_C_CM_ABA_NUMBER",
				"type": "String"
			},
			{
				"name": "SPOOL_NUMBER",
				"type": "String"
			},
			{
				"name": "FUND_ACCESS_LOG_DATE",
				"type": "String"
			},
			{
				"name": "FUND_ACCESS_LOG_TIME",
				"type": "String"
			},
			{
				"name": "MACHINE_NUMBER",
				"type": "String"
			},
			{
				"name": "NETWORK_ROUTE",
				"type": "String"
			},
			{
				"name": "TERMINAL_LOCATION",
				"type": "String"
			},
			{
				"name": "TERMINAL_ROUTE",
				"type": "String"
			},
			{
				"name": "CASH_NUMBER",
				"type": "String"
			},
			{
				"name": "MIS_CODE",
				"type": "String"
			},
			{
				"name": "VAT_PERCENT",
				"type": "String"
			},
			{
				"name": "CAPTURE_CODE",
				"type": "String"
			},
			{
				"name": "MERCATOR_KEY",
				"type": "String"
			},
			{
				"name": "TRANSACTION_INDICATOR",
				"type": "String"
			},
			{
				"name": "TAN_NUMBER",
				"type": "String"
			},
			{
				"name": "TRANSACTION_AMOUNT_GROUP",
				"type": "Int32"
			},
			{
				"name": "FISCAL_YEAR",
				"type": "Int32"
			},
			{
				"name": "FISCAL_YEAR_PERIOD",
				"type": "String"
			},
			{
				"name": "TRANSACTION_AMOUNT",
				"type": "Decimal"
			},
			{
				"name": "TAX_AMOUNT_1",
				"type": "Decimal"
			},
			{
				"name": "ORIGINAL_AMOUNT",
				"type": "Decimal"
			},
			{
				"name": "TAX_AMOUNT_2",
				"type": "Decimal"
			},
			{
				"name": "NUMBER_DAYS",
				"type": "Decimal"
			},
			{
				"name": "ROOM_RATE",
				"type": "Decimal"
			},
			{
				"name": "FOOD_AMOUNT",
				"type": "Decimal"
			},
			{
				"name": "TIP_AMOUNT",
				"type": "Decimal"
			}
		],
		"typeProperties": {
			"format": {
				"type": "TextFormat",
				"columnDelimiter": ",",
				"rowDelimiter": "",
				"quoteChar": "\"",
				"nullValue": "",
				"treatEmptyAsNull": true,
				"skipLineCount": 0,
				"firstRowAsHeader": true
			},
			"fileName": {
				"value": "@dataset().fileName",
				"type": "Expression"
			},
			"folderPath": {
				"value": "@dataset().filePath",
				"type": "Expression"
			}
		}
	},
	"type": "Microsoft.DataFactory/factories/datasets"
}