{
	"name": "DS_ADLS_TALENT_PRIOR_EMPLOYMENT",
	"properties": {
		"linkedServiceName": {
			"referenceName": "dslabdl",
			"type": "LinkedServiceReference"
		},
		"annotations": [],
		"type": "AzureDataLakeStoreFile",
		"structure": [
			{
				"name": "EMP_GBL_PERS_NBR",
				"type": "String"
			},
			{
				"name": "EMPLOYEE",
				"type": "String"
			},
			{
				"name": "VALID_FROM_DATE",
				"type": "DateTime",
				"format": "yyyy-MM-dd"
			},
			{
				"name": "VALID_TO_DATE",
				"type": "DateTime",
				"format": "yyyy-MM-dd"
			},
			{
				"name": "VALIDATION_STATUS",
				"type": "String"
			},
			{
				"name": "REL_WORK_EXPERIENCE",
				"type": "String"
			},
			{
				"name": "POSITION",
				"type": "String"
			},
			{
				"name": "PREVIOUS_EMPLOYER",
				"type": "String"
			},
			{
				"name": "CHANGE_DATE",
				"type": "DateTime",
				"format": "yyyy-MM-dd"
			}
		],
		"typeProperties": {
			"format": {
				"type": "TextFormat",
				"columnDelimiter": ",",
				"rowDelimiter": "",
				"quoteChar": "\"",
				"nullValue": "",
				"treatEmptyAsNull": true,
				"skipLineCount": 0,
				"firstRowAsHeader": true
			},
			"fileName": "prior_employment.csv",
			"folderPath": "/dtus/core/talent/prior_employment/national/csv"
		}
	},
	"type": "Microsoft.DataFactory/factories/datasets"
}