{
	"name": "DS_ADLS_C2C_EMAIL_INTERACTION",
	"properties": {
		"linkedServiceName": {
			"referenceName": "dslabdl",
			"type": "LinkedServiceReference"
		},
		"annotations": [],
		"type": "AzureDataLakeStoreFile",
		"structure": [
			{
				"name": "EMAIL_INTERACTION_ID",
				"type": "Int32"
			},
			{
				"name": "SENDER",
				"type": "String"
			},
			{
				"name": "RECEIVER",
				"type": "String"
			},
			{
				"name": "SENT_DATE",
				"type": "DateTime",
				"format": "yyyy-MM-dd"
			},
			{
				"name": "EMAIL_UNIQUE_ID",
				"type": "String"
			}
		],
		"typeProperties": {
			"format": {
				"type": "TextFormat",
				"columnDelimiter": ",",
				"rowDelimiter": "",
				"quoteChar": "\"",
				"nullValue": "",
				"treatEmptyAsNull": true,
				"skipLineCount": 0,
				"firstRowAsHeader": true
			},
			"fileName": "colleague_to_colleague.csv",
			"folderPath": "/dtus/core/rcm/colleague_to_colleague/national/csv"
		}
	},
	"type": "Microsoft.DataFactory/factories/datasets"
}