{
	"name": "DS_ADLS_RM_AUDIT_REQUEST",
	"properties": {
		"linkedServiceName": {
			"referenceName": "dslabdl",
			"type": "LinkedServiceReference"
		},
		"parameters": {
			"filePath": {
				"type": "String",
				"defaultValue": "/dtus/core/stafftrak_aa/audit_request/national/csv"
			},
			"fileName": {
				"type": "String",
				"defaultValue": "audit_request.csv"
			}
		},
		"annotations": [],
		"type": "AzureDataLakeStoreFile",
		"structure": [
			{
				"name": "REQUEST_ID",
				"type": "Int"
			},
			{
				"name": "RESOURCE_ID",
				"type": "Decimal"
			},
			{
				"name": "CONSUMER_ID",
				"type": "Decimal"
			},
			{
				"name": "REQ_ADDED_BY_RM",
				"type": "String"
			},
			{
				"name": "REQ_ST_STATUS",
				"type": "Int"
			},
			{
				"name": "REQ_ST_STATUS_TEXT",
				"type": "String"
			},
			{
				"name": "REQ_RM_ASSIGNED",
				"type": "String"
			},
			{
				"name": "REQ_ESTIMATED_HOURS",
				"type": "String"
			},
			{
				"name": "REQ_LEVEL",
				"type": "Int"
			},
			{
				"name": "REQ_PROJECT_LOCATION",
				"type": "String"
			},
			{
				"name": "REQ_REVISION_DATE",
				"type": "DateTime",
				"format": "yyyy-MM-dd"
			},
			{
				"name": "REQ_REVISION_USER",
				"type": "String"
			},
			{
				"name": "REQ_REQUESTOR_NAME",
				"type": "String"
			},
			{
				"name": "REQ_EMP_REGION",
				"type": "String"
			},
			{
				"name": "REQ_EMP_COST_CENTER",
				"type": "String"
			},
			{
				"name": "REQ_EMP_BUSINESS_AREA",
				"type": "String"
			},
			{
				"name": "REQ_REQUESTOR_RM_NAME",
				"type": "String"
			},
			{
				"name": "REQ_EMP_MARKET_CIRCLE",
				"type": "String"
			},
			{
				"name": "REQ_EMP_PRACTICE_AREA",
				"type": "String"
			},
			{
				"name": "REQ_RM_ASSIGNED_NAME",
				"type": "String"
			},
			{
				"name": "REQ_ADDED_BY_RM_NAME",
				"type": "String"
			},
			{
				"name": "REQ_LEVEL_TEXT",
				"type": "String"
			},
			{
				"name": "REQ_CLIENT",
				"type": "String"
			},
			{
				"name": "REQ_CLIENT_NAME",
				"type": "String"
			},
			{
				"name": "REQ_CLIENT_SEC_FILER",
				"type": "String"
			},
			{
				"name": "REQ_CLIENT_PARENT_PROGRAM",
				"type": "String"
			},
			{
				"name": "REQ_CLIENT_ATTEST",
				"type": "String"
			},
			{
				"name": "REQ_LONG_TERM_FLG",
				"type": "String"
			},
			{
				"name": "REQ_PLAN_START_DATE",
				"type": "DateTime",
				"format": "yyyy-MM-dd"
			},
			{
				"name": "REQ_PLAN_END_DATE",
				"type": "DateTime",
				"format": "yyyy-MM-dd"
			},
			{
				"name": "REQ_OPEN_TIMESTAMP",
				"type": "DateTime",
				"format": "yyyy-MM-dd"
			},
			{
				"name": "REQ_CLOSED_TIMESTAMP",
				"type": "DateTime",
				"format": "yyyy-MM-dd"
			},
			{
				"name": "REQ_STATUS_TEXT",
				"type": "String"
			},
			{
				"name": "REQ_EMP_PRIMARY_INDUSTRY_TEXT",
				"type": "String"
			},
			{
				"name": "REQ_EMP_OFFICE_LOCATION_TEXT",
				"type": "String"
			},
			{
				"name": "REQ_PROJECT_DESCRIPTION",
				"type": "String"
			},
			{
				"name": "REQ_EMP_BUSINESS_LINE",
				"type": "String"
			},
			{
				"name": "REQ_RM_ASSIGNED_MF_EMPLOYEE",
				"type": "String"
			},
			{
				"name": "REQ_ADDED_BY_MF_EMPLOYEE",
				"type": "String"
			},
			{
				"name": "REQ_CLEARANCE",
				"type": "String"
			},
			{
				"name": "REQ_FSS",
				"type": "String"
			},
			{
				"name": "REQ_BUSINESS_SEGMENT",
				"type": "String"
			},
			{
				"name": "REQ_PROJECT_STATUS",
				"type": "String"
			},
			{
				"name": "REQ_RM_INTERVENTION",
				"type": "String"
			},
			{
				"name": "REQ_DESCRIPTION",
				"type": "String"
			},
			{
				"name": "REQ_SUB_BUSINESS_LINE",
				"type": "String"
			},
			{
				"name": "REQ_TRAVELERS_ACCEPTED",
				"type": "String"
			},
			{
				"name": "REQ_SHORT_TERM_FLG",
				"type": "String"
			},
			{
				"name": "REQ_CLIENT_RFA_PPMD",
				"type": "String"
			},
			{
				"name": "REQ_CLIENT_PARTNER",
				"type": "String"
			},
			{
				"name": "REQ_CLIENT_CLUSTER",
				"type": "String"
			},
			{
				"name": "REQ_CLIENT_ZIPCODE_1",
				"type": "String"
			},
			{
				"name": "REQ_CLIENT_ZIPCODE_2",
				"type": "String"
			},
			{
				"name": "REQ_CLIENT_ZIPCODE_3",
				"type": "String"
			},
			{
				"name": "REQ_CLIENT_ZIPCODE_4",
				"type": "String"
			},
			{
				"name": "REQ_CLIENT_ZIPCODE_5",
				"type": "String"
			},
			{
				"name": "REQ_INDUSTRY",
				"type": "String"
			},
			{
				"name": "REQ_REQUESTOR_EMAIL",
				"type": "String"
			},
			{
				"name": "REQ_NOTES_TO_RM",
				"type": "String"
			},
			{
				"name": "REQ_DELOITTE_OFFICE_1",
				"type": "String"
			},
			{
				"name": "REQ_DELOITTE_OFFICE_2",
				"type": "String"
			},
			{
				"name": "REQ_DELOITTE_OFFICE_3",
				"type": "String"
			},
			{
				"name": "REQ_DELOITTE_OFFICE_4",
				"type": "String"
			},
			{
				"name": "REQ_DELOITTE_OFFICE_5",
				"type": "String"
			},
			{
				"name": "REQ_SECTOR",
				"type": "String"
			},
			{
				"name": "REQ_SUB_COMPETENCY",
				"type": "String"
			},
			{
				"name": "REQ_TYPES_OF_RESOURCES_NEEDED",
				"type": "String"
			},
			{
				"name": "REQ_BUSINESS_LINE",
				"type": "String"
			},
			{
				"name": "REQ_AGING",
				"type": "Int"
			},
			{
				"name": "REQ_NUMBER_OF_APPLICANTS",
				"type": "Int"
			},
			{
				"name": "REQ_SELECTED_PRACTITIONER",
				"type": "String"
			},
			{
				"name": "REQ_STATUS_REQUIREMENT",
				"type": "String"
			},
			{
				"name": "REQ_OPERATING_AREA",
				"type": "Int"
			},
			{
				"name": "REQ_OPERATING_AREA_TEXT",
				"type": "String"
			},
			{
				"name": "REQ_CLIENT_REGION_TEXT",
				"type": "String"
			},
			{
				"name": "REQ_EMP_LEVEL",
				"type": "Int"
			},
			{
				"name": "REQ_EMP_LEVEL_TEXT",
				"type": "String"
			},
			{
				"name": "REQ_JOB_CODE",
				"type": "String"
			},
			{
				"name": "REQ_JOB_CODE_NAME",
				"type": "String"
			},
			{
				"name": "REQ_CLIENT_INDUSTRY",
				"type": "String"
			},
			{
				"name": "REQ_CLIENT_LOCATION",
				"type": "Int"
			},
			{
				"name": "REQ_CLIENT_LOCATION_TEXT",
				"type": "String"
			},
			{
				"name": "REQ_CLIENT_COST_CENTER",
				"type": "String"
			},
			{
				"name": "REQ_CLIENT_SEC",
				"type": "String"
			},
			{
				"name": "REQ_CLIENT_CITY",
				"type": "String"
			},
			{
				"name": "REQ_CLIENT_TYPE",
				"type": "String"
			},
			{
				"name": "REQ_CLIENT_YEAR_END",
				"type": "String"
			},
			{
				"name": "REQ_CLIENT_OVERSIGHT",
				"type": "String"
			},
			{
				"name": "REQ_CLIENT_AUDIT_RM_NAME",
				"type": "String"
			},
			{
				"name": "REQ_CLIENT_USI_AUDIT_RM_NAME",
				"type": "String"
			},
			{
				"name": "REQ_CLIENT_OFFICE_GROUP_TEXT",
				"type": "String"
			},
			{
				"name": "REQ_CLIENT_REVENUE",
				"type": "String"
			},
			{
				"name": "REQ_CLIENT_DPS",
				"type": "String"
			},
			{
				"name": "REQ_CLIENT_ERS_SR_MANAGER",
				"type": "String"
			},
			{
				"name": "REQ_COMPETENCY",
				"type": "String"
			},
			{
				"name": "REQ_MANDATORY_SKILLS",
				"type": "String"
			},
			{
				"name": "REQ_OPEN_FLG",
				"type": "Int"
			},
			{
				"name": "REQ_MARKET_OFFERING",
				"type": "String"
			},
			{
				"name": "REQ_MARKET_OFFERING_TEXT",
				"type": "String"
			},
			{
				"name": "REQ_OPEN_AUDIT_FLG",
				"type": "Int"
			}
		],
		"typeProperties": {
			"format": {
				"type": "TextFormat",
				"columnDelimiter": ",",
				"rowDelimiter": "",
				"quoteChar": "\"",
				"nullValue": "",
				"treatEmptyAsNull": true,
				"skipLineCount": 0,
				"firstRowAsHeader": true
			},
			"fileName": {
				"value": "@dataset().fileName",
				"type": "Expression"
			},
			"folderPath": {
				"value": "@dataset().filePath",
				"type": "Expression"
			}
		}
	},
	"type": "Microsoft.DataFactory/factories/datasets"
}