{
	"name": "DS_ADLS_RM_TAX_REQUEST",
	"properties": {
		"linkedServiceName": {
			"referenceName": "dslabdl",
			"type": "LinkedServiceReference"
		},
		"parameters": {
			"filePath": {
				"type": "String",
				"defaultValue": "/dtus/core/stafftrak_tax/request/national/csv"
			},
			"fileName": {
				"type": "String",
				"defaultValue": "request.csv"
			}
		},
		"annotations": [],
		"type": "AzureDataLakeStoreFile",
		"structure": [
			{
				"name": "REQUEST_ID",
				"type": "Int"
			},
			{
				"name": "RESOURCE_ID",
				"type": "Decimal"
			},
			{
				"name": "CONSUMER_ID",
				"type": "Decimal"
			},
			{
				"name": "REQ_EMP_COST_CENTER",
				"type": "String"
			},
			{
				"name": "REQ_PROJECT_DESCRIPTION",
				"type": "String"
			},
			{
				"name": "REQ_RM_ASSIGNED",
				"type": "String"
			},
			{
				"name": "REQ_ST_STATUS",
				"type": "Int"
			},
			{
				"name": "REQ_ESTIMATED_HOURS",
				"type": "String"
			},
			{
				"name": "REQ_US_USI",
				"type": "String"
			},
			{
				"name": "REQ_PROJECT_LOCATION",
				"type": "String"
			},
			{
				"name": "REQ_REV_DATE",
				"type": "DateTime",
				"format": "yyyy-MM-dd"
			},
			{
				"name": "REQ_REV_USER",
				"type": "String"
			},
			{
				"name": "REQ_EMPLOYEE_LEVEL",
				"type": "String"
			},
			{
				"name": "REQ_ADDED_BY_RM",
				"type": "String"
			},
			{
				"name": "REQ_EMP_BUSINESS_AREA",
				"type": "String"
			},
			{
				"name": "REQ_EMP_MARKET_CIRCLE",
				"type": "String"
			},
			{
				"name": "REQ_EMP_PRACTICE_AREA",
				"type": "String"
			},
			{
				"name": "REQ_EMP_OFFICE_LOCATION_TEXT",
				"type": "String"
			},
			{
				"name": "REQ_REQUESTOR_NAME",
				"type": "String"
			},
			{
				"name": "REQ_EMP_REGION",
				"type": "String"
			},
			{
				"name": "REQ_EMP_INDUSTRY",
				"type": "String"
			},
			{
				"name": "REQ_EMP_BUSINESS_LINE",
				"type": "String"
			},
			{
				"name": "REQ_EMP_PRIMARY_INDUSTRY_TEXT",
				"type": "String"
			},
			{
				"name": "REQ_REQUESTOR_RM_NAME",
				"type": "String"
			},
			{
				"name": "REQ_ST_STATUS_TEXT",
				"type": "String"
			},
			{
				"name": "REQ_CLIENT",
				"type": "String"
			},
			{
				"name": "REQ_CLIENT_NAME",
				"type": "String"
			},
			{
				"name": "REQ_CLIENT_SEC_FILTER",
				"type": "String"
			},
			{
				"name": "REQ_CLIENT_PARENT_PROGRAM",
				"type": "String"
			},
			{
				"name": "REQ_CLIENT_ATTEST",
				"type": "String"
			},
			{
				"name": "REQ_RM_ASSIGNED_NAME",
				"type": "String"
			},
			{
				"name": "REQ_ADDED_BY_RM_NAME",
				"type": "String"
			},
			{
				"name": "REQ_RM_ASSIGNED_MF_EMPLOYEE",
				"type": "String"
			},
			{
				"name": "REQ_ADDED_BY_RM_MF_EMPLOYEE",
				"type": "String"
			},
			{
				"name": "REQ_FOCUS_AREA",
				"type": "Int"
			},
			{
				"name": "REQ_FOCUS_AREA_TEXT",
				"type": "String"
			},
			{
				"name": "REQ_LEVEL",
				"type": "Int"
			},
			{
				"name": "REQ_LEVEL_TEXT",
				"type": "String"
			},
			{
				"name": "REQ_CLONE_REQUEST_ID",
				"type": "Int"
			},
			{
				"name": "REQ_DELOITTE_OFFICE_1",
				"type": "String"
			},
			{
				"name": "REQ_DELOITTE_OFFICE_2",
				"type": "String"
			},
			{
				"name": "REQ_DELOITTE_OFFICE_3",
				"type": "String"
			},
			{
				"name": "REQ_DELOITTE_OFFICE_4",
				"type": "String"
			},
			{
				"name": "REQ_DELOITTE_OFFICE_5",
				"type": "String"
			},
			{
				"name": "REQ_SKILL_1",
				"type": "String"
			},
			{
				"name": "REQ_SKILL_2",
				"type": "String"
			},
			{
				"name": "REQ_SKILL_3",
				"type": "String"
			},
			{
				"name": "REQ_SKILL_4",
				"type": "String"
			},
			{
				"name": "REQ_SKILL_5",
				"type": "String"
			},
			{
				"name": "REQ_SOFTWARE_1",
				"type": "String"
			},
			{
				"name": "REQ_SOFTWARE_2",
				"type": "String"
			},
			{
				"name": "REQ_SOFTWARE_3",
				"type": "String"
			},
			{
				"name": "REQ_SOFTWARE_4",
				"type": "String"
			},
			{
				"name": "REQ_SOFTWARE_5",
				"type": "String"
			},
			{
				"name": "REQ_NO_OF_OPEN_APPLICANTS",
				"type": "Decimal"
			},
			{
				"name": "REQ_EMP_CC_MED_TEXT",
				"type": "String"
			},
			{
				"name": "REQ_ISX_7216_CONSENT",
				"type": "String"
			},
			{
				"name": "REQ_ISX_LONG_TERM",
				"type": "String"
			},
			{
				"name": "REQ_IS_OPEN",
				"type": "Int"
			},
			{
				"name": "REQ_PLAN_START_DATE",
				"type": "DateTime",
				"format": "yyyy-MM-dd"
			},
			{
				"name": "REQ_PLAN_END_DATE",
				"type": "DateTime",
				"format": "yyyy-MM-dd"
			},
			{
				"name": "REQ_OPEN_TS",
				"type": "DateTime",
				"format": "yyyy-MM-dd"
			},
			{
				"name": "REQ_CLOSED_TS",
				"type": "DateTime",
				"format": "yyyy-MM-dd"
			},
			{
				"name": "REQ_STATUS_TEXT",
				"type": "String"
			},
			{
				"name": "REQ_AGING",
				"type": "Int"
			}
		],
		"typeProperties": {
			"format": {
				"type": "TextFormat",
				"columnDelimiter": ",",
				"rowDelimiter": "",
				"quoteChar": "\"",
				"nullValue": "",
				"treatEmptyAsNull": true,
				"skipLineCount": 0,
				"firstRowAsHeader": true
			},
			"fileName": {
				"value": "@dataset().fileName",
				"type": "Expression"
			},
			"folderPath": {
				"value": "@dataset().filePath",
				"type": "Expression"
			}
		}
	},
	"type": "Microsoft.DataFactory/factories/datasets"
}