{
	"name": "DS_ADLS_SABA_LEARNING_FACILITATOR",
	"properties": {
		"linkedServiceName": {
			"referenceName": "dslabdl",
			"type": "LinkedServiceReference"
		},
		"parameters": {
			"filePath": {
				"type": "String",
				"defaultValue": "/dtus/core/learning/facilitator_hours/csv"
			},
			"fileName": {
				"type": "String",
				"defaultValue": "facilitator_hours.csv"
			}
		},
		"annotations": [],
		"type": "AzureDataLakeStoreFile",
		"structure": [
			{
				"name": "ACCOUNTINGPERIOD",
				"type": "Int32"
			},
			{
				"name": "CATALOG_ITEM_SECURITY_DOMAIN",
				"type": "String"
			},
			{
				"name": "COURSE_NUMBER",
				"type": "String"
			},
			{
				"name": "COURSE_TITLE",
				"type": "String"
			},
			{
				"name": "COURSE_OWNER",
				"type": "String"
			},
			{
				"name": "COURSE_CATEGORY",
				"type": "String"
			},
			{
				"name": "CPE_HOURS",
				"type": "String"
			},
			{
				"name": "CPE_SUBJECT_AREA",
				"type": "String"
			},
			{
				"name": "DFX_CERT_FLAG",
				"type": "String"
			},
			{
				"name": "FISCALYEAR",
				"type": "Int32"
			},
			{
				"name": "FULL_DELIVERY_TYPE",
				"type": "String"
			},
			{
				"name": "INSTRUCTOR_EMPLOYEE",
				"type": "String"
			},
			{
				"name": "INSTRUCTOR_GLOBAL_EMP_ID",
				"type": "String"
			},
			{
				"name": "INSTRUCTOR_COUNTRY",
				"type": "String"
			},
			{
				"name": "INSTRUCTOR_PERSONNEL_NUMBER_DT_US",
				"type": "String"
			},
			{
				"name": "INSTRUCTOR_COST_CENTER",
				"type": "String"
			},
			{
				"name": "OFFERING_DELIVERY_METHOD",
				"type": "String"
			},
			{
				"name": "OFFERING_DOMAIN_NAME",
				"type": "String"
			},
			{
				"name": "OFFERING_END_DATE",
				"type": "DateTime",
				"format": "yyyy-MM-dd"
			},
			{
				"name": "OFFERING_START_DATE",
				"type": "DateTime",
				"format": "yyyy-MM-dd"
			},
			{
				"name": "OFFERING_FACILITY",
				"type": "String"
			},
			{
				"name": "OFFERING_LOCATION",
				"type": "String"
			},
			{
				"name": "OFFERING_NUMBER",
				"type": "String"
			},
			{
				"name": "OFFERING_STATUS_TEXT",
				"type": "String"
			},
			{
				"name": "RESOURCE_DESCRIPTION",
				"type": "String"
			},
			{
				"name": "RESOURCE_TYPE",
				"type": "String"
			},
			{
				"name": "LEARNING_HOURS",
				"type": "Single"
			},
			{
				"name": "OFFERING_DURATION",
				"type": "Single"
			}
		],
		"typeProperties": {
			"format": {
				"type": "TextFormat",
				"columnDelimiter": ",",
				"rowDelimiter": "",
				"quoteChar": "\"",
				"nullValue": "",
				"treatEmptyAsNull": true,
				"skipLineCount": 0,
				"firstRowAsHeader": true
			},
			"fileName": {
				"value": "@dataset().fileName",
				"type": "Expression"
			},
			"folderPath": {
				"value": "@dataset().filePath",
				"type": "Expression"
			}
		}
	},
	"type": "Microsoft.DataFactory/factories/datasets"
}