{
	"name": "DS_ADLS_STAFFIT_DEMAND_ROLE",
	"properties": {
		"linkedServiceName": {
			"referenceName": "dslabdl",
			"type": "LinkedServiceReference"
		},
		"parameters": {
			"filePath": {
				"type": "String",
				"defaultValue": "/dtus/core/staffit/demand_role/national/csv"
			},
			"fileName": {
				"type": "String",
				"defaultValue": "demand_role.csv"
			}
		},
		"annotations": [],
		"type": "AzureDataLakeStoreFile",
		"structure": [
			{
				"name": "DEMAND",
				"type": "String"
			},
			{
				"name": "DEM_TEXT",
				"type": "String"
			},
			{
				"name": "DEM_WBS",
				"type": "String"
			},
			{
				"name": "DEM_WBS_TEXT",
				"type": "String"
			},
			{
				"name": "DEM_IS_OPEN",
				"type": "Int"
			},
			{
				"name": "DEM_STATUS",
				"type": "String"
			},
			{
				"name": "DEM_STATUS_SHORT_TEXT",
				"type": "String"
			},
			{
				"name": "DEM_STATUS_TEXT",
				"type": "String"
			},
			{
				"name": "DEM_WBS_CLIENT_FY_END_DAY",
				"type": "String"
			},
			{
				"name": "DEM_ROLE",
				"type": "String"
			},
			{
				"name": "DEM_ROLE_TEXT",
				"type": "String"
			},
			{
				"name": "DEM_ROLE_STATUS",
				"type": "String"
			},
			{
				"name": "DEM_ROLE_STATUS_SHORT_TEXT",
				"type": "String"
			},
			{
				"name": "DEM_ROLE_ASSIGNMENT_TYPE",
				"type": "String"
			},
			{
				"name": "DEM_ROLE_ASSIGNMENT_TYPE_TEXT",
				"type": "String"
			},
			{
				"name": "DEM_ROLE_ASSIGNMENT_TAT_CODE",
				"type": "String"
			},
			{
				"name": "DEM_ROLE_IS_OPEN",
				"type": "Int"
			},
			{
				"name": "DEM_ROLE_ASSIGNMENT_US_CATEGORY_TYPE",
				"type": "String"
			},
			{
				"name": "DEM_ROLE_PLAN_START_DATE",
				"type": "DateTime",
				"format": "yyyy-MM-dd"
			},
			{
				"name": "DEM_ROLE_PLAN_END_DATE",
				"type": "DateTime",
				"format": "yyyy-MM-dd"
			},
			{
				"name": "DEM_ROLE_CHANGED_TIMESTAMP",
				"type": "DateTime",
				"format": "yyyy-MM-dd"
			},
			{
				"name": "DEM_ROLE_OPEN_POSITIONS_NBR",
				"type": "Int"
			},
			{
				"name": "DEM_ROLE_STATUS_TEXT",
				"type": "String"
			},
			{
				"name": "DEM_COST_CENTER",
				"type": "String"
			},
			{
				"name": "DEM_TYPE",
				"type": "String"
			},
			{
				"name": "DEM_TYPE_TEXT",
				"type": "String"
			},
			{
				"name": "DEM_MEMBER_FIRM_ID",
				"type": "String"
			},
			{
				"name": "DEM_ROLE_CUSTOMER",
				"type": "String"
			},
			{
				"name": "DEM_ROLE_CUSTOMER_TEXT",
				"type": "String"
			},
			{
				"name": "DEM_MEMBER_FIRM_TEXT",
				"type": "String"
			},
			{
				"name": "DEM_ROLE_IS_FEDERAL",
				"type": "Int"
			},
			{
				"name": "DEM_ROLE_BUSINESS",
				"type": "String"
			},
			{
				"name": "DEM_LANGUAGE",
				"type": "String"
			},
			{
				"name": "DEM_LOCAL_OCM_EID",
				"type": "String"
			},
			{
				"name": "DEM_PRIORITY",
				"type": "String"
			},
			{
				"name": "DEM_PRIORITY_TEXT",
				"type": "String"
			},
			{
				"name": "DEM_REQUESTER",
				"type": "String"
			},
			{
				"name": "DEM_SECTOR",
				"type": "String"
			},
			{
				"name": "DEM_SECTOR_TEXT",
				"type": "String"
			},
			{
				"name": "DEM_INDUSTRY",
				"type": "String"
			},
			{
				"name": "DEM_ENGAGEMENT_ID",
				"type": "String"
			},
			{
				"name": "DEM_ROLE_MEMBER_FIRM_TEXT",
				"type": "String"
			},
			{
				"name": "DEM_ROLE_ACTIVITY",
				"type": "String"
			},
			{
				"name": "DEM_ROLE_ACTIVITY_TEXT",
				"type": "String"
			},
			{
				"name": "DEM_ROLE_ASSIGNMENTS_CNT",
				"type": "Int"
			},
			{
				"name": "DEM_ROLE_CAPABILITY",
				"type": "String"
			},
			{
				"name": "DEM_ROLE_CAPABILITY_TEXT",
				"type": "String"
			},
			{
				"name": "DEM_ROLE_CAREER_MODULE",
				"type": "String"
			},
			{
				"name": "DEM_ROLE_CAREER_MODULE_TEXT",
				"type": "String"
			},
			{
				"name": "DEM_ROLE_CHANGED_BY",
				"type": "String"
			},
			{
				"name": "DEM_ROLE_CHANGED_DATE",
				"type": "DateTime",
				"format": "yyyy-MM-dd"
			},
			{
				"name": "DEM_ROLE_CLOSED_REASON",
				"type": "String"
			},
			{
				"name": "DEM_ROLE_CLOSED_REASON_TEXT",
				"type": "String"
			},
			{
				"name": "DEM_ROLE_CLOSED_DATE",
				"type": "DateTime",
				"format": "yyyy-MM-dd"
			},
			{
				"name": "DEM_ROLE_CONS_NUMBER",
				"type": "Int"
			},
			{
				"name": "DEM_ROLE_DEPLOYMENT_OPTION",
				"type": "String"
			},
			{
				"name": "DEM_ROLE_CREATED_BY",
				"type": "String"
			},
			{
				"name": "DEM_ROLE_ISX_FLEX_START",
				"type": "String"
			},
			{
				"name": "DEM_ROLE_FOCUS_AREA",
				"type": "String"
			},
			{
				"name": "DEM_ROLE_FOCUS_AREA_TEXT",
				"type": "String"
			},
			{
				"name": "DEM_ROLE_BUSINESS_TEXT",
				"type": "String"
			},
			{
				"name": "DEM_ROLE_GLOBAL_LEVEL",
				"type": "String"
			},
			{
				"name": "DEM_ROLE_GLOBAL_LEVEL_TEXT",
				"type": "String"
			},
			{
				"name": "DEM_ROLE_JOB",
				"type": "String"
			},
			{
				"name": "DEM_ROLE_LEGACY_NUM",
				"type": "String"
			},
			{
				"name": "DEM_ROLE_LEVEL_GROUP",
				"type": "String"
			},
			{
				"name": "DEM_ROLE_LEVEL_GROUP_TEXT",
				"type": "String"
			},
			{
				"name": "DEM_ROLE_LOCAL_LEVEL",
				"type": "String"
			},
			{
				"name": "DEM_ROLE_LOCAL_LEVEL_TEXT",
				"type": "String"
			},
			{
				"name": "DEM_ROLE_LONG_TERM_TEXT",
				"type": "String"
			},
			{
				"name": "DEM_ROLE_NORMAL_DURATION",
				"type": "Decimal"
			},
			{
				"name": "DEM_ROLE_NORMAL_DURATION_UNIT",
				"type": "String"
			},
			{
				"name": "DEM_ROLE_OFFICE",
				"type": "String"
			},
			{
				"name": "DEM_ROLE_OFFICE_TEXT",
				"type": "String"
			},
			{
				"name": "DEM_ROLE_ORDER_PROBABILITY",
				"type": "String"
			},
			{
				"name": "DEM_ROLE_ORDER_PROBABILITY_TEXT",
				"type": "String"
			},
			{
				"name": "DEM_ROLE_ORGUNIT",
				"type": "String"
			},
			{
				"name": "DEM_ROLE_ORGUNIT_TEXT",
				"type": "String"
			},
			{
				"name": "DEM_ROLE_OWNER_GROUP",
				"type": "String"
			},
			{
				"name": "DEM_ROLE_PLAN_NO_FOPER",
				"type": "String"
			},
			{
				"name": "DEM_ROLE_PRACTICE",
				"type": "String"
			},
			{
				"name": "DEM_ROLE_PRACTICE_TEXT",
				"type": "String"
			},
			{
				"name": "DEM_ROLE_PRIMARY_OFFERING",
				"type": "String"
			},
			{
				"name": "DEM_ROLE_PRIMARY_OFFERING_TEXT",
				"type": "String"
			},
			{
				"name": "DEM_ROLE_PRIORITY",
				"type": "String"
			},
			{
				"name": "DEM_ROLE_ISX_PT_POSSIBLE",
				"type": "String"
			},
			{
				"name": "DEM_ROLE_REGION",
				"type": "String"
			},
			{
				"name": "DEM_ROLE_REGION_TEXT",
				"type": "String"
			},
			{
				"name": "DEM_ROLE_REQ_PROFILE",
				"type": "String"
			},
			{
				"name": "DEM_ROLE_RESOURCE_UTIL",
				"type": "Decimal"
			},
			{
				"name": "DEM_ROLE_SEARCH_PARTY",
				"type": "String"
			},
			{
				"name": "DEM_ROLE_BUSINESS_AREA",
				"type": "String"
			},
			{
				"name": "DEM_ROLE_BUSINESS_AREA_TEXT",
				"type": "String"
			},
			{
				"name": "DEM_ROLE_BUSINESS_LINE",
				"type": "String"
			},
			{
				"name": "DEM_ROLE_BUSINESS_LINE_TEXT",
				"type": "String"
			},
			{
				"name": "DEM_ROLE_SUB_CAPABILITY",
				"type": "String"
			},
			{
				"name": "DEM_ROLE_SUB_CAPABILITY_TEXT",
				"type": "String"
			},
			{
				"name": "DEM_ROLE_SUB_OFFERING",
				"type": "String"
			},
			{
				"name": "DEM_ROLE_SUB_OFFERING_TEXT",
				"type": "String"
			},
			{
				"name": "DEM_ROLE_SUB_REGION",
				"type": "String"
			},
			{
				"name": "DEM_ROLE_SUB_REGION_TEXT",
				"type": "String"
			},
			{
				"name": "DEM_ROLE_TOTAL_WORK",
				"type": "Decimal"
			},
			{
				"name": "DEM_ROLE_TOTAL_WORK_UNIT",
				"type": "String"
			},
			{
				"name": "DEM_ROLE_TYPE",
				"type": "String"
			},
			{
				"name": "DEM_ROLE_TYPE_TEXT",
				"type": "String"
			},
			{
				"name": "DEM_ROLE_VALIDATION_DATE",
				"type": "DateTime",
				"format": "yyyy-MM-dd"
			},
			{
				"name": "DEM_ROLE_VENDOR",
				"type": "String"
			},
			{
				"name": "DEM_ROLE_VENDOR_TEXT",
				"type": "String"
			},
			{
				"name": "DEM_ROLE_VENDOR_MODULE",
				"type": "String"
			},
			{
				"name": "DEM_ROLE_VENDOR_MODULE_TEXT",
				"type": "String"
			},
			{
				"name": "DEM_ROLE_ENGAGEMENT_CODE",
				"type": "String"
			},
			{
				"name": "DEM_ROLE_ENGAGEMENT_LOCATION",
				"type": "String"
			},
			{
				"name": "DEM_ROLE_ZIP_CODE",
				"type": "String"
			},
			{
				"name": "DEM_OWNER_TEXT",
				"type": "String"
			},
			{
				"name": "DEM_REQUESTER_TEXT",
				"type": "String"
			},
			{
				"name": "DEM_OWNER",
				"type": "String"
			},
			{
				"name": "DEM_FEDERAL_ACCOUNT",
				"type": "String"
			},
			{
				"name": "DEM_ROLE_DAYS_PER_WEEK",
				"type": "String"
			},
			{
				"name": "DEM_ENTERED_BY",
				"type": "String"
			},
			{
				"name": "DEM_CREATED_ON",
				"type": "DateTime",
				"format": "yyyy-MM-dd"
			},
			{
				"name": "DEM_LOCATION",
				"type": "String"
			},
			{
				"name": "DEM_EMP_RESOURCE_MANAGER",
				"type": "String"
			},
			{
				"name": "DEM_EMP_RESOURCE_MANAGER_KEY",
				"type": "String"
			},
			{
				"name": "DEM_EMP_MEMBER_FIRM_RESOURCE_MANAGER",
				"type": "String"
			},
			{
				"name": "DEM_EMP_RESOURCE_MANAGER_EMAIL",
				"type": "String"
			},
			{
				"name": "DEM_RESOURCE_MANAGER",
				"type": "String"
			},
			{
				"name": "DEM_ROLE_FYP_START_STR",
				"type": "String"
			},
			{
				"name": "DEM_ROLE_WEEK_START_DATE",
				"type": "DateTime",
				"format": "yyyy-MM-dd"
			},
			{
				"name": "DEM_ROLE_RESOURCE_MANAGER_TEXT",
				"type": "String"
			},
			{
				"name": "DEM_ROLE_CREATION_DATE",
				"type": "DateTime",
				"format": "yyyy-MM-dd"
			},
			{
				"name": "DEM_ROLE_LOCAL_LEVEL_GROUP_TEXT",
				"type": "String"
			},
			{
				"name": "DEM_ROLE_IS_TIME_RULES",
				"type": "Int"
			},
			{
				"name": "DEM_GLOBAL_INDUSTRY_TEXT",
				"type": "String"
			},
			{
				"name": "DEM_ROLE_LOAD_TIMESTAMP",
				"type": "DateTime",
				"format": "yyyy-MM-dd"
			},
			{
				"name": "DEM_LOAD_TIMESTAMP",
				"type": "DateTime",
				"format": "yyyy-MM-dd"
			},
			{
				"name": "DEM_ENGAGEMENT_LOCAL_CLIENT",
				"type": "String"
			},
			{
				"name": "DEM_ENGAGEMENT_LOCAL_CLIENT_TEXT",
				"type": "String"
			},
			{
				"name": "DEM_ROLE_ACTIVE_CANDIDATES_CNT",
				"type": "Int"
			},
			{
				"name": "DEM_ROLE_IS_NEAR_OFFSHORE",
				"type": "String"
			},
			{
				"name": "DEM_CLIENT_TYPE_TEXT",
				"type": "String"
			},
			{
				"name": "DEM_RESP_RM_ORG",
				"type": "String"
			},
			{
				"name": "DEM_ROLE_DESCRIPTION",
				"type": "String"
			},
			{
				"name": "DEM_ROLE_OFFICE_GROUP_TEXT",
				"type": "String"
			},
			{
				"name": "DEM_DESCRIPTION",
				"type": "String"
			},
			{
				"name": "DEM_ENG_MANAGER_TEXT",
				"type": "String"
			},
			{
				"name": "DEM_ENG_LEAD_TEXT",
				"type": "String"
			},
			{
				"name": "DEM_ENG_BILL_LEAD_TEXT",
				"type": "String"
			},
			{
				"name": "DEM_WBS_CLIENT_STATE",
				"type": "String"
			},
			{
				"name": "DEM_WBS_CLIENT_CITY",
				"type": "String"
			},
			{
				"name": "DEM_ENGAGEMENT_CLIENT_PARENT_SECTOR_TEXT",
				"type": "String"
			},
			{
				"name": "DEM_ENGAGEMENT_CLIENT_PARENT_GLOBAL_INDUSTRY_TEXT",
				"type": "String"
			},
			{
				"name": "DEM_ROLE_INVESTMENT_TYPE",
				"type": "String"
			},
			{
				"name": "DEM_ROLE_INVESTMENT_GROUP",
				"type": "String"
			},
			{
				"name": "DEM_ROLE_TALENT_MODEL",
				"type": "String"
			},
			{
				"name": "DEM_ROLE_TALENT_MODEL_TEXT",
				"type": "String"
			},
			{
				"name": "DEM_ROLE_TALENT_MODEL_TRACK",
				"type": "String"
			},
			{
				"name": "DEM_ROLE_TALENT_MODEL_TRACK_TEXT",
				"type": "String"
			},
			{
				"name": "DEM_REQUESTER_EMAIL",
				"type": "String"
			},
			{
				"name": "KEY_DEMAND",
				"type": "String"
			},
			{
				"name": "DEM_CED",
				"type": "String"
			},
			{
				"name": "DEM_CEM",
				"type": "String"
			},
			{
				"name": "DEM_PROFIT_CENTER",
				"type": "String"
			},
			{
				"name": "DEM_SUPER_REGION",
				"type": "String"
			},
			{
				"name": "DEM_CLIENT_INDUSTRY",
				"type": "String"
			},
			{
				"name": "DEM_ROLE_ESCALATION_REASON",
				"type": "String"
			},
			{
				"name": "DEM_ROLE_ESCALATION_REASON_TEXT",
				"type": "String"
			},
			{
				"name": "DEM_ROLE_IS_REMOTE",
				"type": "String"
			},
			{
				"name": "DEM_REQUESTED_PARTNER",
				"type": "String"
			},
			{
				"name": "DEM_ROLE_WBS_COUNTRY_TEXT",
				"type": "String"
			},
			{
				"name": "DEM_ENGAGEMENT_MANAGER",
				"type": "String"
			},
			{
				"name": "DEM_WBS_PRIMED_BY",
				"type": "String"
			},
			{
				"name": "DEM_ROLE_AGING_WEEKS_STR",
				"type": "String"
			},
			{
				"name": "DEM_ROLE_AGING_DAYS",
				"type": "Int"
			},
			{
				"name": "DEM_ROLE_AGING_DAYS_GROUP_STR",
				"type": "String"
			},
			{
				"name": "DEM_ROLE_AGING_WEEKS",
				"type": "Int"
			},
			{
				"name": "DEM_ROLE_AGING_WEEKS_GROUP_STR",
				"type": "String"
			},
			{
				"name": "DEM_KEY_COMPARE",
				"type": "String"
			},
			{
				"name": "DEM_ROLE_CURRENT_AGING_WEEKS",
				"type": "Int"
			},
			{
				"name": "DEM_ROLE_CURRENT_AGING_WEEKS_STR",
				"type": "String"
			},
			{
				"name": "DEM_LOCAL_CLIENT",
				"type": "String"
			},
			{
				"name": "DEM_LOCAL_CLIENT_TEXT",
				"type": "String"
			},
			{
				"name": "DEM_KEY_BUSINESS",
				"type": "String"
			},
			{
				"name": "DEM_KEY_FEDERAL",
				"type": "Int"
			}
		],
		"typeProperties": {
			"format": {
				"type": "TextFormat",
				"columnDelimiter": ",",
				"rowDelimiter": "",
				"quoteChar": "\"",
				"nullValue": "",
				"treatEmptyAsNull": true,
				"skipLineCount": 0,
				"firstRowAsHeader": true
			},
			"fileName": {
				"value": "@dataset().fileName",
				"type": "Expression"
			},
			"folderPath": {
				"value": "@dataset().filePath",
				"type": "Expression"
			}
		}
	},
	"type": "Microsoft.DataFactory/factories/datasets"
}