{
	"name": "DS_ADLS_TALENT_HEADCOUNT_TENURE",
	"properties": {
		"linkedServiceName": {
			"referenceName": "dslabdl",
			"type": "LinkedServiceReference"
		},
		"parameters": {
			"filePath": {
				"type": "String",
				"defaultValue": "/dtus/core/talent/headcount_tenure/national/csv"
			},
			"fileName": {
				"type": "String",
				"defaultValue": "01.csv"
			}
		},
		"annotations": [],
		"type": "AzureDataLakeStoreFile",
		"structure": [
			{
				"name": "EMPLOYEE",
				"type": "String"
			},
			{
				"name": "EMP_GBL_PERS_NBR",
				"type": "String"
			},
			{
				"name": "START_DATE",
				"type": "DateTime",
				"format": "yyyy-MM-dd"
			},
			{
				"name": "END_DATE",
				"type": "DateTime",
				"format": "yyyy-MM-dd"
			},
			{
				"name": "FISCAL_PERIOD",
				"type": "Decimal"
			},
			{
				"name": "CURRENT_TENURE",
				"type": "Decimal"
			},
			{
				"name": "TOTAL_TENURE",
				"type": "Decimal"
			}
		],
		"typeProperties": {
			"format": {
				"type": "TextFormat",
				"columnDelimiter": ",",
				"rowDelimiter": "",
				"quoteChar": "\"",
				"nullValue": "",
				"treatEmptyAsNull": true,
				"skipLineCount": 0,
				"firstRowAsHeader": true
			},
			"fileName": {
				"value": "@dataset().fileName",
				"type": "Expression"
			},
			"folderPath": {
				"value": "@dataset().filePath",
				"type": "Expression"
			}
		}
	},
	"type": "Microsoft.DataFactory/factories/datasets"
}