{
	"name": "DS_ADLS_ACCOUNT_PRQ",
	"properties": {
		"linkedServiceName": {
			"referenceName": "dslabdl",
			"type": "LinkedServiceReference"
		},
		"annotations": [],
		"type": "AzureDataLakeStoreFile",
		"structure": [
			{
				"name": "CHART_OF_ACCOUNTS",
				"type": "String"
			},
			{
				"name": "ACCOUNT",
				"type": "String"
			},
			{
				"name": "ACCOUNT_SHORT_TEXT",
				"type": "String"
			},
			{
				"name": "ACCOUNT_TEXT",
				"type": "String"
			}
		],
		"typeProperties": {
			"format": {
				"type": "ParquetFormat"
			},
			"fileName": "account.parquet",
			"folderPath": "/dtus/core/masterdata/texts/parquet"
		}
	},
	"type": "Microsoft.DataFactory/factories/datasets"
}