{
	"name": "DS_ADLS_RM_TAX_PROJECTED_HOURS",
	"properties": {
		"linkedServiceName": {
			"referenceName": "dslabdl",
			"type": "LinkedServiceReference"
		},
		"parameters": {
			"filePath": {
				"type": "String",
				"defaultValue": "/dtus/core/stafftrak_tax/availability/national/csv"
			},
			"fileName": {
				"type": "String",
				"defaultValue": "2019001.csv"
			}
		},
		"annotations": [],
		"type": "AzureDataLakeStoreFile",
		"structure": [
			{
				"name": "SNAPSHOT_ID",
				"type": "String"
			},
			{
				"name": "LOADING_TIMESTAMP",
				"type": "DateTime",
				"format": "yyyy-MM-dd"
			},
			{
				"name": "EMP_RESOURCE_ID",
				"type": "Decimal"
			},
			{
				"name": "EMP_MF_EMPLOYEE",
				"type": "String"
			},
			{
				"name": "EMP_MF_EMPLOYEE_TD",
				"type": "String"
			},
			{
				"name": "CAL_DATE",
				"type": "DateTime",
				"format": "yyyy-MM-dd"
			},
			{
				"name": "CAL_WEEK_START_DATE",
				"type": "DateTime",
				"format": "yyyy-MM-dd"
			},
			{
				"name": "CAL_WEEK_END_DATE",
				"type": "DateTime",
				"format": "yyyy-MM-dd"
			},
			{
				"name": "FISCAL_WEEK",
				"type": "Int32"
			},
			{
				"name": "FISCAL_PERIOD",
				"type": "Int32"
			},
			{
				"name": "FISCAL_YEAR",
				"type": "Int32"
			},
			{
				"name": "FISCAL_YEAR_PERIOD",
				"type": "Int32"
			},
			{
				"name": "FISCAL_YEAR_PERIOD_WEEK",
				"type": "Int32"
			},
			{
				"name": "PERFORMANCE_YEAR",
				"type": "Int32"
			},
			{
				"name": "PERFORMANCE_PERIOD",
				"type": "Int32"
			},
			{
				"name": "PERFORMANCE_YEAR_PERIOD",
				"type": "Int32"
			},
			{
				"name": "BI_WEEKLY_PERIOD_END_DATE",
				"type": "DateTime",
				"format": "yyyy-MM-dd"
			},
			{
				"name": "BASIC_AVAILABILITY_HRS",
				"type": "Decimal"
			},
			{
				"name": "SCHEDULED_HRS",
				"type": "Decimal"
			},
			{
				"name": "CS_SCHEDULED_HRS",
				"type": "Decimal"
			},
			{
				"name": "LOA_HRS",
				"type": "Decimal"
			},
			{
				"name": "EXPECTED_HRS",
				"type": "Decimal"
			},
			{
				"name": "DAILY_AVAILABLE_HRS",
				"type": "Decimal"
			},
			{
				"name": "AVAILABLE_HRS",
				"type": "Decimal"
			},
			{
				"name": "LOAD_TIMESTAMP",
				"type": "DateTime",
				"format": "yyyy-MM-dd"
			}
		],
		"typeProperties": {
			"format": {
				"type": "TextFormat",
				"columnDelimiter": ",",
				"rowDelimiter": "",
				"quoteChar": "\"",
				"nullValue": "",
				"treatEmptyAsNull": true,
				"skipLineCount": 0,
				"firstRowAsHeader": true
			},
			"fileName": {
				"value": "@dataset().fileName",
				"type": "Expression"
			},
			"folderPath": {
				"value": "@dataset().filePath",
				"type": "Expression"
			}
		}
	},
	"type": "Microsoft.DataFactory/factories/datasets"
}