{
	"name": "DS_ADLS_MERCURY_OPPORTUNITY_EXTRACT",
	"properties": {
		"linkedServiceName": {
			"referenceName": "dslabdl",
			"type": "LinkedServiceReference"
		},
		"annotations": [],
		"type": "AzureDataLakeStoreFile",
		"structure": [
			{
				"name": "OPPORTUNITY_RECORD_ID",
				"type": "String"
			},
			{
				"name": "OPPORTUNITY_ID",
				"type": "String"
			},
			{
				"name": "OPPORTUNITY_NAME",
				"type": "String"
			},
			{
				"name": "OPPORTUNITY_DESC",
				"type": "String"
			},
			{
				"name": "OPPORTUNITY_TYPE",
				"type": "String"
			},
			{
				"name": "TYPE",
				"type": "String"
			},
			{
				"name": "OPPORTUNITY_UID",
				"type": "String"
			},
			{
				"name": "WBS",
				"type": "String"
			},
			{
				"name": "ACCOUNT_ID",
				"type": "String"
			},
			{
				"name": "CLIENT_ID",
				"type": "String"
			},
			{
				"name": "PHASE",
				"type": "String"
			},
			{
				"name": "PHASE_NAME",
				"type": "String"
			},
			{
				"name": "RTRAK_ID",
				"type": "String"
			},
			{
				"name": "FISCAL_YEAR",
				"type": "String"
			},
			{
				"name": "FISCAL_YEAR_ON_CLOSED_DATE",
				"type": "String"
			},
			{
				"name": "FISCAL_YEAR_ON_CREATED_DATE",
				"type": "String"
			},
			{
				"name": "FISCAL_YEAR_ON_OPP_START",
				"type": "String"
			},
			{
				"name": "FISCAL_YEAR_ON_PHASE",
				"type": "String"
			},
			{
				"name": "FISCAL_YEAR_ON_PROJECT_END",
				"type": "String"
			},
			{
				"name": "FISCAL_YEAR_ON_PROJECT_START",
				"type": "String"
			},
			{
				"name": "FISCAL_PERIOD_ON_OPP_CLOSED_DATE",
				"type": "String"
			},
			{
				"name": "FISCAL_PERIOD_ON_OPP_CREATED_DATE",
				"type": "String"
			},
			{
				"name": "FISCAL_PERIOD_ON_OPP_START",
				"type": "String"
			},
			{
				"name": "FISCAL_PERIOD_ON_PHASE_SINCE",
				"type": "String"
			},
			{
				"name": "FISCAL_PERIOD_ON_PROJECT_END",
				"type": "String"
			},
			{
				"name": "FISCAL_PERIOD_ON_PROJECT_START",
				"type": "String"
			},
			{
				"name": "FISCAL_YEAR_PERIOD_ON_CLOSE_DATE",
				"type": "String"
			},
			{
				"name": "FISCAL_YEAR_PERIOD_ON_CLOSE_DATE_ACTUAL",
				"type": "String"
			},
			{
				"name": "FISCAL_YEAR_PERIOD_ON_CREATED_DATE",
				"type": "String"
			},
			{
				"name": "FISCAL_YEAR_PERIOD_ON_OPP_CREATED_DATE",
				"type": "String"
			},
			{
				"name": "FISCAL_YEAR_PERIOD_ON_PHASE",
				"type": "String"
			},
			{
				"name": "FISCAL_YEAR_PERIOD_ON_PROJECT_END",
				"type": "String"
			},
			{
				"name": "FISCAL_YEAR_PERIOD_ON_PROJECT_START",
				"type": "String"
			},
			{
				"name": "OPPORTUNITY_CREATED_DATE",
				"type": "DateTime",
				"format": "yyyy-MM-dd"
			},
			{
				"name": "OPPORTUNITY_CLOSE_DATE_ACTUAL",
				"type": "DateTime",
				"format": "yyyy-MM-dd"
			},
			{
				"name": "OPPORTUNITY_CLOSE_DATE_EXPECTED",
				"type": "DateTime",
				"format": "yyyy-MM-dd"
			},
			{
				"name": "CLOSE_FISCAL_YEAR_DATE",
				"type": "DateTime",
				"format": "yyyy-MM-dd"
			},
			{
				"name": "PROJECT_START_DATE",
				"type": "DateTime",
				"format": "yyyy-MM-dd"
			},
			{
				"name": "PROJECT_END_DATE",
				"type": "DateTime",
				"format": "yyyy-MM-dd"
			},
			{
				"name": "WIN_LOSS_REASON",
				"type": "String"
			},
			{
				"name": "WIN_LOSS_DETAILS",
				"type": "String"
			},
			{
				"name": "PROBABILITY_PRC",
				"type": "Decimal"
			},
			{
				"name": "CONSULTING_MARKET_SECTOR_OFFERING",
				"type": "String"
			},
			{
				"name": "DELOITTE_SOLUTION_CENTER_RELATED_FLG",
				"type": "String"
			},
			{
				"name": "PULL_THROUGH_OPPORTUNITY_FLG",
				"type": "String"
			},
			{
				"name": "DELOITTE_SOLUTION",
				"type": "String"
			},
			{
				"name": "ATTEST_FLAG",
				"type": "String"
			},
			{
				"name": "BUYER_NAME",
				"type": "String"
			},
			{
				"name": "STATUS",
				"type": "String"
			},
			{
				"name": "LCP",
				"type": "String"
			},
			{
				"name": "LCSP",
				"type": "String"
			},
			{
				"name": "CLOSE_DATE_PERIOD_WAVE",
				"type": "String"
			},
			{
				"name": "PURSUIT_TEAM_MEMBERS",
				"type": "String"
			},
			{
				"name": "DELETED_FLG",
				"type": "String"
			},
			{
				"name": "AMOUNT",
				"type": "Decimal"
			},
			{
				"name": "CONSULTING_SECTOR",
				"type": "String"
			},
			{
				"name": "CONSULTING_SECTOR_OFFERING_CODE_ID",
				"type": "String"
			},
			{
				"name": "CONSULTING_SECTOR_OFFERING_CODE_DESC",
				"type": "String"
			},
			{
				"name": "FEE_TYPE",
				"type": "String"
			},
			{
				"name": "FEE_TYPE_CODE",
				"type": "String"
			},
			{
				"name": "GROSS_REVENUE",
				"type": "Decimal"
			},
			{
				"name": "INITIATIVE_1",
				"type": "String"
			},
			{
				"name": "INITIATIVE_2",
				"type": "String"
			},
			{
				"name": "INITIATIVE_3",
				"type": "String"
			},
			{
				"name": "CROSS_BUSINESS_OFFERING",
				"type": "String"
			},
			{
				"name": "FOLLOW_ON_OPPORTUNITY_FLG",
				"type": "String"
			},
			{
				"name": "REPROPOSAL_FLG",
				"type": "String"
			},
			{
				"name": "RECURRING_OPPORTUNITY_FLG",
				"type": "String"
			},
			{
				"name": "OPTIONAL_FIELD_1",
				"type": "String"
			},
			{
				"name": "OPTIONAL_FIELD_2",
				"type": "String"
			},
			{
				"name": "OPTIONAL_FIELD_3",
				"type": "String"
			},
			{
				"name": "OPTIONAL_FIELD_4",
				"type": "String"
			},
			{
				"name": "OPTIONAL_FIELD_5",
				"type": "String"
			},
			{
				"name": "ORIGINAL_OPPORTUNITY_ID_PULL_THROUGH",
				"type": "String"
			},
			{
				"name": "PHASE_REASON_CODE",
				"type": "String"
			},
			{
				"name": "PHASE_REASON_CONCATENATED",
				"type": "String"
			},
			{
				"name": "PROPOSAL_RISK_REVIEW_COMPLETED_DATE",
				"type": "DateTime",
				"format": "yyyy-MM-dd"
			},
			{
				"name": "PURSUIT_START_DATE",
				"type": "DateTime",
				"format": "yyyy-MM-dd"
			},
			{
				"name": "REQUEST_CONSULTING_QUALITY_REVIEW",
				"type": "String"
			},
			{
				"name": "RFP_RELEASE_DATE",
				"type": "DateTime",
				"format": "yyyy-MM-dd"
			},
			{
				"name": "TOTAL_POTENTIAL_NET_SERVICE_REVENUE",
				"type": "Decimal"
			},
			{
				"name": "WILL_THERE_BE_AN_RFP",
				"type": "String"
			},
			{
				"name": "ALL_INITIATIVES",
				"type": "String"
			},
			{
				"name": "PRIORITY",
				"type": "String"
			},
			{
				"name": "PRIORITY_CODE",
				"type": "String"
			},
			{
				"name": "PRIORITY_CODE_FORMULA",
				"type": "String"
			},
			{
				"name": "START_DATE_OF_CURRENT_PHASE",
				"type": "DateTime",
				"format": "yyyy-MM-dd"
			},
			{
				"name": "STRATEGIC_OPPORTUNITY",
				"type": "String"
			},
			{
				"name": "TYPE_OF_RECURRING_WORK",
				"type": "String"
			},
			{
				"name": "WORK_GEOGRAPHY",
				"type": "String"
			},
			{
				"name": "WORK_GEOGRAPHY_ID",
				"type": "Int32"
			},
			{
				"name": "WORK_REGION",
				"type": "String"
			},
			{
				"name": "ARE_THERE_ANY_COMPETITORS",
				"type": "String"
			},
			{
				"name": "LAW_FIRM_CODE",
				"type": "String"
			},
			{
				"name": "PRIVATE_EQUITY_CODE",
				"type": "String"
			},
			{
				"name": "SM_BD_PURSUIT_MANAGEMENT_INVOLVED_FLG",
				"type": "String"
			},
			{
				"name": "IMPACT_SELLING_APPROACH_DISCUSSED_FLG",
				"type": "String"
			},
			{
				"name": "LAW_FIRM_IN_HOUSE_COUNSEL_OR_PRIVATE_EQ",
				"type": "String"
			},
			{
				"name": "RISK_ASSESSMENT_COMPLIANCE_STATUS",
				"type": "String"
			},
			{
				"name": "RISK_ASSESSMENT_SCORE",
				"type": "String"
			},
			{
				"name": "RISK_ASSESSMENT_DATE",
				"type": "DateTime",
				"format": "yyyy-MM-dd"
			},
			{
				"name": "RISK_REVIEW_DATE",
				"type": "DateTime",
				"format": "yyyy-MM-dd"
			},
			{
				"name": "RISK_SCORE_DESC",
				"type": "String"
			},
			{
				"name": "RISK_CONSULTATION_DATE",
				"type": "DateTime",
				"format": "yyyy-MM-dd"
			},
			{
				"name": "ACCESSEDGE_TARGET",
				"type": "String"
			},
			{
				"name": "NEXT_STEP_ACTIVITY",
				"type": "String"
			},
			{
				"name": "NEXT_STEP_DUE_DATE",
				"type": "DateTime",
				"format": "yyyy-MM-dd"
			},
			{
				"name": "NEXT_STEP",
				"type": "String"
			},
			{
				"name": "NOTES",
				"type": "String"
			},
			{
				"name": "OFFERING_VALUE_DIGITAL",
				"type": "Decimal"
			},
			{
				"name": "OFFEROR_STATUS",
				"type": "String"
			},
			{
				"name": "OPP_SAVE_API_ERROR",
				"type": "String"
			},
			{
				"name": "E_E_COMMERCIAL_PLAN",
				"type": "String"
			},
			{
				"name": "ENGAGEMENT_INDUSTRY_SECTOR",
				"type": "String"
			},
			{
				"name": "ENGAGEMENT_SECTOR",
				"type": "String"
			},
			{
				"name": "PRODUCT_INFLUENCE",
				"type": "String"
			},
			{
				"name": "PRODUCT_INFLUENCE_RESULTS",
				"type": "String"
			},
			{
				"name": "PRODUCT_REPORTING",
				"type": "String"
			},
			{
				"name": "PRODUCT",
				"type": "String"
			},
			{
				"name": "PRODUCT_SUPPORT_TEAM",
				"type": "String"
			},
			{
				"name": "PRODUCT_TEAM",
				"type": "String"
			},
			{
				"name": "PROJECT_COUNTRY",
				"type": "String"
			},
			{
				"name": "FOCUS_AREA",
				"type": "String"
			},
			{
				"name": "GLOBAL_MEMBER_FIRM",
				"type": "String"
			},
			{
				"name": "GOVWIN",
				"type": "String"
			},
			{
				"name": "GREEN_DOT",
				"type": "String"
			},
			{
				"name": "READY_RESPONSE_NOTES",
				"type": "String"
			},
			{
				"name": "READY_RESPONSE_PARTNER",
				"type": "String"
			},
			{
				"name": "REALIZED_REVENUE_YTD",
				"type": "Decimal"
			},
			{
				"name": "DELOITTE_SOLUTION_APPLICABLE_CODE",
				"type": "String"
			},
			{
				"name": "SENIOR_MANAGER",
				"type": "String"
			},
			{
				"name": "SERVICE_FUNCTION",
				"type": "String"
			},
			{
				"name": "SERVICE_OFFERING_TPNSR_TOTAL",
				"type": "Decimal"
			},
			{
				"name": "SERVICE_SALES_DETAILS",
				"type": "String"
			},
			{
				"name": "SIGNATURE_ISSUE",
				"type": "String"
			},
			{
				"name": "SOLICITATION_NUMBER",
				"type": "String"
			},
			{
				"name": "SUCCESS_FACTORS",
				"type": "String"
			},
			{
				"name": "BANK_CODE",
				"type": "String"
			},
			{
				"name": "BILLING_ACCOUNT",
				"type": "String"
			},
			{
				"name": "BILL_TO_ACCOUNT",
				"type": "String"
			},
			{
				"name": "BILL_TO_ACCOUNT_NAME",
				"type": "String"
			},
			{
				"name": "BILL_TO_CITY",
				"type": "String"
			},
			{
				"name": "BILL_TO_COUNTRY",
				"type": "String"
			},
			{
				"name": "BILL_TO_POSTAL_CODE",
				"type": "String"
			},
			{
				"name": "BILL_TO_STATE",
				"type": "String"
			},
			{
				"name": "BLUE_DOT",
				"type": "String"
			},
			{
				"name": "BUYER_ROLE",
				"type": "String"
			},
			{
				"name": "BUYER_ROLE_CODE",
				"type": "String"
			},
			{
				"name": "BUYER_ROLE_CODE_FORMULA",
				"type": "String"
			},
			{
				"name": "CLIENT_DPS",
				"type": "String"
			},
			{
				"name": "LEAD_SOURCE_DETAILS",
				"type": "String"
			},
			{
				"name": "WAS_THIS_GOVT_SOLD_UNFUNDED",
				"type": "String"
			},
			{
				"name": "WEIGHTED_PIPELINE",
				"type": "Decimal"
			},
			{
				"name": "TECHNOLOGY_VENDORS_BEING_CONSIDERED",
				"type": "String"
			},
			{
				"name": "TECHNOLOGY_VENDORS_SELECTED",
				"type": "String"
			},
			{
				"name": "TOTAL_DIGITAL_AMOUNT_NEW",
				"type": "Decimal"
			},
			{
				"name": "JOINT_COOPERATIVE_ENTITY",
				"type": "String"
			},
			{
				"name": "REGION",
				"type": "String"
			},
			{
				"name": "REJECTION_DETAILS",
				"type": "String"
			},
			{
				"name": "HCM_PLATFORM",
				"type": "String"
			},
			{
				"name": "HEAT_WAVE",
				"type": "String"
			},
			{
				"name": "HIGHER_ED_PACKAGE",
				"type": "String"
			},
			{
				"name": "CLOUD_FLG",
				"type": "String"
			},
			{
				"name": "LANGUAGES_IN_SCOPE",
				"type": "String"
			},
			{
				"name": "ORIGINAL_OPPORTUNITYID_FOLLOW_ON",
				"type": "String"
			},
			{
				"name": "ORIGINAL_OPPORTUNITY_FOLLOWON",
				"type": "String"
			},
			{
				"name": "OTHER_REFERRAL_SOURCE",
				"type": "String"
			},
			{
				"name": "OVERALL_STATUS_COMMENTS",
				"type": "String"
			},
			{
				"name": "OWNER",
				"type": "String"
			},
			{
				"name": "PCOE_COACH",
				"type": "String"
			},
			{
				"name": "PCOE_LEAD",
				"type": "String"
			},
			{
				"name": "PCOE_MODEL",
				"type": "String"
			},
			{
				"name": "PERSONNEL_IDS_OF_PTMS",
				"type": "String"
			},
			{
				"name": "PLATFORM",
				"type": "String"
			},
			{
				"name": "PORTFOLIO",
				"type": "String"
			},
			{
				"name": "ASSOCIATE_CONTRACT_VEHICLE_FLG",
				"type": "String"
			},
			{
				"name": "ASSOCIATE_CONTRACT_VEHICLE_NAME",
				"type": "String"
			},
			{
				"name": "CONTRACT_VEHICLE_ID",
				"type": "String"
			},
			{
				"name": "POTENTIAL_VEHICLE_VALUE",
				"type": "Decimal"
			},
			{
				"name": "POTENTIAL_WIN_VALUE",
				"type": "Decimal"
			},
			{
				"name": "PRIMARY_PURSUIT_TEAM",
				"type": "String"
			},
			{
				"name": "PRIME_VENDOR",
				"type": "String"
			},
			{
				"name": "PURSUIT_LEADER",
				"type": "String"
			},
			{
				"name": "PURSUIT_LEADER_ID",
				"type": "String"
			},
			{
				"name": "PURSUIT_LEADER_NAME",
				"type": "String"
			},
			{
				"name": "PURSUIT_LEADER_EMAIL",
				"type": "String"
			},
			{
				"name": "PURSUIT_OWNER",
				"type": "String"
			},
			{
				"name": "RFP_DUE_DATE",
				"type": "DateTime",
				"format": "yyyy-MM-dd"
			},
			{
				"name": "SAAS_NON_SAAS",
				"type": "String"
			},
			{
				"name": "SALES_OPERATIONS",
				"type": "String"
			},
			{
				"name": "SAP_ON_PREMISE",
				"type": "String"
			},
			{
				"name": "TOTAL_PRODUCT_VALUE",
				"type": "Decimal"
			},
			{
				"name": "PROPOSAL_PERIOD",
				"type": "String"
			},
			{
				"name": "TYPE_OF_RECURRING_WORK_CODE",
				"type": "String"
			},
			{
				"name": "ARE_THERE_ALUMNI",
				"type": "Decimal"
			},
			{
				"name": "LAW_FIRM_IN_HOUSE_COUNSEL_PEF",
				"type": "String"
			},
			{
				"name": "LAW_FIRM_IN_HOUSE_COUNSEL_PEF_CODE",
				"type": "String"
			},
			{
				"name": "LEGACY_SOURCE",
				"type": "String"
			},
			{
				"name": "LHCP",
				"type": "String"
			},
			{
				"name": "DIRECT_BILLING_VIA_FINANCE_COE",
				"type": "String"
			},
			{
				"name": "ARE_THERE_COMPETITORS",
				"type": "Decimal"
			},
			{
				"name": "ORACLE_SOLUTIONS",
				"type": "String"
			},
			{
				"name": "OWNER_ID",
				"type": "String"
			},
			{
				"name": "TOTAL_PHASE_SPECIFIC_TPNSR_NSR",
				"type": "Decimal"
			},
			{
				"name": "GLOBAL_OPPORTUNITY_FLG",
				"type": "String"
			},
			{
				"name": "CROSS_FUNCTIONAL_OPPORTUNITY",
				"type": "String"
			},
			{
				"name": "REFERRAL SOURCE",
				"type": "String"
			},
			{
				"name": "REFERRAL_SOURCE_NAME",
				"type": "String"
			},
			{
				"name": "REFERRAL_SOURCE_CATEGORY",
				"type": "String"
			},
			{
				"name": "REFERRAL_SOURCE_CATEGORY_ID",
				"type": "String"
			},
			{
				"name": "REFERRAL_SOURCE_CATEGORY_NAME",
				"type": "String"
			},
			{
				"name": "LEGACY_ID",
				"type": "String"
			},
			{
				"name": "ISO_CODE",
				"type": "String"
			},
			{
				"name": "UNIQUE_OR_SCARCE_SKILLSETS_REQUIRED",
				"type": "String"
			},
			{
				"name": "AGILE_DELIVERY",
				"type": "String"
			},
			{
				"name": "BILLING_TERMS",
				"type": "String"
			},
			{
				"name": "PENALTIES_OR_EXTENDED_WARRANTIES",
				"type": "String"
			},
			{
				"name": "PARTY_ACCESS_RELIANCE_ON_DELIVERABL",
				"type": "String"
			},
			{
				"name": "EXPERT_WITNESS_LITIGATION_SUPPORT",
				"type": "String"
			},
			{
				"name": "ACCESS_TO_PII_PHI_HIGHLY_SENSITIVE_CI",
				"type": "String"
			},
			{
				"name": "USING_CLOUD_BASED_COLLABORATION_TOOLS",
				"type": "String"
			},
			{
				"name": "DELIVERY_CENTERS_UTILIZED",
				"type": "String"
			},
			{
				"name": "LEGACY_CLIENT",
				"type": "String"
			},
			{
				"name": "NEED_RECONCILATION",
				"type": "String"
			},
			{
				"name": "COMPETITORS",
				"type": "String"
			},
			{
				"name": "COMPETE_TYPE",
				"type": "String"
			},
			{
				"name": "EXPECTED_CLOSE_PERIOD",
				"type": "String"
			},
			{
				"name": "CAMPAIGNID",
				"type": "String"
			},
			{
				"name": "CONSULTING_INDUSTRY",
				"type": "String"
			},
			{
				"name": "COMPANY_NAME",
				"type": "String"
			},
			{
				"name": "BUSINESS",
				"type": "String"
			},
			{
				"name": "FEDERAL",
				"type": "String"
			},
			{
				"name": "INDUSTRY_DAY_DATE",
				"type": "DateTime",
				"format": "yyyy-MM-dd"
			},
			{
				"name": "RFI_REQUEST_DATE",
				"type": "DateTime",
				"format": "yyyy-MM-dd"
			},
			{
				"name": "RFI_SUBMITTED_DATE",
				"type": "DateTime",
				"format": "yyyy-MM-dd"
			},
			{
				"name": "FISCAL_VARIANT",
				"type": "String"
			},
			{
				"name": "CURRENCY",
				"type": "String"
			},
			{
				"name": "ORIGINAL_OPPNAME_FOLLOWON",
				"type": "String"
			},
			{
				"name": "ORIGINAL_OPPNAME_PULLTHROUGH",
				"type": "String"
			},
			{
				"name": "DAYS_IN_CURRENT_PHASE",
				"type": "Decimal"
			},
			{
				"name": "DAYS_PAST_DUE",
				"type": "Decimal"
			},
			{
				"name": "DAYS_TO_CLOSE",
				"type": "Decimal"
			},
			{
				"name": "DAYS_TO_EXPECTED_CLOSE",
				"type": "Decimal"
			},
			{
				"name": "INDIA_RESOURCE_INVOLVED_FLG",
				"type": "String"
			},
			{
				"name": "CLOSED_FLG",
				"type": "String"
			},
			{
				"name": "DELOITTE_ALUMNI_INVOLVED",
				"type": "String"
			},
			{
				"name": "NUMBER_OF_ALUMNI",
				"type": "Decimal"
			},
			{
				"name": "NUMBER_OF_COMPETITORS",
				"type": "Decimal"
			},
			{
				"name": "NUMBER_OF_SERVICES",
				"type": "Decimal"
			},
			{
				"name": "SALES_PURSUIT_EXCELLENCE",
				"type": "String"
			},
			{
				"name": "TIER_1_REFUSE_TO_LOSE",
				"type": "String"
			},
			{
				"name": "TIER_2_STRATEGIC",
				"type": "String"
			},
			{
				"name": "TIER_3_REACTIVE_FIELDS",
				"type": "String"
			},
			{
				"name": "ALIGNED_MISALIGNED",
				"type": "String"
			},
			{
				"name": "CONSULTING_CLIENT_CONTACT",
				"type": "String"
			},
			{
				"name": "CLIENT_BACKGROUND_NEED",
				"type": "String"
			},
			{
				"name": "M_A_PHASE",
				"type": "String"
			},
			{
				"name": "TRANSACTION_TYPE",
				"type": "String"
			},
			{
				"name": "LAST_SYNC_WITH_RTRAK",
				"type": "DateTime",
				"format": "yyyy-MM-dd"
			},
			{
				"name": "LAST_MODIFIED_ON_RTRAK",
				"type": "DateTime",
				"format": "yyyy-MM-dd"
			},
			{
				"name": "RTRAK_CREATED_DATE",
				"type": "DateTime",
				"format": "yyyy-MM-dd"
			},
			{
				"name": "RTRAK_FIELD_LAST_MODIFIED_BY",
				"type": "String"
			},
			{
				"name": "RTRAK_FIELD_LAST_MODIFIED_DATE",
				"type": "DateTime",
				"format": "yyyy-MM-dd"
			},
			{
				"name": "RTRAK_LAST_MODIFIED_ON",
				"type": "String"
			},
			{
				"name": "CREATED_DATE",
				"type": "DateTime",
				"format": "yyyy-MM-dd"
			},
			{
				"name": "CREATED_BY",
				"type": "String"
			},
			{
				"name": "CREATED_BY_NAME",
				"type": "String"
			},
			{
				"name": "LAST_MODIFIED_DATE",
				"type": "DateTime",
				"format": "yyyy-MM-dd"
			},
			{
				"name": "LAST_MODIFIED_BY",
				"type": "String"
			},
			{
				"name": "LAST_MODIFIED_BY_NAME",
				"type": "String"
			},
			{
				"name": "SYSTEM_MOD_STAMP",
				"type": "DateTime",
				"format": "yyyy-MM-dd"
			}
		],
		"typeProperties": {
			"format": {
				"type": "TextFormat",
				"columnDelimiter": ",",
				"rowDelimiter": "",
				"quoteChar": "\"",
				"nullValue": "",
				"treatEmptyAsNull": true,
				"skipLineCount": 0,
				"firstRowAsHeader": true
			},
			"fileName": "mercury_opportunity.csv",
			"folderPath": "/dtus/core/mercury/opportunity/national/csv"
		}
	},
	"type": "Microsoft.DataFactory/factories/datasets"
}