{
	"name": "DS_ADLS_DTE_EXPENSE_SUB_TYPE",
	"properties": {
		"linkedServiceName": {
			"referenceName": "dslabdl",
			"type": "LinkedServiceReference"
		},
		"annotations": [],
		"type": "AzureDataLakeStoreFile",
		"structure": [
			{
				"name": "EXPENSE_TYPE",
				"type": "String"
			},
			{
				"name": "EXPENSE_SUB_TYPE",
				"type": "String"
			},
			{
				"name": "EXPENSE_SUB_TYPE_TEXT",
				"type": "String"
			}
		],
		"typeProperties": {
			"format": {
				"type": "TextFormat",
				"columnDelimiter": ",",
				"rowDelimiter": "",
				"quoteChar": "\"",
				"nullValue": "",
				"treatEmptyAsNull": true,
				"skipLineCount": 0,
				"firstRowAsHeader": true
			},
			"fileName": "expense_sub_type.csv",
			"folderPath": "/dtus/core/dte/expense_sub_type/national/csv"
		}
	},
	"type": "Microsoft.DataFactory/factories/datasets"
}