{
	"name": "DS_ADLS_BIN_GL_SHARED",
	"properties": {
		"linkedServiceName": {
			"referenceName": "dslabdl",
			"type": "LinkedServiceReference"
		},
		"parameters": {
			"filePath": {
				"type": "String",
				"defaultValue": "/dtus/core/finance/general_ledger/national/csv/2018"
			},
			"fileName": {
				"type": "String",
				"defaultValue": "2018001.csv"
			}
		},
		"annotations": [],
		"type": "AzureDataLakeStoreFile",
		"typeProperties": {
			"fileName": {
				"value": "@dataset().fileName",
				"type": "Expression"
			},
			"folderPath": {
				"value": "@dataset().filePath",
				"type": "Expression"
			}
		}
	},
	"type": "Microsoft.DataFactory/factories/datasets"
}