{
	"name": "DS_ADLS_MCE_DIM_CONTACT",
	"properties": {
		"linkedServiceName": {
			"referenceName": "dslabdl",
			"type": "LinkedServiceReference"
		},
		"annotations": [],
		"type": "AzureDataLakeStoreFile",
		"structure": [
			{
				"name": "CONTACT_ID",
				"type": "String"
			},
			{
				"name": "CONTACT_MKT_DEV_ACC_ID",
				"type": "Int64"
			},
			{
				"name": "CONTACT_EMAIL",
				"type": "String"
			},
			{
				"name": "CONTACT_LAST_NAME",
				"type": "String"
			},
			{
				"name": "CONTACT_FIRST_NAME",
				"type": "String"
			},
			{
				"name": "CONTACT_FULL_NAME",
				"type": "String"
			},
			{
				"name": "CONTACT_JOB_LEVEL",
				"type": "String"
			},
			{
				"name": "CONTACT_PRIMARY_FUNCTION",
				"type": "String"
			},
			{
				"name": "CONTACT_SECONDARY_FUNCTION",
				"type": "String"
			},
			{
				"name": "CONTACT_SECTOR",
				"type": "String"
			},
			{
				"name": "CONTACT_COUNTRY",
				"type": "String"
			},
			{
				"name": "CONTACT_STATE",
				"type": "String"
			},
			{
				"name": "CONTACT_ZIP_CODE",
				"type": "String"
			},
			{
				"name": "CONTACT_ZIP_CODE_DESIGNATION",
				"type": "String"
			},
			{
				"name": "CONTACT_OFFICE",
				"type": "String"
			},
			{
				"name": "CONTACT_REGION",
				"type": "String"
			},
			{
				"name": "CONTACT_LEAD_SOURCE",
				"type": "String"
			},
			{
				"name": "CONTACT_TITLE",
				"type": "String"
			},
			{
				"name": "CONTACT_ALUMNI",
				"type": "String"
			},
			{
				"name": "CONTACT_REASON_FOR_INACTIVE",
				"type": "String"
			},
			{
				"name": "CONTACT_PROFILE_CONSENT_VALUE",
				"type": "String"
			},
			{
				"name": "CONTACT_PROFILE_CONSENT_DATE",
				"type": "DateTime",
				"format": "yyyy-MM-dd"
			},
			{
				"name": "CONTACT_ACTIVE",
				"type": "String"
			},
			{
				"name": "CONTACT_EMAIL_OPT_OUT",
				"type": "String"
			},
			{
				"name": "CONTACT_EMAIL_OPT_OUT_DATE",
				"type": "DateTime",
				"format": "yyyy-MM-dd"
			},
			{
				"name": "CONTACT_ACTIVE_INACTIVE_EMAIL_DATE",
				"type": "DateTime",
				"format": "yyyy-MM-dd"
			},
			{
				"name": "CONTACT_OUTDATED_EMAIL_DATE",
				"type": "DateTime",
				"format": "yyyy-MM-dd"
			},
			{
				"name": "CONTACT_CREATED_DATE",
				"type": "DateTime",
				"format": "yyyy-MM-dd"
			},
			{
				"name": "CONTACT_LAST_MODIFIED_DATE",
				"type": "DateTime",
				"format": "yyyy-MM-dd"
			},
			{
				"name": "CONTACT_PROFILE_LAST_VALIDATED_DATE",
				"type": "DateTime",
				"format": "yyyy-MM-dd"
			},
			{
				"name": "CONTACT_ACCOUNT_ENTERED",
				"type": "String"
			},
			{
				"name": "CONTACT_REF_MARKETABLE_CONTACT",
				"type": "String"
			},
			{
				"name": "CONTACT_ACCOUNT_DUNS",
				"type": "String"
			},
			{
				"name": "CONTACT_PARENT_ACCOUNT_DUNS",
				"type": "String"
			},
			{
				"name": "CONTACT_ACCOUNT_ID",
				"type": "String"
			},
			{
				"name": "CONTACT_ACCOUNT_PARENT_ID",
				"type": "String"
			},
			{
				"name": "CONTACT_ACCOUNT_NAME",
				"type": "String"
			},
			{
				"name": "CONTACT_PARENT_ACCOUNT_NAME",
				"type": "String"
			},
			{
				"name": "CONTACT_PARENT_ACCOUNT_CLIENT_SEGMENT",
				"type": "String"
			},
			{
				"name": "CONTACT_ACCOUNT_TYPE",
				"type": "String"
			},
			{
				"name": "CONTACT_ACCOUNT_INDUSTRY_CODE",
				"type": "String"
			},
			{
				"name": "CONTACT_ACCOUNT_INDUSTRY_SHORT_TEXT",
				"type": "String"
			},
			{
				"name": "CONTACT_ACCOUNT_INDUSTRY_TEXT",
				"type": "String"
			},
			{
				"name": "CONTACT_ACCOUNT_SECTOR_CODE",
				"type": "String"
			},
			{
				"name": "CONTACT_ACCOUNT_SECTOR_TEXT",
				"type": "String"
			},
			{
				"name": "CONTACT_ACCOUNT_REGION_CODE",
				"type": "String"
			},
			{
				"name": "CONTACT_ACCOUNT_REGION_TEXT",
				"type": "String"
			},
			{
				"name": "CONTACT_DGES_DESIGNATION_TEXT",
				"type": "String"
			},
			{
				"name": "CONTACT_GIGYA_ID",
				"type": "String"
			},
			{
				"name": "CONTACT_EVENT_INVITE_ONLY",
				"type": "String"
			},
			{
				"name": "CONTACT_PARENT_GLOBAL_CLIENT_PORTFOLIO",
				"type": "String"
			},
			{
				"name": "CONTACT_ACCOUNT_RELATIONSHIP_STRENGTH",
				"type": "Single"
			},
			{
				"name": "CONTACT_ENGAGEMENT_SCORE",
				"type": "Single"
			},
			{
				"name": "CONTACT_ENGAGEMENT_SCORE_CATEGORY",
				"type": "String"
			},
			{
				"name": "CONTACT_ENGAGEMENT_SCORE_DATE",
				"type": "DateTime",
				"format": "yyyy-MM-dd"
			}
		],
		"typeProperties": {
			"format": {
				"type": "TextFormat",
				"columnDelimiter": ",",
				"rowDelimiter": "",
				"quoteChar": "\"",
				"nullValue": "",
				"treatEmptyAsNull": true,
				"skipLineCount": 0,
				"firstRowAsHeader": true
			},
			"fileName": "dim_contact.csv",
			"folderPath": "/dtus/core/mce/dim_contact/national/csv"
		}
	},
	"type": "Microsoft.DataFactory/factories/datasets"
}