{
	"name": "DS_ADLS_MCE_FACT_CONTACT_INTERACTION",
	"properties": {
		"linkedServiceName": {
			"referenceName": "dslabdl",
			"type": "LinkedServiceReference"
		},
		"parameters": {
			"fileName": {
				"type": "String",
				"defaultValue": "fact_contact_interaction.csv"
			}
		},
		"annotations": [],
		"type": "AzureDataLakeStoreFile",
		"structure": [
			{
				"name": "CONTACT_ID",
				"type": "String"
			},
			{
				"name": "CONTACT_INT_DATE",
				"type": "DateTime",
				"format": "yyyy-MM-dd"
			},
			{
				"name": "CONTACT_INT_PUBLICATION_ID",
				"type": "String"
			},
			{
				"name": "CONTACT_INT_PUBLICATION_NAME",
				"type": "String"
			},
			{
				"name": "CONTACT_MKT_DEV_ACC_ID",
				"type": "Int64"
			},
			{
				"name": "CONTACT_INT_TAG",
				"type": "String"
			},
			{
				"name": "CONTACT_INT_CAMPAIGN_ID",
				"type": "String"
			},
			{
				"name": "CONTACT_INT_FRIENDLY_CAMPAIGN_NAME",
				"type": "String"
			},
			{
				"name": "CONTACT_INT_FISCAL_QUARTER",
				"type": "Int32"
			},
			{
				"name": "CONTACT_INT_FISCAL_WEEK",
				"type": "Int32"
			},
			{
				"name": "CONTACT_INT_FISCAL_YEAR",
				"type": "Int32"
			},
			{
				"name": "CONTACT_INT_CAMPAIGN_MEMBER_ID",
				"type": "String"
			},
			{
				"name": "CONTACT_INT_STATUS",
				"type": "String"
			},
			{
				"name": "CONTACT_TOT_REGISTERED",
				"type": "Decimal"
			},
			{
				"name": "CONTACT_TOT_CANCELLED",
				"type": "Decimal"
			},
			{
				"name": "CONTACT_TOT_DECLINED",
				"type": "Decimal"
			},
			{
				"name": "CONTACT_TOT_ATTENDED",
				"type": "Decimal"
			},
			{
				"name": "CONTACT_TOT_EMAILS_SENT",
				"type": "Decimal"
			},
			{
				"name": "CONTACT_TOT_EMAILS_OPENED",
				"type": "Decimal"
			},
			{
				"name": "CONTACT_TOT_EMAILS_CLICKED",
				"type": "Decimal"
			},
			{
				"name": "CONTACT_TOT_DIG_VISITS",
				"type": "Decimal"
			},
			{
				"name": "CONTACT_TOT_DIG_BOUNCES",
				"type": "Decimal"
			},
			{
				"name": "CONTACT_TOT_DIG_ENTRIES",
				"type": "Decimal"
			},
			{
				"name": "CONTACT_TOT_DIG_CONTENT_VIEW",
				"type": "Decimal"
			},
			{
				"name": "CONTACT_TOT_DIG_FILE_DOWNLOAD",
				"type": "Decimal"
			},
			{
				"name": "CONTACT_TOT_DIG_SOCIAL_INTERACTION",
				"type": "Decimal"
			},
			{
				"name": "CONTACT_TOT_DIG_EVENT_REGISTRATION",
				"type": "Decimal"
			},
			{
				"name": "CONTACT_TOT_DIG_APPLICATION_THANKYOU",
				"type": "Decimal"
			},
			{
				"name": "CONTACT_TOT_DIG_VIDEO_VIEW",
				"type": "Decimal"
			},
			{
				"name": "CONTACT_TOT_DIG_VIDEO_COMPLETE",
				"type": "Decimal"
			},
			{
				"name": "CONTACT_TOT_DIG_APPLY_BUTTON",
				"type": "Decimal"
			},
			{
				"name": "CONTACT_TOT_DIG_SCROLL_START",
				"type": "Decimal"
			},
			{
				"name": "CONTACT_TOT_DIG_PAGE_COMPLETE",
				"type": "Decimal"
			},
			{
				"name": "CONTACT_TOT_DIG_VIEW_MAP",
				"type": "Decimal"
			},
			{
				"name": "CONTACT_TOT_DIG_DISCOVER_MORE",
				"type": "Decimal"
			},
			{
				"name": "CONTACT_TOT_DIG_NEXT_STEP",
				"type": "Decimal"
			},
			{
				"name": "CONTACT_TOT_DIG_CUSTOM_FORM_COMPLETE",
				"type": "Decimal"
			},
			{
				"name": "CONTACT_TOT_DIG_INTERACTION_SERIAL",
				"type": "Decimal"
			},
			{
				"name": "CONTACT_TOT_DIG_EVENT73",
				"type": "Decimal"
			},
			{
				"name": "CONTACT_TOT_DIG_EVENT74",
				"type": "Decimal"
			},
			{
				"name": "CONTACT_TOT_DIG_LEADS_PARTICIPATION",
				"type": "Decimal"
			},
			{
				"name": "CONTACT_TOT_DIG_SUBSCRIPTIONS",
				"type": "Decimal"
			},
			{
				"name": "CONTACT_TOT_DIG_RFP_PARTICIPATION",
				"type": "Decimal"
			},
			{
				"name": "CONTACT_TOT_DIG_SUBSCRIBE_START_PARTICIPATION",
				"type": "Decimal"
			},
			{
				"name": "CONTACT_TOT_DIG_PROFILE_VIEW_SERIAL_PART",
				"type": "Decimal"
			},
			{
				"name": "CONTACT_TOT_DIG_SOLUTION_VIEW_SERIAL_PART",
				"type": "Decimal"
			},
			{
				"name": "CONTACT_TOT_DIG_INFOGRAPHIC_SSC_INTERACTION",
				"type": "Decimal"
			},
			{
				"name": "CONTACT_TOT_DIG_LEADER_PROFILE_INTERACTION",
				"type": "Decimal"
			},
			{
				"name": "CONTACT_TOT_ARCHIVE_MINUTES",
				"type": "Decimal"
			},
			{
				"name": "CONTACT_TOT_LIVE_MINUTES",
				"type": "Decimal"
			},
			{
				"name": "CONTACT_TOT_VIRTUAL_EVENT_ATTENDED",
				"type": "Decimal"
			},
			{
				"name": "CONTACT_TOT_EVENT_ATTENDED",
				"type": "Decimal"
			},
			{
				"name": "CONTACT_TOT_DASH_ATTENDANCE",
				"type": "Decimal"
			},
			{
				"name": "CONTACT_TOT_DBRIEFS_ATTENDANCE",
				"type": "Decimal"
			},
			{
				"name": "CONTACT_TOT_NON_DBRIEFS_ATTENDANCE",
				"type": "Decimal"
			},
			{
				"name": "CONTACT_TOT_DBRIEFS_REGISTERED_LIVE",
				"type": "Decimal"
			},
			{
				"name": "CONTACT_TOT_EVENT_INVITES",
				"type": "Decimal"
			},
			{
				"name": "CONTACT_TOT_OTHER",
				"type": "Decimal"
			},
			{
				"name": "CONTACT_TOT_THOUGHTWARE",
				"type": "Decimal"
			}
		],
		"typeProperties": {
			"format": {
				"type": "TextFormat",
				"columnDelimiter": ",",
				"rowDelimiter": "",
				"quoteChar": "\"",
				"nullValue": "",
				"treatEmptyAsNull": true,
				"skipLineCount": 0,
				"firstRowAsHeader": true
			},
			"fileName": {
				"value": "@dataset().fileName",
				"type": "Expression"
			},
			"folderPath": "/dtus/core/mce/fact_contact_interaction/national/csv"
		}
	},
	"type": "Microsoft.DataFactory/factories/datasets"
}