{
	"name": "DS_ADLS_MCE_COMPANY_REL_STRENGTH_EXTRACT",
	"properties": {
		"linkedServiceName": {
			"referenceName": "dslabdl",
			"type": "LinkedServiceReference"
		},
		"annotations": [],
		"type": "AzureDataLakeStoreFile",
		"structure": [
			{
				"name": "RowsCount",
				"type": "Int32"
			},
			{
				"name": "FIRM_RELATIONSHIP_STRENGTH",
				"type": "DOUBLE"
			}
		],
		"typeProperties": {
			"format": {
				"type": "TextFormat",
				"columnDelimiter": ",",
				"rowDelimiter": "",
				"quoteChar": "\"",
				"nullValue": "",
				"treatEmptyAsNull": true,
				"skipLineCount": 0,
				"firstRowAsHeader": true
			},
			"fileName": "mce_company_rel_strength_extract.csv",
			"folderPath": "/dtus/core/management/mce/reconciliation/csv/"
		}
	},
	"type": "Microsoft.DataFactory/factories/datasets"
}