{
	"name": "DS_ADLS_PARENT_CLIENT",
	"properties": {
		"linkedServiceName": {
			"referenceName": "dslabdl",
			"type": "LinkedServiceReference"
		},
		"annotations": [],
		"type": "AzureDataLakeStoreFile",
		"structure": [
			{
				"name": "PARENT_CLIENT",
				"type": "String"
			},
			{
				"name": "PARENT_CLIENT_TEXT",
				"type": "String"
			},
			{
				"name": "PARENT_CLIENT_VALID_FROM_DATE",
				"type": "DateTime",
				"format": "yyyy-MM-dd"
			},
			{
				"name": "PARENT_CLIENT_VALID_TO_DATE",
				"type": "DateTime",
				"format": "yyyy-MM-dd"
			},
			{
				"name": "PARENT_CLIENT_CURRENT_FLAG",
				"type": "String"
			},
			{
				"name": "PARENT_CLIENT_IS_DELETED",
				"type": "String"
			},
			{
				"name": "PARENT_CLIENT_LEGACY",
				"type": "String"
			},
			{
				"name": "PARENT_CLIENT_DUNS_NBR",
				"type": "String"
			},
			{
				"name": "PARENT_CLIENT_DUNS_NBR_TEXT",
				"type": "String"
			},
			{
				"name": "PARENT_CLIENT_PROGRAM",
				"type": "String"
			},
			{
				"name": "PARENT_CLIENT_PROGRAM_TEXT",
				"type": "String"
			},
			{
				"name": "PARENT_CLIENT_AUD_PROGRAM",
				"type": "String"
			},
			{
				"name": "PARENT_CLIENT_CONS_PROGRAM",
				"type": "String"
			},
			{
				"name": "PARENT_CLIENT_TAX_PROGRAM",
				"type": "String"
			},
			{
				"name": "PARENT_CLIENT_ADV_PROGRAM",
				"type": "String"
			},
			{
				"name": "PARENT_CLIENT_GLOBAL_PORTFOLIO",
				"type": "String"
			},
			{
				"name": "PARENT_CLIENT_DGES",
				"type": "String"
			},
			{
				"name": "PARENT_CLIENT_DGES_TEXT",
				"type": "String"
			},
			{
				"name": "PARENT_CLIENT_AUD_PRIORITY",
				"type": "String"
			},
			{
				"name": "PARENT_CLIENT_CONS_PRIORITY",
				"type": "String"
			},
			{
				"name": "PARENT_CLIENT_TAX_PRIORITY",
				"type": "String"
			},
			{
				"name": "PARENT_CLIENT_ADV_PRIORITY",
				"type": "String"
			},
			{
				"name": "PARENT_CLIENT_PRIORITY_R",
				"type": "String"
			},
			{
				"name": "PARENT_CLIENT_FEDERAL_FLAG",
				"type": "String"
			},
			{
				"name": "PARENT_CLIENT_COMPANY_TYPE",
				"type": "String"
			},
			{
				"name": "PARENT_CLIENT_COMPANY_TYPE_TEXT",
				"type": "String"
			},
			{
				"name": "PARENT_CLIENT_NAICS",
				"type": "String"
			},
			{
				"name": "PARENT_CLIENT_NAICS_TEXT",
				"type": "String"
			},
			{
				"name": "PARENT_CLIENT_SIC",
				"type": "String"
			},
			{
				"name": "PARENT_CLIENT_SIC_TEXT",
				"type": "String"
			},
			{
				"name": "PARENT_CLIENT_INDUSTRY",
				"type": "String"
			},
			{
				"name": "PARENT_CLIENT_INDUSTRY_TEXT",
				"type": "String"
			},
			{
				"name": "PARENT_CLIENT_SECTOR",
				"type": "String"
			},
			{
				"name": "PARENT_CLIENT_SECTOR_TEXT",
				"type": "String"
			},
			{
				"name": "PARENT_CLIENT_SUB_SECTOR",
				"type": "String"
			},
			{
				"name": "PARENT_CLIENT_SUB_SECTOR_TEXT",
				"type": "String"
			},
			{
				"name": "PARENT_CLIENT_CITY",
				"type": "String"
			},
			{
				"name": "PARENT_CLIENT_STATE",
				"type": "String"
			},
			{
				"name": "PARENT_CLIENT_REGION",
				"type": "String"
			},
			{
				"name": "PARENT_CLIENT_REGION_TEXT",
				"type": "String"
			},
			{
				"name": "PARENT_CLIENT_OFFICE",
				"type": "String"
			},
			{
				"name": "PARENT_CLIENT_OFFICE_TEXT",
				"type": "String"
			},
			{
				"name": "PARENT_CLIENT_OFFICE_GROUP",
				"type": "String"
			},
			{
				"name": "PARENT_CLIENT_OFFICE_GROUP_TEXT",
				"type": "String"
			},
			{
				"name": "PARENT_CLIENT_ATTEST_FLAG",
				"type": "String"
			},
			{
				"name": "PARENT_CLIENT_ATTEST_STATUS",
				"type": "String"
			},
			{
				"name": "PARENT_CLIENT_ATTEST_STATUS_TEXT",
				"type": "String"
			},
			{
				"name": "PARENT_CLIENT_ATTEST_RELATIONSHIP",
				"type": "String"
			},
			{
				"name": "PARENT_CLIENT_ATTEST_RELATIONSHIP_TEXT",
				"type": "String"
			},
			{
				"name": "PARENT_CLIENT_MARKET_SIZE",
				"type": "String"
			},
			{
				"name": "PARENT_CLIENT_LCSP",
				"type": "String"
			},
			{
				"name": "PARENT_CLIENT_LCSP_TEXT",
				"type": "String"
			},
			{
				"name": "PARENT_CLIENT_LCSP_STATUS",
				"type": "String"
			},
			{
				"name": "PARENT_CLIENT_LCSP_STATUS_TEXT",
				"type": "String"
			},
			{
				"name": "PARENT_CLIENT_LBP_AUD",
				"type": "String"
			},
			{
				"name": "PARENT_CLIENT_LBP_AUD_TEXT",
				"type": "String"
			},
			{
				"name": "PARENT_CLIENT_LBP_AUD_TYPE",
				"type": "String"
			},
			{
				"name": "PARENT_CLIENT_LBP_AUD_TYPE_TEXT",
				"type": "String"
			},
			{
				"name": "PARENT_CLIENT_LBP_AUD_STATUS",
				"type": "String"
			},
			{
				"name": "PARENT_CLIENT_LBP_AUD_STATUS_TEXT",
				"type": "String"
			},
			{
				"name": "PARENT_CLIENT_LBP_CONS",
				"type": "String"
			},
			{
				"name": "PARENT_CLIENT_LBP_CONS_TEXT",
				"type": "String"
			},
			{
				"name": "PARENT_CLIENT_LBP_CONS_TYPE",
				"type": "String"
			},
			{
				"name": "PARENT_CLIENT_LBP_CONS_STATUS",
				"type": "String"
			},
			{
				"name": "PARENT_CLIENT_LBP_CONS_STATUS_TEXT",
				"type": "String"
			},
			{
				"name": "PARENT_CLIENT_LBP_TAX",
				"type": "String"
			},
			{
				"name": "PARENT_CLIENT_LBP_TAX_TEXT",
				"type": "String"
			},
			{
				"name": "PARENT_CLIENT_LBP_TAX_TYPE",
				"type": "String"
			},
			{
				"name": "PARENT_CLIENT_LBP_TAX_TYPE_TEXT",
				"type": "String"
			},
			{
				"name": "PARENT_CLIENT_LBP_TAX_STATUS",
				"type": "String"
			},
			{
				"name": "PARENT_CLIENT_LBP_TAX_STATUS_TEXT",
				"type": "String"
			},
			{
				"name": "PARENT_CLIENT_LBP_ADV",
				"type": "String"
			},
			{
				"name": "PARENT_CLIENT_LBP_ADV_TEXT",
				"type": "String"
			},
			{
				"name": "PARENT_CLIENT_LBP_ADV_TYPE",
				"type": "String"
			},
			{
				"name": "PARENT_CLIENT_LBP_ADV_STATUS",
				"type": "String"
			},
			{
				"name": "PARENT_CLIENT_LBP_ADV_STATUS_TEXT",
				"type": "String"
			},
			{
				"name": "PARENT_CLIENT_FORTUNE1000_RANK",
				"type": "String"
			},
			{
				"name": "PARENT_CLIENT_FORBES_PRIVATE_RANK",
				"type": "String"
			},
			{
				"name": "PARENT_CLIENT_GLOBAL_SIC",
				"type": "String"
			},
			{
				"name": "PARENT_CLIENT_GLOBAL_SIC_TEXT",
				"type": "String"
			},
			{
				"name": "PARENT_CLIENT_GLOBAL_INDUSTRY",
				"type": "String"
			},
			{
				"name": "PARENT_CLIENT_GLOBAL_INDUSTRY_TEXT",
				"type": "String"
			},
			{
				"name": "PARENT_CLIENT_GLOBAL_SECTOR",
				"type": "String"
			},
			{
				"name": "PARENT_CLIENT_GLOBAL_SECTOR_TEXT",
				"type": "String"
			},
			{
				"name": "PARENT_CLIENT_GLOBAL_SUB_SECTOR",
				"type": "String"
			},
			{
				"name": "PARENT_CLIENT_GLOBAL_SUB_SECTOR_TEXT",
				"type": "String"
			},
			{
				"name": "PARENT_CLIENT_ADVISORY_PARTNER",
				"type": "String"
			},
			{
				"name": "PARENT_CLIENT_ADVISORY_PARTNER_TEXT",
				"type": "String"
			},
			{
				"name": "PARENT_CLIENT_EFA",
				"type": "String"
			},
			{
				"name": "PARENT_CLIENT_EFA_TEXT",
				"type": "String"
			},
			{
				"name": "PARENT_CLIENT_PROGRAM_ADJ_TEXT",
				"type": "String"
			},
			{
				"name": "PARENT_CLIENT_INDUSTRY_REP_GRP",
				"type": "String"
			}
		],
		"typeProperties": {
			"format": {
				"type": "TextFormat",
				"columnDelimiter": ",",
				"rowDelimiter": "",
				"quoteChar": "\"",
				"nullValue": "",
				"treatEmptyAsNull": true,
				"skipLineCount": 0,
				"firstRowAsHeader": true
			},
			"fileName": "parent_client.csv",
			"folderPath": "/dtus/core/masterdata/parent_client/csv"
		}
	},
	"type": "Microsoft.DataFactory/factories/datasets"
}