{
	"name": "DS_ADLS_MCE_FACT_CAMPAIGN_EXTRACT_RECONCILIATION",
	"properties": {
		"linkedServiceName": {
			"referenceName": "dslabdl",
			"type": "LinkedServiceReference"
		},
		"annotations": [],
		"type": "AzureDataLakeStoreFile",
		"structure": [
			{
				"name": "ACC_INT_FISCAL_YEAR",
				"type": "Int32"
			},
			{
				"name": "RowsCount",
				"type": "Int32"
			},
			{
				"name": "ACTUAL_HARD_COST",
				"type": "DECIMAL"
			},
			{
				"name": "CAMPAIGN_RESOURCE_COST",
				"type": "DECIMAL"
			},
			{
				"name": "LEADS",
				"type": "DECIMAL"
			},
			{
				"name": "NUMBER_OF_CONTACTS",
				"type": "DOUBLE"
			},
			{
				"name": "PLANNED_HARD_COST",
				"type": "DECIMAL"
			},
			{
				"name": "RESOURCE_HOURS_ACTUAL",
				"type": "DECIMAL"
			},
			{
				"name": "RESOURCE_HOURS_GOAL",
				"type": "DECIMAL"
			},
			{
				"name": "SPLIT_ACTUAL_AMOUNT",
				"type": "DECIMAL"
			},
			{
				"name": "SPLIT_BUDGET_AMOUNT",
				"type": "DECIMAL"
			},
			{
				"name": "SPLIT_RESOURCE_HOURS_ACTUAL",
				"type": "DECIMAL"
			},
			{
				"name": "SPLIT_RESOURCE_HOURS_GOAL",
				"type": "DECIMAL"
			},
			{
				"name": "INVITED",
				"type": "DOUBLE"
			},
			{
				"name": "REGISTERED",
				"type": "DOUBLE"
			},
			{
				"name": "ATTENDED",
				"type": "DOUBLE"
			},
			{
				"name": "DECLINED",
				"type": "DOUBLE"
			},
			{
				"name": "SENT",
				"type": "DOUBLE"
			},
			{
				"name": "OPENED",
				"type": "DOUBLE"
			},
			{
				"name": "CLICKED",
				"type": "DOUBLE"
			},
			{
				"name": "TOT_ATTENDED_ACTUAL",
				"type": "DECIMAL"
			},
			{
				"name": "TOT_ATTENDED_C_SUITE",
				"type": "DECIMAL"
			},
			{
				"name": "TOT_ATTENDED_EXECUTIVE",
				"type": "DECIMAL"
			},
			{
				"name": "BUDGET_MC_ACTUAL",
				"type": "DECIMAL"
			},
			{
				"name": "BUDGET_MC_GOAL",
				"type": "DECIMAL"
			},
			{
				"name": "BUDGET_NON_MC_ACTUAL",
				"type": "DECIMAL"
			},
			{
				"name": "BUDGET_NON_MC_GOAL",
				"type": "DECIMAL"
			},
			{
				"name": "SHARED_BUDGET_MC_ACTUAL",
				"type": "DECIMAL"
			},
			{
				"name": "SHARED_BUDGET_MC_GOAL",
				"type": "DECIMAL"
			},
			{
				"name": "TOT_RESOURCE_HRS_ACTUAL",
				"type": "DECIMAL"
			},
			{
				"name": "TOT_RESOURCE_HRS_GOAL",
				"type": "DECIMAL"
			},
			{
				"name": "C_SUITE_EXEC_REACH",
				"type": "DOUBLE"
			},
			{
				"name": "TOT_REACH",
				"type": "DOUBLE"
			}
		],
		"typeProperties": {
			"format": {
				"type": "TextFormat",
				"columnDelimiter": ",",
				"rowDelimiter": "",
				"quoteChar": "\"",
				"nullValue": "",
				"treatEmptyAsNull": true,
				"skipLineCount": 0,
				"firstRowAsHeader": true
			},
			"fileName": "mce_fact_campaign_extract.csv",
			"folderPath": "/dtus/core/management/mce/reconciliation/csv/"
		}
	},
	"type": "Microsoft.DataFactory/factories/datasets"
}