{
	"name": "DS_ADLS_CP3_FORECAST_STAFFED",
	"properties": {
		"linkedServiceName": {
			"referenceName": "dslabdl",
			"type": "LinkedServiceReference"
		},
		"parameters": {
			"filePath": {
				"type": "String",
				"defaultValue": "/dtus/core/cp3/forecast_staffed/consulting/csv/2018"
			},
			"fileName": {
				"type": "String",
				"defaultValue": "2018001.csv"
			}
		},
		"annotations": [],
		"type": "AzureDataLakeStoreFile",
		"structure": [
			{
				"name": "FISCAL_YEAR",
				"type": "String"
			},
			{
				"name": "FISCAL_PERIOD",
				"type": "String"
			},
			{
				"name": "FISCAL_YEAR_PERIOD",
				"type": "String"
			},
			{
				"name": "EMPLOYEE",
				"type": "String"
			},
			{
				"name": "MEMBER_FIRM",
				"type": "String"
			},
			{
				"name": "RESOURCE_TYPE",
				"type": "String"
			},
			{
				"name": "PROJECT_ID",
				"type": "Int32"
			},
			{
				"name": "SNAPSHOT_ID",
				"type": "Int32"
			},
			{
				"name": "WBS",
				"type": "String"
			},
			{
				"name": "ENGAGEMENT_ID",
				"type": "Int32"
			},
			{
				"name": "ETC_SERVICE_HOURS",
				"type": "Decimal"
			},
			{
				"name": "ETC_NON_BILLABLE_EXPENCES",
				"type": "Decimal"
			},
			{
				"name": "ETC_TOTAL_EXPENCES",
				"type": "Decimal"
			},
			{
				"name": "ETC_BILLED_EXPENCES",
				"type": "Decimal"
			},
			{
				"name": "ETC_CLIENT_BILL_RATE",
				"type": "Decimal"
			},
			{
				"name": "ETC_COST_RATE",
				"type": "Decimal"
			},
			{
				"name": "ETC_SERVICES_AT_STANDARD_BILL_RATES",
				"type": "Decimal"
			},
			{
				"name": "ETC_SERVICES_AT_CLIENT_BILL_RATES",
				"type": "Decimal"
			},
			{
				"name": "ETC_SERVICESATACTUALBILLRATES",
				"type": "Decimal"
			},
			{
				"name": "ETC_NET_SERVICE_REVENUE",
				"type": "Decimal"
			},
			{
				"name": "ETC_LABOR_COST",
				"type": "Decimal"
			},
			{
				"name": "ETC_BILLABLE_EXPENSES",
				"type": "Decimal"
			}
		],
		"typeProperties": {
			"format": {
				"type": "TextFormat",
				"columnDelimiter": ",",
				"rowDelimiter": "",
				"quoteChar": "\"",
				"nullValue": "",
				"treatEmptyAsNull": true,
				"skipLineCount": 0,
				"firstRowAsHeader": true
			},
			"fileName": {
				"value": "@dataset().fileName",
				"type": "Expression"
			},
			"folderPath": {
				"value": "@dataset().filePath",
				"type": "Expression"
			}
		}
	},
	"type": "Microsoft.DataFactory/factories/datasets"
}