{
	"name": "DS_ADLS_DTE_AMEX_RECON",
	"properties": {
		"linkedServiceName": {
			"referenceName": "dslabdl",
			"type": "LinkedServiceReference"
		},
		"annotations": [],
		"type": "AzureDataLakeStoreFile",
		"structure": [
			{
				"name": "Description",
				"type": "String"
			},
			{
				"name": "RecordCount",
				"type": "Int32"
			},
			{
				"name": "TRANSACTION_AMOUNT",
				"type": "Decimal"
			},
			{
				"name": "TAX_AMOUNT_1",
				"type": "Decimal"
			},
			{
				"name": "ORIGINAL_AMOUNT",
				"type": "Decimal"
			},
			{
				"name": "TAX_AMOUNT_2",
				"type": "Decimal"
			},
			{
				"name": "NUMBER_DAYS",
				"type": "Decimal"
			},
			{
				"name": "ROOM_RATE",
				"type": "Decimal"
			},
			{
				"name": "FOOD_AMOUNT",
				"type": "Decimal"
			},
			{
				"name": "TIP_AMOUNT",
				"type": "Decimal"
			}
		],
		"typeProperties": {
			"format": {
				"type": "TextFormat",
				"columnDelimiter": ",",
				"rowDelimiter": "",
				"quoteChar": "\"",
				"nullValue": "",
				"treatEmptyAsNull": true,
				"skipLineCount": 0,
				"firstRowAsHeader": true
			},
			"fileName": "amex_amex_count.csv",
			"folderPath": "/dtus/core/management/amex/reconciliation/csv/"
		}
	},
	"type": "Microsoft.DataFactory/factories/datasets"
}