{
	"name": "DS_ADLS_EMPLOYEE",
	"properties": {
		"linkedServiceName": {
			"referenceName": "dslabdl",
			"type": "LinkedServiceReference"
		},
		"annotations": [],
		"type": "AzureDataLakeStoreFile",
		"structure": [
			{
				"name": "EMPLOYEE",
				"type": "String"
			},
			{
				"name": "EMP_GBL_PERS_NBR",
				"type": "String"
			},
			{
				"name": "EMP_VALID_FROM_DATE",
				"type": "DateTime",
				"format": "yyyy-MM-dd"
			},
			{
				"name": "EMP_VALID_TO_DATE",
				"type": "DateTime",
				"format": "yyyy-MM-dd"
			},
			{
				"name": "EMP_NAME_COMBINED",
				"type": "String"
			},
			{
				"name": "EMP_CTRL_AREA",
				"type": "String"
			},
			{
				"name": "EMP_COST_CENTER",
				"type": "String"
			},
			{
				"name": "EMP_COST_CENTER_MED_TEXT",
				"type": "String"
			},
			{
				"name": "EMP_COST_CENTER_SHORT_TEXT",
				"type": "String"
			},
			{
				"name": "EMP_CC_REGION_CODE",
				"type": "String"
			},
			{
				"name": "EMP_CC_REGION_LONG_TEXT",
				"type": "String"
			},
			{
				"name": "EMP_CC_REGION_SHORT_TEXT",
				"type": "String"
			},
			{
				"name": "EMP_CC_BUSINESS",
				"type": "String"
			},
			{
				"name": "EMP_CC_BUSINESS_TEXT",
				"type": "String"
			},
			{
				"name": "EMP_CC_BUSINESS_AREA",
				"type": "String"
			},
			{
				"name": "EMP_CC_BUSINESS_AREA_TEXT",
				"type": "String"
			},
			{
				"name": "EMP_CC_BUSINESS_LINE",
				"type": "String"
			},
			{
				"name": "EMP_CC_BUSINESS_LINE_TEXT",
				"type": "String"
			},
			{
				"name": "EMP_CC_BUSINESS_SUB_LINE",
				"type": "String"
			},
			{
				"name": "EMP_CC_BUSINESS_SUB_LINE_TEXT",
				"type": "String"
			},
			{
				"name": "EMP_PROFIT_CENTER",
				"type": "String"
			},
			{
				"name": "EMP_PROFIT_CENTER_MED_TEXT",
				"type": "String"
			},
			{
				"name": "EMP_PROFIT_CENTER_SHORT_TEXT",
				"type": "String"
			},
			{
				"name": "EMP_PC_COMPANY_CODE",
				"type": "String"
			},
			{
				"name": "EMP_PC_COMPANY_CODE_TEXT",
				"type": "String"
			},
			{
				"name": "EMP_PC_REGION_CODE",
				"type": "String"
			},
			{
				"name": "EMP_PC_REGION_LONG_TEXT",
				"type": "String"
			},
			{
				"name": "EMP_PC_REGION_SHORT_TEXT",
				"type": "String"
			},
			{
				"name": "EMP_PC_BUSINESS",
				"type": "String"
			},
			{
				"name": "EMP_PC_BUSINESS_TEXT",
				"type": "String"
			},
			{
				"name": "EMP_PC_BUSINESS_AREA",
				"type": "String"
			},
			{
				"name": "EMP_PC_BUSINESS_AREA_TEXT",
				"type": "String"
			},
			{
				"name": "EMP_PC_BUSINESS_LINE",
				"type": "String"
			},
			{
				"name": "EMP_PC_BUSINESS_LINE_TEXT",
				"type": "String"
			},
			{
				"name": "EMP_PC_BUSINESS_SUB_LINE",
				"type": "String"
			},
			{
				"name": "EMP_PC_BUSINESS_SUB_LINE_TEXT",
				"type": "String"
			},
			{
				"name": "EMP_PC_BUSINESS_REP_GRP_TEXT",
				"type": "String"
			},
			{
				"name": "EMP_PC_OFFICE",
				"type": "String"
			},
			{
				"name": "EMP_PC_OFFICE_TEXT",
				"type": "String"
			},
			{
				"name": "EMP_PC_ADDITIONAL_GEOGRAPHY",
				"type": "String"
			},
			{
				"name": "EMP_PC_ADDITIONAL_GEOGRAPHY_TEXT",
				"type": "String"
			},
			{
				"name": "EMP_PC_USI_IND",
				"type": "String"
			},
			{
				"name": "EMP_PC_FEDERAL",
				"type": "String"
			},
			{
				"name": "EMP_PC_FEDERAL_TEXT",
				"type": "String"
			},
			{
				"name": "EMP_COMPANY_CODE",
				"type": "String"
			},
			{
				"name": "EMP_COMPANY_CODE_TEXT",
				"type": "String"
			},
			{
				"name": "EMP_STATUS_CODE",
				"type": "String"
			},
			{
				"name": "EMP_STATUS_CODE_TEXT",
				"type": "String"
			},
			{
				"name": "EMP_GROUP",
				"type": "String"
			},
			{
				"name": "EMP_GROUP_TEXT",
				"type": "String"
			},
			{
				"name": "EMP_SUBGROUP",
				"type": "String"
			},
			{
				"name": "EMP_SUBGROUP_TEXT",
				"type": "String"
			},
			{
				"name": "EMP_EMAIL_ADDRESS",
				"type": "String"
			},
			{
				"name": "EMP_LOA_IND",
				"type": "String"
			},
			{
				"name": "EMP_COUNTRY_TEXT",
				"type": "String"
			},
			{
				"name": "EMP_BUSINESS_CODE",
				"type": "String"
			},
			{
				"name": "EMP_BUSINESS_TEXT",
				"type": "String"
			},
			{
				"name": "EMP_ADD_DIMENSION",
				"type": "String"
			},
			{
				"name": "EMP_ADD_DIMENSION_TEXT",
				"type": "String"
			},
			{
				"name": "EMP_ADD_GEOGRAPHY",
				"type": "String"
			},
			{
				"name": "EMP_ADD_GEOGRAPHY_TEXT",
				"type": "String"
			},
			{
				"name": "EMP_BUSINESS_AREA",
				"type": "String"
			},
			{
				"name": "EMP_BUSINESS_AREA_TEXT",
				"type": "String"
			},
			{
				"name": "EMP_BUSINESS_LINE",
				"type": "String"
			},
			{
				"name": "EMP_BUSINESS_LINE_TEXT",
				"type": "String"
			},
			{
				"name": "EMP_JOB_LEVEL",
				"type": "String"
			},
			{
				"name": "EMP_JOB_LEVEL_MED_TEXT",
				"type": "String"
			},
			{
				"name": "EMP_JOB_LEVEL_SHORT_TEXT",
				"type": "String"
			},
			{
				"name": "EMP_JOB_LEVEL_SUMMARY_SHORT_TEXT",
				"type": "String"
			},
			{
				"name": "EMP_JOB_LEVEL_SUMMARY",
				"type": "String"
			},
			{
				"name": "EMP_JOB_CODE",
				"type": "String"
			},
			{
				"name": "EMP_JOB_CODE_MED_TEXT",
				"type": "String"
			},
			{
				"name": "EMP_PERSONNEL_AREA",
				"type": "String"
			},
			{
				"name": "EMP_PERSONNEL_AREA_TEXT",
				"type": "String"
			},
			{
				"name": "EMP_PERSONNEL_SUB_AREA",
				"type": "String"
			},
			{
				"name": "EMP_PERSONNEL_SUB_AREA_TEXT",
				"type": "String"
			},
			{
				"name": "EMP_MOST_RECENT_HIRE_DATE",
				"type": "DateTime",
				"format": "yyyy-MM-dd"
			},
			{
				"name": "EMP_ORIGINAL_HIRE_DATE",
				"type": "DateTime",
				"format": "yyyy-MM-dd"
			},
			{
				"name": "EMP_TERMINATION_DATE",
				"type": "DateTime",
				"format": "yyyy-MM-dd"
			},
			{
				"name": "EMP_PARTNER_TERM_DATE",
				"type": "DateTime",
				"format": "yyyy-MM-dd"
			},
			{
				"name": "EMP_LAST_DAY_WORKED",
				"type": "DateTime",
				"format": "yyyy-MM-dd"
			},
			{
				"name": "EMP_WORK_HOURS_PER_PERIOD",
				"type": "Decimal"
			},
			{
				"name": "EMP_GBL_CURRENT_ID_FLAG",
				"type": "String"
			},
			{
				"name": "EMP_GBL_MULTIPLE_ID_FLAG",
				"type": "String"
			},
			{
				"name": "EMP_PRIMARY_INDUSTRY_CODE",
				"type": "String"
			},
			{
				"name": "EMP_PRIMARY_INDUSTRY_TEXT",
				"type": "String"
			},
			{
				"name": "EMP_PRIMARY_SECTOR_CODE",
				"type": "String"
			},
			{
				"name": "EMP_PRIMARY_SECTOR_TEXT",
				"type": "String"
			},
			{
				"name": "EMP_SECONDARY_INDUSTRY_CODE",
				"type": "String"
			},
			{
				"name": "EMP_SECONDARY_INDUSTRY_TEXT",
				"type": "String"
			},
			{
				"name": "EMP_SECONDARY_SECTOR_CODE",
				"type": "String"
			},
			{
				"name": "EMP_SECONDARY_SECTOR_TEXT",
				"type": "String"
			},
			{
				"name": "EMP_FACILITY_CODE",
				"type": "String"
			},
			{
				"name": "EMP_FACILITY_REGION_CODE",
				"type": "String"
			},
			{
				"name": "EMP_FACILITY_REGION_LONG_TEXT",
				"type": "String"
			},
			{
				"name": "EMP_FACILITY_REGION_SHORT_TEXT",
				"type": "String"
			},
			{
				"name": "EMP_PRIM_MO",
				"type": "String"
			},
			{
				"name": "EMP_PRIM_MO_TEXT",
				"type": "String"
			},
			{
				"name": "EMP_SEC_MO",
				"type": "String"
			},
			{
				"name": "EMP_SEC_MO_TEXT",
				"type": "String"
			},
			{
				"name": "EMP_ADV_MO_GROUP_TEXT",
				"type": "String"
			},
			{
				"name": "EMP_ADV_MO_SOLUTION_TEXT",
				"type": "String"
			},
			{
				"name": "EMP_ADV_MO_SUB_CATEGORY_TEXT",
				"type": "String"
			},
			{
				"name": "EMP_ADV_MO_CATEGORY_TEXT",
				"type": "String"
			},
			{
				"name": "EMP_FOCUS",
				"type": "String"
			},
			{
				"name": "EMP_CAPABILITY",
				"type": "String"
			},
			{
				"name": "EMP_CAPABILITY_TEXT",
				"type": "String"
			},
			{
				"name": "EMP_FOCUS_TEXT",
				"type": "String"
			},
			{
				"name": "EMP_CC_OFFICE",
				"type": "String"
			},
			{
				"name": "EMP_CC_OFFICE_TEXT",
				"type": "String"
			},
			{
				"name": "EMP_ANNIVERSARY_DATE",
				"type": "DateTime",
				"format": "yyyy-MM-dd"
			},
			{
				"name": "EMP_PEXEMPT_ID",
				"type": "String"
			},
			{
				"name": "EMP_PEXEMPT",
				"type": "String"
			},
			{
				"name": "EMP_S4_COMP_CODE",
				"type": "String"
			},
			{
				"name": "EMP_S4_COMP_CODE_TEXT",
				"type": "String"
			},
			{
				"name": "EMP_S4_GLOBAL_ID",
				"type": "String"
			},
			{
				"name": "EMP_ANNIVERSARY_MILESTONE",
				"type": "Int32"
			},
			{
				"name": "EMP_ANNIVERSARY_MONTH",
				"type": "Int32"
			},
			{
				"name": "EMP_COUNSELOR",
				"type": "String"
			},
			{
				"name": "EMP_COUNSELOR_TEXT",
				"type": "String"
			},
			{
				"name": "EMP_COUNSELOR_ASSIGNMENT_DATE",
				"type": "DateTime",
				"format": "yyyy-MM-dd"
			},
			{
				"name": "EMP_COMPETENCY",
				"type": "String"
			},
			{
				"name": "EMP_COMPETENCY_AREA",
				"type": "String"
			},
			{
				"name": "EMP_COMPETENCY_AREA_TEXT",
				"type": "String"
			},
			{
				"name": "EMP_COMPETENCY_TEXT",
				"type": "String"
			},
			{
				"name": "EMP_COUNTRY",
				"type": "String"
			},
			{
				"name": "EMP_AGREEMENT",
				"type": "String"
			},
			{
				"name": "EMP_CAREER_MODULE_TEXT",
				"type": "String"
			},
			{
				"name": "EMP_GLOBAL_CAPABILITY",
				"type": "String"
			},
			{
				"name": "EMP_GLOBAL_CAPABILITY_TEXT",
				"type": "String"
			},
			{
				"name": "EMP_MF_RESOURCE_MANAGER",
				"type": "String"
			},
			{
				"name": "EMP_PRACTICE",
				"type": "Int32"
			},
			{
				"name": "EMP_PRACTICE_TEXT",
				"type": "String"
			},
			{
				"name": "EMP_RESOURCE_MANAGER_EMAIL",
				"type": "String"
			},
			{
				"name": "EMP_RESOURCE_MANAGER_TEXT",
				"type": "String"
			},
			{
				"name": "EMP_SUB_CAPABILITY",
				"type": "String"
			},
			{
				"name": "EMP_SUB_CAPABILITY_TEXT",
				"type": "String"
			},
			{
				"name": "EMP_WORK_CONTRACT",
				"type": "String"
			},
			{
				"name": "EMP_WORK_CONTRACT_TEXT",
				"type": "String"
			},
			{
				"name": "EMP_LEGAL_NAME",
				"type": "String"
			},
			{
				"name": "EMP_PERCENTAGE",
				"type": "Decimal"
			},
			{
				"name": "EMP_FACILITY_ADDR1",
				"type": "String"
			},
			{
				"name": "EMP_FACILITY_ADDR2",
				"type": "String"
			},
			{
				"name": "EMP_FACILITY_CITY",
				"type": "String"
			},
			{
				"name": "EMP_FACILITY_COUNTRY",
				"type": "String"
			},
			{
				"name": "EMP_FACILITY_POST_CODE",
				"type": "String"
			},
			{
				"name": "EMP_FACILITY_STATE",
				"type": "String"
			},
			{
				"name": "EMP_FEDERAL_INDICATOR",
				"type": "String"
			},
			{
				"name": "EMP_HIRE_TYPE",
				"type": "String"
			},
			{
				"name": "EMP_HOLIDAY_AVAILABLE",
				"type": "Decimal"
			},
			{
				"name": "EMP_HOLIDAY_TAKEN",
				"type": "Decimal"
			},
			{
				"name": "EMP_HOLIDAY_REMAINING",
				"type": "Decimal"
			},
			{
				"name": "EMP_POSITION",
				"type": "String"
			},
			{
				"name": "EMP_POSITION_TEXT",
				"type": "String"
			},
			{
				"name": "EMP_JOB_FAMILY",
				"type": "String"
			},
			{
				"name": "EMP_JOB_FAMILY_TEXT",
				"type": "String"
			},
			{
				"name": "EMP_JOB_LEVEL_ROLLUP",
				"type": "String"
			},
			{
				"name": "EMP_JOB_LEVEL_ROLLUP_TEXT",
				"type": "String"
			},
			{
				"name": "EMP_JOB_LEVEL_SUMMARY_CODE",
				"type": "String"
			},
			{
				"name": "EMP_JOB_CODE_TEXT",
				"type": "String"
			},
			{
				"name": "EMP_PROMOTION_START_DATE",
				"type": "DateTime",
				"format": "yyyy-MM-dd"
			},
			{
				"name": "EMP_ORGANIZATION",
				"type": "String"
			},
			{
				"name": "EMP_ORGANIZATION_TEXT",
				"type": "String"
			},
			{
				"name": "EMP_ORG_UNIT",
				"type": "String"
			},
			{
				"name": "EMP_ORG_UNIT_TEXT",
				"type": "String"
			},
			{
				"name": "EMP_ACQ_COMP_CODE",
				"type": "String"
			},
			{
				"name": "EMP_ACQ_COMP_CODE_TEXT",
				"type": "String"
			},
			{
				"name": "EMP_ACQ_HIRE_DATE",
				"type": "DateTime",
				"format": "yyyy-MM-dd"
			},
			{
				"name": "EMP_LAST_FED_BORROW_DATE",
				"type": "DateTime",
				"format": "yyyy-MM-dd"
			},
			{
				"name": "EMP_PERM_ADDR_STATE",
				"type": "String"
			},
			{
				"name": "EMP_PAYROLL_ADMIN",
				"type": "String"
			},
			{
				"name": "EMP_PAYROLL_ADMIN_TEXT",
				"type": "String"
			},
			{
				"name": "EMP_TE_ENTRY_ADMIN",
				"type": "String"
			},
			{
				"name": "EMP_TE_ENTRY_ADMIN_TEXT",
				"type": "String"
			},
			{
				"name": "EMP_TIME_ADMIN",
				"type": "String"
			},
			{
				"name": "EMP_TIME_ADMIN_TEXT",
				"type": "String"
			},
			{
				"name": "EMP_DPM_SYSTEM",
				"type": "String"
			},
			{
				"name": "EMP_FEDERAL_STATUS",
				"type": "String"
			},
			{
				"name": "EMP_FEDERAL_STATUS_TEXT",
				"type": "String"
			},
			{
				"name": "EMP_COMPUTER_ID",
				"type": "String"
			},
			{
				"name": "EMP_ALUMNI_ACCESS_FLG",
				"type": "String"
			},
			{
				"name": "EMP_ALUMNI_ACCESS_FLG_TEXT",
				"type": "String"
			},
			{
				"name": "EMP_SALUTATION",
				"type": "String"
			},
			{
				"name": "EMP_FEDERAL_OVERRIDE",
				"type": "String"
			},
			{
				"name": "EMP_APPLICANT_NUM",
				"type": "String"
			},
			{
				"name": "EMP_DPM_CHANGE",
				"type": "String"
			},
			{
				"name": "EMP_FTE_PRCNT",
				"type": "Decimal"
			},
			{
				"name": "EMP_BUS_CELL_PHONE",
				"type": "String"
			},
			{
				"name": "EMP_20_39_HR_IND",
				"type": "String"
			},
			{
				"name": "EMP_CONTRACT_EXPIRATION_DATE",
				"type": "DateTime",
				"format": "yyyy-MM-dd"
			},
			{
				"name": "EMP_DESK_PHONE2",
				"type": "String"
			},
			{
				"name": "EMP_EXTERNAL_END_DATE",
				"type": "DateTime",
				"format": "yyyy-MM-dd"
			},
			{
				"name": "EMP_EXTERNAL_HIRE_DATE",
				"type": "DateTime",
				"format": "yyyy-MM-dd"
			},
			{
				"name": "EMP_EXT_MOST_RECENT_HIRE_DATE",
				"type": "DateTime",
				"format": "yyyy-MM-dd"
			},
			{
				"name": "EMP_FIRM_DIRECTOR_DATE",
				"type": "DateTime",
				"format": "yyyy-MM-dd"
			},
			{
				"name": "EMP_EXIT_NEW_COMPANY",
				"type": "String"
			},
			{
				"name": "EMP_EXIT_NEW_TITLE",
				"type": "String"
			},
			{
				"name": "EMP_FACILITY_CODE_TEXT",
				"type": "String"
			},
			{
				"name": "EMP_FAX",
				"type": "String"
			},
			{
				"name": "EMP_FIRST_NAME",
				"type": "String"
			},
			{
				"name": "EMP_GE_CURRENT_LEVEL_TIL",
				"type": "Decimal"
			},
			{
				"name": "EMP_GE_ROLLUP_JOB_TIJ",
				"type": "Decimal"
			},
			{
				"name": "EMP_GE_ROLLUP_LEVEL_TIL",
				"type": "Decimal"
			},
			{
				"name": "EMP_GE_CURRENT_JOB_TIJ",
				"type": "Decimal"
			},
			{
				"name": "EMP_GE_LEVEL_TENURE_GLOB_ASSMNT",
				"type": "Decimal"
			},
			{
				"name": "EMP_HIRE_SOURCE",
				"type": "String"
			},
			{
				"name": "EMP_HIRE_SOURCE_TEXT",
				"type": "String"
			},
			{
				"name": "EMP_DESK_PHONE",
				"type": "String"
			},
			{
				"name": "EMP_LAST_NAME",
				"type": "String"
			},
			{
				"name": "EMP_LOA_IND_TEXT",
				"type": "String"
			},
			{
				"name": "EMP_LESS_20HR_IND",
				"type": "String"
			},
			{
				"name": "EMP_LESS_20HR_IND_TEXT",
				"type": "String"
			},
			{
				"name": "EMP_LESS_40HR_IND",
				"type": "String"
			},
			{
				"name": "EMP_PM_PILOT_IND",
				"type": "String"
			},
			{
				"name": "EMPLOYEE_ALIAS",
				"type": "String"
			},
			{
				"name": "EMP_MAIL",
				"type": "String"
			},
			{
				"name": "EMP_MAIL_TEXT",
				"type": "String"
			},
			{
				"name": "EMP_MIDDLE_NAME",
				"type": "String"
			},
			{
				"name": "EMP_PREFER_NAME",
				"type": "String"
			},
			{
				"name": "EMP_OFFICE_PAGER_PHONE",
				"type": "String"
			},
			{
				"name": "EMP_HIRE_SRC_PRE_MERGE_FIRM",
				"type": "String"
			},
			{
				"name": "EMP_HIRE_SRC_PRE_MERGE_FIRM_TEXT",
				"type": "String"
			},
			{
				"name": "EMP_CURR_LEVEL_FROM_DATE_TIL",
				"type": "DateTime",
				"format": "yyyy-MM-dd"
			},
			{
				"name": "EMP_PROFICIENCY",
				"type": "String"
			},
			{
				"name": "EMP_PARTNER_ENTITY",
				"type": "String"
			},
			{
				"name": "EMP_PARTNER_ENTITY_TEXT",
				"type": "String"
			},
			{
				"name": "EMP_PREFER_FIRST_NAME",
				"type": "String"
			},
			{
				"name": "EMP_PRIOR_NAME",
				"type": "String"
			},
			{
				"name": "EMP_RMS",
				"type": "String"
			},
			{
				"name": "EMP_ROLLUP_LEVEL_FROM_DATE_TIL",
				"type": "DateTime",
				"format": "yyyy-MM-dd"
			},
			{
				"name": "EMP_ROLLUP_JOB_FROM_DATE_TIJ",
				"type": "DateTime",
				"format": "yyyy-MM-dd"
			},
			{
				"name": "EMP_RIGHT_FAX",
				"type": "String"
			},
			{
				"name": "EMP_SEC_PROFICIENCY",
				"type": "String"
			},
			{
				"name": "EMP_CURR_JOB_FROM_DATE_TIJ",
				"type": "DateTime",
				"format": "yyyy-MM-dd"
			},
			{
				"name": "EMP_ROLLUP_JOB_TIJ",
				"type": "String"
			},
			{
				"name": "EMP_ROLLUP_JOB_TIJ_TEXT",
				"type": "String"
			},
			{
				"name": "EMP_LEVEL_START_DATE_GLOB_ASSMNT",
				"type": "DateTime",
				"format": "yyyy-MM-dd"
			},
			{
				"name": "EMP_PRIMARY_LEVEL_TIL",
				"type": "String"
			},
			{
				"name": "EMP_PRIMARY_LEVEL_TIL_TEXT",
				"type": "String"
			},
			{
				"name": "EMP_ROLLUP_LEVEL_TIL",
				"type": "String"
			},
			{
				"name": "EMP_ROLLUP_LEVEL_TIL_TEXT",
				"type": "String"
			},
			{
				"name": "EMP_TIME_MNGMT_STATUS",
				"type": "String"
			},
			{
				"name": "EMP_TIME_MNGMT_STATUS_TEXT",
				"type": "String"
			},
			{
				"name": "EMP_DESIGNATION",
				"type": "String"
			},
			{
				"name": "EMP_PTO_ACCRUED_HRS",
				"type": "Decimal"
			},
			{
				"name": "EMP_PTO_CARRIED_HRS",
				"type": "Decimal"
			},
			{
				"name": "EMP_PTO_EARNED_HRS",
				"type": "Decimal"
			},
			{
				"name": "EMP_PTO_REMAIN_HRS",
				"type": "Decimal"
			},
			{
				"name": "EMP_PTO_RISK_HRS",
				"type": "Decimal"
			},
			{
				"name": "EMP_PTO_TAKEN_HRS",
				"type": "Decimal"
			},
			{
				"name": "EMP_VOICE_MAIL",
				"type": "String"
			},
			{
				"name": "EMP_WEEKLY_WORK_DAYS",
				"type": "Decimal"
			},
			{
				"name": "EMP_DAILY_WORKING_HRS",
				"type": "Decimal"
			},
			{
				"name": "EMP_WEEKLY_WORKING_HRS",
				"type": "Decimal"
			},
			{
				"name": "EMP_ANNUAL_WORKING_HRS",
				"type": "Decimal"
			},
			{
				"name": "EMP_WORK_SCHEDULE_RULE",
				"type": "String"
			},
			{
				"name": "EMP_WORK_WEEK",
				"type": "String"
			},
			{
				"name": "EMP_WORK_WEEK_TEXT",
				"type": "String"
			},
			{
				"name": "EMP_TALENT_MODEL",
				"type": "String"
			},
			{
				"name": "EMP_TALENT_MODEL_TEXT",
				"type": "String"
			},
			{
				"name": "EMP_TALENT_TRACK",
				"type": "String"
			},
			{
				"name": "EMP_TALENT_TRACK_TEXT",
				"type": "String"
			},
			{
				"name": "EMP_USI_ALIGNED_BUSINESS",
				"type": "String"
			},
			{
				"name": "EMP_USI_ALIGNED_BUSINESS_AREA",
				"type": "String"
			},
			{
				"name": "EMP_USI_ALIGNED_BUSINESS_LINE",
				"type": "String"
			},
			{
				"name": "EMP_LOA_DAYS",
				"type": "Int32"
			}
		],
		"typeProperties": {
			"format": {
				"type": "TextFormat",
				"columnDelimiter": ",",
				"rowDelimiter": "",
				"quoteChar": "\"",
				"nullValue": "",
				"treatEmptyAsNull": true,
				"skipLineCount": 0,
				"firstRowAsHeader": true
			},
			"fileName": "employee.csv",
			"folderPath": "/dtus/core/masterdata/employee/csv"
		}
	},
	"type": "Microsoft.DataFactory/factories/datasets"
}