{
	"name": "DS_ADLS_RM_ADVISORY_PRACTITIONER",
	"properties": {
		"linkedServiceName": {
			"referenceName": "dslabdl",
			"type": "LinkedServiceReference"
		},
		"parameters": {
			"filePath": {
				"type": "String",
				"defaultValue": "/dtus/core/stafftrak_aa/advisory_practitioner/national/csv"
			},
			"fileName": {
				"type": "String",
				"defaultValue": "advisory_practitioner.csv"
			}
		},
		"annotations": [],
		"type": "AzureDataLakeStoreFile",
		"structure": [
			{
				"name": "EMP_RESOURCE_ID",
				"type": "Decimal"
			},
			{
				"name": "EMP_VALID_FROM_DATE",
				"type": "DateTime",
				"format": "yyyy-MM-dd"
			},
			{
				"name": "EMP_VALID_TO_DATE",
				"type": "DateTime",
				"format": "yyyy-MM-dd"
			},
			{
				"name": "EMP_KEY_TD",
				"type": "String"
			},
			{
				"name": "EMP_MF_EMPLOYEE_TD",
				"type": "String"
			},
			{
				"name": "EMP_GBL_PERS_NBR_TD",
				"type": "String"
			},
			{
				"name": "EMP_TYPE_STAFFTRAK",
				"type": "String"
			},
			{
				"name": "EMP_NAME_STAFFTRAK",
				"type": "String"
			},
			{
				"name": "EMP_PROPER_NAME_STAFFTRAK",
				"type": "String"
			},
			{
				"name": "EMP_HIRE_FROM_DATE_STAFFTRAK",
				"type": "DateTime",
				"format": "yyyy-MM-dd"
			},
			{
				"name": "EMP_HIRE_TO_DATE_STAFFTRAK",
				"type": "DateTime",
				"format": "yyyy-MM-dd"
			},
			{
				"name": "EMP_CONSOLIDATED_LEVEL_TD_STAFFTRAK",
				"type": "String"
			},
			{
				"name": "EMP_POSITION_TD_STAFFTRAK",
				"type": "String"
			},
			{
				"name": "EMP_POSITION_TEXT_TD_STAFFTRAK",
				"type": "String"
			},
			{
				"name": "EMP_TIL_ROLLUP_LEVEL_TD_STAFFTRAK",
				"type": "String"
			},
			{
				"name": "EMP_TIL_ROLLUP_LEVEL_TEXT_TD_STAFFTRAK",
				"type": "String"
			},
			{
				"name": "EMP_LEVEL_ID_TD_STAFFTRAK",
				"type": "String"
			},
			{
				"name": "EMP_LEVEL_TEXT_TD_STAFFTRAK",
				"type": "String"
			},
			{
				"name": "EMP_LEVEL_BILL_RATE_STAFFTRAK",
				"type": "Int"
			},
			{
				"name": "EMP_REVISION_LOCATION_TD_STAFFTRAK",
				"type": "String"
			},
			{
				"name": "EMP_TIME_RULE_ID_TD_STAFFTRAK",
				"type": "String"
			},
			{
				"name": "EMP_REVISION_TYPE_TD_STAFFTRAK",
				"type": "String"
			},
			{
				"name": "EMP_REVISION_STATUS_STAFFTRAK",
				"type": "String"
			},
			{
				"name": "EMP_REVISION_DATE_TD_STAFFTRAK",
				"type": "DateTime",
				"format": "yyyy-MM-dd"
			},
			{
				"name": "EMP_REVISION_USER_TD_STAFFTRAK",
				"type": "String"
			},
			{
				"name": "EMP_DEPARTMENT_TD_STAFFTRAK",
				"type": "Int"
			},
			{
				"name": "EMP_DEPARTMENT_TEXT_STAFFTRAK",
				"type": "String"
			},
			{
				"name": "EMP_DEPARTMENT_TERM_STAFFTRAK",
				"type": "String"
			},
			{
				"name": "EMP_PRACTICE_AREA_STAFFTRAK",
				"type": "String"
			},
			{
				"name": "EMP_PRACTICE_AREA_TEXT_STAFFTRAK",
				"type": "String"
			},
			{
				"name": "EMP_PRACTICE_VALUE_STAFFTRAK",
				"type": "String"
			},
			{
				"name": "EMP_PRACTICE_TEXT_STAFFTRAK",
				"type": "String"
			},
			{
				"name": "EMP_GROUPS_NAME_STAFFTRAK",
				"type": "String"
			},
			{
				"name": "EMP_CERTIFICATION_1_STAFFTRAK",
				"type": "String"
			},
			{
				"name": "EMP_CERTIFICATION_1_TEXT_STAFFTRAK",
				"type": "String"
			},
			{
				"name": "EMP_CERTIFICATION_1_STATUS_STAFFTRAK",
				"type": "String"
			},
			{
				"name": "EMP_CERTIFICATION_1_DATE_STAFFTRAK",
				"type": "DateTime",
				"format": "yyyy-MM-dd"
			},
			{
				"name": "EMP_CERTIFICATION_2_STAFFTRAK",
				"type": "String"
			},
			{
				"name": "EMP_CERTIFICATION_2_TEXT_STAFFTRAK",
				"type": "String"
			},
			{
				"name": "EMP_CERTIFICATION_2_STATUS_STAFFTRAK",
				"type": "String"
			},
			{
				"name": "EMP_CERTIFICATION_2_DATE_STAFFTRAK",
				"type": "DateTime",
				"format": "yyyy-MM-dd"
			},
			{
				"name": "EMP_CERTIFICATION_3_STAFFTRAK",
				"type": "String"
			},
			{
				"name": "EMP_CERTIFICATION_3_TEXT_STAFFTRAK",
				"type": "String"
			},
			{
				"name": "EMP_CERTIFICATION_3_STATUS_STAFFTRAK",
				"type": "String"
			},
			{
				"name": "EMP_CERTIFICATION_3_DATE_STAFFTRAK",
				"type": "DateTime",
				"format": "yyyy-MM-dd"
			},
			{
				"name": "EMP_CERTIFICATION_4_STAFFTRAK",
				"type": "String"
			},
			{
				"name": "EMP_CERTIFICATION_4_TEXT_STAFFTRAK",
				"type": "String"
			},
			{
				"name": "EMP_CERTIFICATION_4_STATUS_STAFFTRAK",
				"type": "String"
			},
			{
				"name": "EMP_CERTIFICATION_4_DATE_STAFFTRAK",
				"type": "DateTime",
				"format": "yyyy-MM-dd"
			},
			{
				"name": "EMP_CERTIFICATION_5_STAFFTRAK",
				"type": "String"
			},
			{
				"name": "EMP_CERTIFICATION_5_TEXT_STAFFTRAK",
				"type": "String"
			},
			{
				"name": "EMP_CERTIFICATION_5_STATUS_STAFFTRAK",
				"type": "String"
			},
			{
				"name": "EMP_CERTIFICATION_5_DATE_STAFFTRAK",
				"type": "DateTime",
				"format": "yyyy-MM-dd"
			},
			{
				"name": "EMP_ADDTL_CERTIFICATION_STAFFTRAK",
				"type": "String"
			},
			{
				"name": "EMP_CPA_STAFFTRAK",
				"type": "String"
			},
			{
				"name": "EMP_CPA_LICENSE_NUM_STAFFTRAK",
				"type": "String"
			},
			{
				"name": "EMP_CPA_EXP_DATE_STAFFTRAK",
				"type": "DateTime",
				"format": "yyyy-MM-dd"
			},
			{
				"name": "EMP_CPA_STATE_1_STAFFTRAK",
				"type": "String"
			},
			{
				"name": "EMP_CPA_STATE_2_STAFFTRAK",
				"type": "String"
			},
			{
				"name": "EMP_CPA_STATE_3_STAFFTRAK",
				"type": "String"
			},
			{
				"name": "EMP_CPA_STATE_4_STAFFTRAK",
				"type": "String"
			},
			{
				"name": "EMP_ADDTL_CPA_STATE_STAFFTRAK",
				"type": "String"
			},
			{
				"name": "EMP_CLEARANCE_TEXT_STAFFTRAK",
				"type": "String"
			},
			{
				"name": "EMP_SCH_LAST_ROLLED_DATE_STAFFTRAK",
				"type": "DateTime",
				"format": "yyyy-MM-dd"
			},
			{
				"name": "EMP_COMPETENCY_STAFFTRAK",
				"type": "String"
			},
			{
				"name": "EMP_COMPETENCY_TEXT_STAFFTRAK",
				"type": "String"
			},
			{
				"name": "EMP_SUB_COMPETENCY_STAFFTRAK",
				"type": "String"
			},
			{
				"name": "EMP_SUB_COMPETENCY_TEXT_STAFFTRAK",
				"type": "String"
			},
			{
				"name": "EMP_BUSINESS_LINE_STAFFTRAK",
				"type": "String"
			},
			{
				"name": "EMP_BUSINESS_AREA_STAFFTRAK",
				"type": "String"
			},
			{
				"name": "EMP_BUSINESS_AREA_TEXT_STAFFTRAK",
				"type": "String"
			},
			{
				"name": "EMP_MARKET_CIRCLE_STAFFTRAK",
				"type": "String"
			},
			{
				"name": "EMP_PRIMARY_SECTOR_STAFFTRAK",
				"type": "String"
			},
			{
				"name": "EMP_SECONDARY_SECTOR_STAFFTRAK",
				"type": "String"
			},
			{
				"name": "EMP_PRIMARY_INDUSTRY_STAFFTRAK",
				"type": "String"
			},
			{
				"name": "EMP_PRIMARY_INDUSTRY_TEXT_STAFFTRAK",
				"type": "String"
			},
			{
				"name": "EMP_SECONDARY_INDUSTRY_STAFFTRAK",
				"type": "String"
			},
			{
				"name": "EMP_SECONDARY_MO_STAFFTRAK",
				"type": "String"
			},
			{
				"name": "EMP_SECONDARY_MO_TEXT_STAFFTRAK",
				"type": "String"
			},
			{
				"name": "EMP_SUB_MO_STAFFTRAK",
				"type": "String"
			},
			{
				"name": "EMP_SUB_INDUSTRY_STAFFTRAK",
				"type": "String"
			},
			{
				"name": "EMP_SUB_BUSINESS_LINE_STAFFTRAK",
				"type": "String"
			},
			{
				"name": "EMP_SUB_SERVICE_LINE_STAFFTRAK",
				"type": "String"
			},
			{
				"name": "EMP_PEP_STAFFTRAK",
				"type": "String"
			},
			{
				"name": "EMP_LAST_ROLL_BY_STAFFTRAK",
				"type": "String"
			},
			{
				"name": "EMP_NATIONAL_PROGRAM_STAFFTRAK",
				"type": "String"
			},
			{
				"name": "EMP_DGES_STAFFTRAK",
				"type": "String"
			},
			{
				"name": "EMP_EMS_TRAINED_STAFFTRAK",
				"type": "String"
			},
			{
				"name": "EMP_ONBOARDING_ADVISOR_STAFFTRAK",
				"type": "String"
			},
			{
				"name": "EMP_ISY_IFRS_ACCREDITED_STAFFTRAK",
				"type": "String"
			},
			{
				"name": "EMP_ISY_SKILL_SET_STAFFTRAK",
				"type": "String"
			},
			{
				"name": "EMP_FWA_STAFFTRAK",
				"type": "String"
			},
			{
				"name": "EMP_LOA_STAFFTRAK",
				"type": "String"
			},
			{
				"name": "EMP_WK_HR_PER_PERIOD_STAFFTRAK",
				"type": "Int"
			},
			{
				"name": "EMP_AL_COMMENT_STAFFTRAK",
				"type": "String"
			},
			{
				"name": "EMP_AL_DATE_STAFFTRAK",
				"type": "String"
			},
			{
				"name": "EMP_IS_ASSIGNMENT_STAFFTRAK",
				"type": "String"
			},
			{
				"name": "EMP_IA_SKILL_1_STAFFTRAK",
				"type": "String"
			},
			{
				"name": "EMP_IA_SKILL_2_STAFFTRAK",
				"type": "String"
			},
			{
				"name": "EMP_IA_SKILL_3_STAFFTRAK",
				"type": "String"
			},
			{
				"name": "EMP_IA_SKILL_4_STAFFTRAK",
				"type": "String"
			},
			{
				"name": "EMP_IA_SKILL_5_STAFFTRAK",
				"type": "String"
			},
			{
				"name": "EMP_EA_SKILL_1_STAFFTRAK",
				"type": "String"
			},
			{
				"name": "EMP_EA_SKILL_2_STAFFTRAK",
				"type": "String"
			},
			{
				"name": "EMP_EA_SKILL_3_STAFFTRAK",
				"type": "String"
			},
			{
				"name": "EMP_EA_SKILL_4_STAFFTRAK",
				"type": "String"
			},
			{
				"name": "EMP_EA_SKILL_5_STAFFTRAK",
				"type": "String"
			},
			{
				"name": "EMP_CA_SKILL_1_STAFFTRAK",
				"type": "String"
			},
			{
				"name": "EMP_CA_SKILL_2_STAFFTRAK",
				"type": "String"
			},
			{
				"name": "EMP_CA_SKILL_3_STAFFTRAK",
				"type": "String"
			},
			{
				"name": "EMP_CA_SKILL_4_STAFFTRAK",
				"type": "String"
			},
			{
				"name": "EMP_CA_SKILL_5_STAFFTRAK",
				"type": "String"
			},
			{
				"name": "EMP_SKILL_1_STAFFTRAK",
				"type": "String"
			},
			{
				"name": "EMP_SKILL_2_STAFFTRAK",
				"type": "String"
			},
			{
				"name": "EMP_SKILL_3_STAFFTRAK",
				"type": "String"
			},
			{
				"name": "EMP_SKILL_4_STAFFTRAK",
				"type": "String"
			},
			{
				"name": "EMP_SKILLS_LAST_UPDATED_DATE_STAFFTRAK",
				"type": "DateTime",
				"format": "yyyy-MM-dd"
			},
			{
				"name": "EMP_SKILLS_LAST_CONFIRMED_DATE_STAFFTRAK",
				"type": "DateTime",
				"format": "yyyy-MM-dd"
			},
			{
				"name": "EMP_TRAVEL_STAFFTRAK",
				"type": "String"
			},
			{
				"name": "EMP_TRAVEL_RESTR_STAFFTRAK",
				"type": "String"
			},
			{
				"name": "EMP_CITIZENSHIP_STAFFTRAK",
				"type": "String"
			},
			{
				"name": "EMP_VISA_STAFFTRAK",
				"type": "String"
			},
			{
				"name": "EMP_ACTUAL_REGION_STAFFTRAK",
				"type": "String"
			},
			{
				"name": "EMP_REGION_STAFFTRAK",
				"type": "String"
			},
			{
				"name": "EMP_STATE_STAFFTRAK",
				"type": "String"
			},
			{
				"name": "EMP_CITY_STAFFTRAK",
				"type": "String"
			},
			{
				"name": "EMP_ZIP_STAFFTRAK",
				"type": "String"
			},
			{
				"name": "EMP_ADDRESS_2_STAFFTRAK",
				"type": "String"
			},
			{
				"name": "EMP_EMAIL_STAFFTRAK",
				"type": "String"
			},
			{
				"name": "EMP_PHONE_STAFFTRAK",
				"type": "String"
			},
			{
				"name": "EMP_LANGUAGE_STAFFTRAK",
				"type": "String"
			},
			{
				"name": "EMP_LANGUAGE_2_STAFFTRAK",
				"type": "String"
			},
			{
				"name": "EMP_INDUSTRY_STAFFTRAK",
				"type": "String"
			},
			{
				"name": "EMP_INDUSTRY_TEXT_STAFFTRAK",
				"type": "String"
			},
			{
				"name": "EMP_INDUSTRY_PREF_1_STAFFTRAK",
				"type": "String"
			},
			{
				"name": "EMP_INDUSTRY_PREF_2_STAFFTRAK",
				"type": "String"
			},
			{
				"name": "EMP_INDUSTRY_PREF_3_STAFFTRAK",
				"type": "String"
			},
			{
				"name": "EMP_INDEPENDENCE_STAFFTRAK",
				"type": "String"
			},
			{
				"name": "EMP_DATE_HRS_RETRIEVED_STAFFTRAK",
				"type": "DateTime",
				"format": "yyyy-MM-dd"
			},
			{
				"name": "EMP_DATE_HRS_UPDATED_STAFFTRAK",
				"type": "DateTime",
				"format": "yyyy-MM-dd"
			},
			{
				"name": "EMP_MANAGER_PEER_GROUPING_STAFFTRAK",
				"type": "String"
			},
			{
				"name": "EMP_COLLEGE_1_STAFFTRAK",
				"type": "String"
			},
			{
				"name": "EMP_DEGREE_1_STAFFTRAK",
				"type": "String"
			},
			{
				"name": "EMP_COMMENTS_1_STAFFTRAK",
				"type": "String"
			},
			{
				"name": "EMP_COMMENTS_2_STAFFTRAK",
				"type": "String"
			},
			{
				"name": "EMP_COMMENTS_3_STAFFTRAK",
				"type": "String"
			},
			{
				"name": "EMP_COMMENTS_4_STAFFTRAK",
				"type": "String"
			},
			{
				"name": "EMP_COMMENTS_5_STAFFTRAK",
				"type": "String"
			},
			{
				"name": "EMP_COMMENTS_6_STAFFTRAK",
				"type": "String"
			},
			{
				"name": "EMP_CLASS_STAFFTRAK",
				"type": "String"
			},
			{
				"name": "EMP_CELL_NO_STAFFTRAK",
				"type": "String"
			},
			{
				"name": "EMP_ASSIGN_PERIOD_STAFFTRAK",
				"type": "String"
			},
			{
				"name": "EMP_BU_SOG_LDR_STAFFTRAK",
				"type": "String"
			},
			{
				"name": "EMP_GROUP_ID_STAFFTRAK",
				"type": "String"
			},
			{
				"name": "EMP_AUTHORIZATION_ID_STAFFTRAK",
				"type": "String"
			},
			{
				"name": "EMP_USI_RM_STAFFTRAK",
				"type": "String"
			},
			{
				"name": "EMP_CONFIRM_DAILY_AVAIL_STAFFTRAK",
				"type": "String"
			},
			{
				"name": "EMP_USI_RESOURCE_CLUSTER_STAFFTRAK",
				"type": "String"
			},
			{
				"name": "EMP_PTR_COUNSELOR_NAME_STAFFTRAK",
				"type": "String"
			},
			{
				"name": "EMP_HIRE_TYPE_STAFFTRAK",
				"type": "String"
			},
			{
				"name": "EMP_HIRE_TYPE_TEXT_STAFFTRAK",
				"type": "String"
			},
			{
				"name": "EMP_RM_NAME_STAFFTRAK",
				"type": "String"
			},
			{
				"name": "EMP_RM_FIRST_NAME_STAFFTRAK",
				"type": "String"
			},
			{
				"name": "EMP_RM_LAST_NAME_STAFFTRAK",
				"type": "String"
			},
			{
				"name": "EMP_RM_MF_EMPLOYEE_STAFFTRAK",
				"type": "String"
			},
			{
				"name": "EMP_RM_EMAIL_STAFFTRAK",
				"type": "String"
			},
			{
				"name": "EMP_RM_USER_NAME_STAFFTRAK",
				"type": "String"
			},
			{
				"name": "EMP_RESUME_LOAD_TIMESTAMP_STAFFTRAK",
				"type": "DateTime",
				"format": "yyyy-MM-dd"
			},
			{
				"name": "EMP_RESUME_LAST_UPDATED_DATE_STAFFTRAK",
				"type": "DateTime",
				"format": "yyyy-MM-dd"
			},
			{
				"name": "EMP_FOCUS_AREA_STAFFTRAK",
				"type": "String"
			},
			{
				"name": "EMP_FOCUS_AREA_TEXT_STAFFTRAK",
				"type": "String"
			},
			{
				"name": "EMP_FOCUS_AREA_2_STAFFTRAK",
				"type": "String"
			},
			{
				"name": "EMP_COUNSELOR_NAME_STAFFTRAK",
				"type": "String"
			},
			{
				"name": "EMP_COST_CENTER_STAFFTRAK",
				"type": "String"
			},
			{
				"name": "EMP_ISX_ACTIVE_STAFFTRAK",
				"type": "String"
			},
			{
				"name": "EMP_RMIS_NAME_STAFFTRAK",
				"type": "String"
			},
			{
				"name": "EMP_LCA_STAFFTRAK",
				"type": "String"
			},
			{
				"name": "EMP_CAR_STAFFTRAK",
				"type": "String"
			},
			{
				"name": "EMP_OFFICE_GROUPING_STAFFTRAK",
				"type": "String"
			},
			{
				"name": "EMP_OFFICE_LOCATION_ID_STAFFTRAK",
				"type": "String"
			},
			{
				"name": "EMP_OFFICE_LOCATION_TEXT_STAFFTRAK",
				"type": "String"
			},
			{
				"name": "EMP_OFFICE_PHONE_STAFFTRAK",
				"type": "String"
			},
			{
				"name": "EMP_FSS_STAFFTRAK",
				"type": "String"
			},
			{
				"name": "EMP_IS_FUTURE_ACTIVE_STAFFTRAK",
				"type": "Int"
			},
			{
				"name": "EMP_TOD_IS_ACTIVE_HEADCOUNT_STAFFTRAK",
				"type": "Int"
			},
			{
				"name": "EMP_US_JOB_LEVEL_GROUP_TD_STAFFTRAK",
				"type": "String"
			},
			{
				"name": "EMP_US_JOB_LEVEL_GROUP_TEXT_TD_STAFFTRAK",
				"type": "String"
			}
		],
		"typeProperties": {
			"format": {
				"type": "TextFormat",
				"columnDelimiter": ",",
				"rowDelimiter": "",
				"quoteChar": "\"",
				"nullValue": "",
				"treatEmptyAsNull": true,
				"skipLineCount": 0,
				"firstRowAsHeader": true
			},
			"fileName": {
				"value": "@dataset().fileName",
				"type": "Expression"
			},
			"folderPath": {
				"value": "@dataset().filePath",
				"type": "Expression"
			}
		}
	},
	"type": "Microsoft.DataFactory/factories/datasets"
}