{
	"name": "DS_ADLS_DTE_TIME",
	"properties": {
		"linkedServiceName": {
			"referenceName": "dslabdl",
			"type": "LinkedServiceReference"
		},
		"parameters": {
			"filePath": {
				"type": "String",
				"defaultValue": "/dtus/core/dte/time/national/csv"
			},
			"fileName": {
				"type": "String",
				"defaultValue": "2019001.csv"
			}
		},
		"annotations": [],
		"type": "AzureDataLakeStoreFile",
		"structure": [
			{
				"name": "EMPLOYEE",
				"type": "String"
			},
			{
				"name": "DOC_DATE",
				"type": "DateTime",
				"format": "yyyy-MM-dd"
			},
			{
				"name": "TIME_SENDER_COST_CENTER",
				"type": "String"
			},
			{
				"name": "TIME_RECEIVER_COST_CENTER",
				"type": "String"
			},
			{
				"name": "WBS",
				"type": "String"
			},
			{
				"name": "TIME_MEASURE_UNIT",
				"type": "String"
			},
			{
				"name": "TIME_TASK_COMPONENT",
				"type": "String"
			},
			{
				"name": "TIME_CREATED_AT",
				"type": "DateTime",
				"format": "yyyy-MM-dd"
			},
			{
				"name": "TIME_CHANGED_AT",
				"type": "DateTime",
				"format": "yyyy-MM-dd"
			},
			{
				"name": "TIME_APPROVED_AT",
				"type": "DateTime",
				"format": "yyyy-MM-dd"
			},
			{
				"name": "TIME_REJECTION_REASON",
				"type": "String"
			},
			{
				"name": "TIME_DOC_NBR",
				"type": "String"
			},
			{
				"name": "TIME_OTJ_AUTH",
				"type": "String"
			},
			{
				"name": "TIME_LATE_TIME_DAYS",
				"type": "Decimal"
			},
			{
				"name": "TIME_FED_TIME_CHANGE_REASON",
				"type": "String"
			},
			{
				"name": "TIME_BOOLEAN_VARIABLE",
				"type": "String"
			},
			{
				"name": "TIME_COMMENTS",
				"type": "String"
			},
			{
				"name": "TIME_GL_ACCOUNT_LEDGER",
				"type": "String"
			},
			{
				"name": "TIME_DOC_FY",
				"type": "String"
			},
			{
				"name": "TIME_ACCOUNT_DOC_NBR",
				"type": "String"
			},
			{
				"name": "TIME_RESERVE_OTHER_IND",
				"type": "String"
			},
			{
				"name": "TIME_RESERVED_IND",
				"type": "String"
			},
			{
				"name": "TIME_QTY",
				"type": "Decimal"
			},
			{
				"name": "TIME_DEBIT_IND",
				"type": "String"
			},
			{
				"name": "POST_DATE",
				"type": "DateTime",
				"format": "yyyy-MM-dd"
			},
			{
				"name": "TIME_ORIGINAL_IND",
				"type": "String"
			},
			{
				"name": "TIME_APPROVER_EMPLOYEE",
				"type": "String"
			},
			{
				"name": "TIME_LATE_IND",
				"type": "String"
			},
			{
				"name": "TIME_CORE_BORROWED_IND",
				"type": "String"
			},
			{
				"name": "TIME_ZEMCATSFI_CHANGED_AT",
				"type": "DateTime",
				"format": "yyyy-MM-dd"
			},
			{
				"name": "TIME_TRIP_NUMBER",
				"type": "String"
			}
		],
		"typeProperties": {
			"format": {
				"type": "TextFormat",
				"columnDelimiter": ",",
				"rowDelimiter": "",
				"quoteChar": "\"",
				"nullValue": "",
				"treatEmptyAsNull": true,
				"skipLineCount": 0,
				"firstRowAsHeader": true
			},
			"fileName": {
				"value": "@dataset().fileName",
				"type": "Expression"
			},
			"folderPath": {
				"value": "@dataset().filePath",
				"type": "Expression"
			}
		}
	},
	"type": "Microsoft.DataFactory/factories/datasets"
}