{
	"name": "DS_ADLS_RM_TAX_PRACTITIONER",
	"properties": {
		"linkedServiceName": {
			"referenceName": "dslabdl",
			"type": "LinkedServiceReference"
		},
		"parameters": {
			"filePath": {
				"type": "String",
				"defaultValue": "/dtus/core/stafftrak_tax/practitioner/national/csv"
			},
			"fileName": {
				"type": "String",
				"defaultValue": "practitioner.csv"
			}
		},
		"annotations": [],
		"type": "AzureDataLakeStoreFile",
		"structure": [
			{
				"name": "EMP_RESOURCE_ID",
				"type": "Decimal"
			},
			{
				"name": "EMP_DATE_FROM",
				"type": "DateTime",
				"format": "yyyy-MM-dd"
			},
			{
				"name": "EMP_DATE_TO",
				"type": "DateTime",
				"format": "yyyy-MM-dd"
			},
			{
				"name": "EMP_MF_EMPLOYEE_TD",
				"type": "String"
			},
			{
				"name": "EMP_KEY",
				"type": "String"
			},
			{
				"name": "EMP_GBL_PERS_NBR_TD",
				"type": "String"
			},
			{
				"name": "EMP_CITY_STAFFTRAK",
				"type": "String"
			},
			{
				"name": "EMP_EMAIL_STAFFTRAK",
				"type": "String"
			},
			{
				"name": "EMP_OFFICE_LOCATION_ID_STAFFTRAK",
				"type": "String"
			},
			{
				"name": "EMP_OFFICE_LOCATION_TEXT_STAFFTRAK",
				"type": "String"
			},
			{
				"name": "EMP_PEP_STAFFTRAK",
				"type": "String"
			},
			{
				"name": "EMP_PRIMARY_INDUSTRY_STAFFTRAK",
				"type": "String"
			},
			{
				"name": "EMP_PRIMARY_SECTOR_STAFFTRAK",
				"type": "String"
			},
			{
				"name": "EMP_MARKET_CIRCLE_STAFFTRAK",
				"type": "String"
			},
			{
				"name": "EMP_SECONDARY_INDUSTRY_STAFFTRAK",
				"type": "String"
			},
			{
				"name": "EMP_SECONDARY_SECTOR_STAFFTRAK",
				"type": "String"
			},
			{
				"name": "EMP_PRACTICE_AREA_STAFFTRAK",
				"type": "String"
			},
			{
				"name": "EMP_CAR_STAFFTRAK",
				"type": "String"
			},
			{
				"name": "EMP_CITIZENSHIP_STAFFTRAK",
				"type": "String"
			},
			{
				"name": "EMP_LCA_STAFFTRAK",
				"type": "String"
			},
			{
				"name": "EMP_RMIS_NAME_STAFFTRAK",
				"type": "String"
			},
			{
				"name": "EMP_REV_DATE_TD_STAFFTRAK",
				"type": "DateTime",
				"format": "yyyy-MM-dd"
			},
			{
				"name": "EMP_REV_USER_TD_STAFFTRAK",
				"type": "String"
			},
			{
				"name": "EMP_REV_LOCATION_TD_STAFFTRAK",
				"type": "String"
			},
			{
				"name": "EMP_REV_TYPE_TD_STAFFTRAK",
				"type": "String"
			},
			{
				"name": "EMP_REV_STATUS_STAFFTRAK",
				"type": "String"
			},
			{
				"name": "EMP_ISX_ACTIVE_STAFFTRAK",
				"type": "String"
			},
			{
				"name": "EMP_CERTIFICATION_STAFFTRAK",
				"type": "String"
			},
			{
				"name": "EMP_CERTIFICATION_1_STAFFTRAK",
				"type": "String"
			},
			{
				"name": "EMP_CERTIFICATION_2_STAFFTRAK",
				"type": "String"
			},
			{
				"name": "EMP_CERTIFICATION_3_STAFFTRAK",
				"type": "String"
			},
			{
				"name": "EMP_CERTIFICATION_4_STAFFTRAK",
				"type": "String"
			},
			{
				"name": "EMP_CERTIFICATION_5_STAFFTRAK",
				"type": "String"
			},
			{
				"name": "EMP_INDUSTRY_STAFFTRAK",
				"type": "String"
			},
			{
				"name": "EMP_INDUSTRY_TEXT_STAFFTRAK",
				"type": "String"
			},
			{
				"name": "EMP_IS_FUTURE_ACTIVE_STAFFTRAK",
				"type": "Int"
			},
			{
				"name": "EMP_TIME_RULE_ID_TD_STAFFTRAK",
				"type": "String"
			},
			{
				"name": "EMP_LEVEL_ID_TD_STAFFTRAK",
				"type": "String"
			},
			{
				"name": "EMP_LEVEL_TEXT_TD_STAFFTRAK",
				"type": "String"
			},
			{
				"name": "EMP_RM_USER_NAME_STAFFTRAK",
				"type": "String"
			},
			{
				"name": "EMP_RM_EMAIL_STAFFTRAK",
				"type": "String"
			},
			{
				"name": "EMP_RM_MF_EMPLOYEE_STAFFTRAK",
				"type": "String"
			},
			{
				"name": "EMP_RM_NAME_STAFFTRAK",
				"type": "String"
			},
			{
				"name": "EMP_RM_FIRST_NAME_STAFFTRAK",
				"type": "String"
			},
			{
				"name": "EMP_RM_LAST_NAME_STAFFTRAK",
				"type": "String"
			},
			{
				"name": "EMP_US_IS_INTERN_TD_STAFFTRAK",
				"type": "Int"
			},
			{
				"name": "EMP_US_IS_PPD_TD_STAFFTRAK",
				"type": "String"
			},
			{
				"name": "EMP_US_IS_PARTNER_TD_STAFFTRAK",
				"type": "String"
			},
			{
				"name": "EMP_US_IS_DIRECTOR_TD_STAFFTRAK",
				"type": "String"
			},
			{
				"name": "EMP_US_IS_SNR_MANAGER_TD_STAFFTRAK",
				"type": "String"
			},
			{
				"name": "EMP_US_USER_NAME_TD_STAFFTRAK",
				"type": "String"
			},
			{
				"name": "EMP_RESUME_LAST_UPDATED_DATE_STAFFTRAK",
				"type": "DateTime",
				"format": "yyyy-MM-dd"
			},
			{
				"name": "EMP_RESUME_LOAD_TIMESTAMP_STAFFTRAK",
				"type": "DateTime",
				"format": "yyyy-MM-dd"
			},
			{
				"name": "EMP_LOAD_TIMESTAMP_STAFFTRAK",
				"type": "DateTime",
				"format": "yyyy-MM-dd"
			},
			{
				"name": "EMP_LEVEL_BILL_RATE_STAFFTRAK",
				"type": "Int"
			},
			{
				"name": "EMP_FOCUS_AREA_TERM_STAFFTRAK",
				"type": "String"
			},
			{
				"name": "EMP_RATE_1_STAFFTRAK",
				"type": "Int"
			},
			{
				"name": "EMP_RATE_2_STAFFTRAK",
				"type": "Int"
			},
			{
				"name": "EMP_ISY_ASSIGNMENT_STAFFTRAK",
				"type": "String"
			},
			{
				"name": "EMP_AL_COMMENT_STAFFTRAK",
				"type": "String"
			},
			{
				"name": "EMP_AL_DATE_STAFFTRAK",
				"type": "String"
			},
			{
				"name": "EMP_ASSIGN_PERIOD_STAFFTRAK",
				"type": "String"
			},
			{
				"name": "EMP_CLUSTER_STAFFTRAK",
				"type": "String"
			},
			{
				"name": "EMP_COMMENTS_1_STAFFTRAK",
				"type": "String"
			},
			{
				"name": "EMP_COMMENTS_2_STAFFTRAK",
				"type": "String"
			},
			{
				"name": "EMP_COMMENTS_3_STAFFTRAK",
				"type": "String"
			},
			{
				"name": "EMP_COMMENTS_4_STAFFTRAK",
				"type": "String"
			},
			{
				"name": "EMP_COUNTRY_STAFFTRAK",
				"type": "String"
			},
			{
				"name": "EMP_CTSMTS_IND_EXP_1_STAFFTRAK",
				"type": "String"
			},
			{
				"name": "EMP_CTSMTS_IND_EXP_2_STAFFTRAK",
				"type": "String"
			},
			{
				"name": "EMP_CTSMTS_IND_EXP_3_STAFFTRAK",
				"type": "String"
			},
			{
				"name": "EMP_CTSMTS_IND_EXP_4_STAFFTRAK",
				"type": "String"
			},
			{
				"name": "EMP_CTSMTS_IND_EXP_5_STAFFTRAK",
				"type": "String"
			},
			{
				"name": "EMP_CTSMTS_IND_PREF_1_STAFFTRAK",
				"type": "String"
			},
			{
				"name": "EMP_CTSMTS_IND_PREF_2_STAFFTRAK",
				"type": "String"
			},
			{
				"name": "EMP_CTSMTS_IND_PREF_3_STAFFTRAK",
				"type": "String"
			},
			{
				"name": "EMP_CTSMTS_IND_PREF_4_STAFFTRAK",
				"type": "String"
			},
			{
				"name": "EMP_CTSMTS_IND_PREF_5_STAFFTRAK",
				"type": "String"
			},
			{
				"name": "EMP_DATE_HRS_UPDATED_STAFFTRAK",
				"type": "DateTime",
				"format": "yyyy-MM-dd"
			},
			{
				"name": "EMP_DATE_HRS_RETRIEVED_STAFFTRAK",
				"type": "DateTime",
				"format": "yyyy-MM-dd"
			},
			{
				"name": "EMP_EDUCATION_STAFFTRAK",
				"type": "String"
			},
			{
				"name": "EMP_LANGUAGE_STAFFTRAK",
				"type": "String"
			},
			{
				"name": "EMP_LANGUAGE_2_STAFFTRAK",
				"type": "String"
			},
			{
				"name": "EMP_OFFICE_PHONE_STAFFTRAK",
				"type": "String"
			},
			{
				"name": "EMP_PHONE_STAFFTRAK",
				"type": "String"
			},
			{
				"name": "EMP_SUB_BUSINESS_LINE_STAFFTRAK",
				"type": "String"
			},
			{
				"name": "EMP_PROPER_NAME_STAFFTRAK",
				"type": "String"
			},
			{
				"name": "EMP_CPA_STATE_1_STAFFTRAK",
				"type": "String"
			},
			{
				"name": "EMP_CPA_STATE_2_STAFFTRAK",
				"type": "String"
			},
			{
				"name": "EMP_CPA_STATE_3_STAFFTRAK",
				"type": "String"
			},
			{
				"name": "EMP_CPA_STATE_4_STAFFTRAK",
				"type": "String"
			},
			{
				"name": "EMP_ADDTL_CPA_STATE_STAFFTRAK",
				"type": "String"
			},
			{
				"name": "EMP_CPA_EXP_DATE_STAFFTRAK",
				"type": "DateTime",
				"format": "yyyy-MM-dd"
			},
			{
				"name": "EMP_CPA_LICENSE_NUM_STAFFTRAK",
				"type": "String"
			},
			{
				"name": "EMP_CPA_STAFFTRAK",
				"type": "String"
			},
			{
				"name": "EMP_LOA_STAFFTRAK",
				"type": "String"
			},
			{
				"name": "EMP_FWA_STAFFTRAK",
				"type": "String"
			},
			{
				"name": "EMP_ADDRESS_1_STAFFTRAK",
				"type": "String"
			},
			{
				"name": "EMP_TRAVEL_STAFFTRAK",
				"type": "String"
			},
			{
				"name": "EMP_TRAVEL_RESTR_STAFFTRAK",
				"type": "String"
			},
			{
				"name": "EMP_EMS_TRAINED_STAFFTRAK",
				"type": "String"
			},
			{
				"name": "EMP_US_DEPLOY_INTEREST_STAFFTRAK",
				"type": "String"
			},
			{
				"name": "EMP_GLOBAL_DEPLOY_INTEREST_STAFFTRAK",
				"type": "String"
			},
			{
				"name": "EMP_CSR_STAFFTRAK",
				"type": "String"
			},
			{
				"name": "EMP_ONBOARDING_ADVISOR_STAFFTRAK",
				"type": "String"
			},
			{
				"name": "EMP_MDR_REGION_STAFFTRAK",
				"type": "String"
			},
			{
				"name": "EMP_SCH_LAST_ROLLED_DATE_STAFFTRAK",
				"type": "String"
			},
			{
				"name": "EMP_JOB_DESC_STAFFTRAK",
				"type": "String"
			},
			{
				"name": "EMP_FACILITY_REGION_STAFFTRAK",
				"type": "String"
			},
			{
				"name": "EMP_CONFIRM_DAILY_AVAIL_STAFFTRAK",
				"type": "String"
			},
			{
				"name": "EMP_USI_RM_STAFFTRAK",
				"type": "String"
			},
			{
				"name": "EMP_INDUSTRY_EXP_1_STAFFTRAK",
				"type": "String"
			},
			{
				"name": "EMP_INDUSTRY_EXP_2_STAFFTRAK",
				"type": "String"
			},
			{
				"name": "EMP_INDUSTRY_EXP_3_STAFFTRAK",
				"type": "String"
			},
			{
				"name": "EMP_INDUSTRY_EXP_4_STAFFTRAK",
				"type": "String"
			},
			{
				"name": "EMP_INDUSTRY_EXP_5_STAFFTRAK",
				"type": "String"
			},
			{
				"name": "EMP_INDUSTRY_PREF_1_STAFFTRAK",
				"type": "String"
			},
			{
				"name": "EMP_INDUSTRY_PREF_2_STAFFTRAK",
				"type": "String"
			},
			{
				"name": "EMP_INDUSTRY_PREF_3_STAFFTRAK",
				"type": "String"
			},
			{
				"name": "EMP_INDUSTRY_PREF_4_STAFFTRAK",
				"type": "String"
			},
			{
				"name": "EMP_INDUSTRY_PREF_5_STAFFTRAK",
				"type": "String"
			},
			{
				"name": "EMP_PREFERRED_NAME_STAFFTRAK",
				"type": "String"
			},
			{
				"name": "EMP_REGION_10_STAFFTRAK",
				"type": "String"
			},
			{
				"name": "EMP_SECTOR_STAFFTRAK",
				"type": "String"
			},
			{
				"name": "EMP_SKILL_1_STAFFTRAK",
				"type": "String"
			},
			{
				"name": "EMP_SKILL_2_STAFFTRAK",
				"type": "String"
			},
			{
				"name": "EMP_SKILL_3_STAFFTRAK",
				"type": "String"
			},
			{
				"name": "EMP_SOFTWARE_SKILLS_1_STAFFTRAK",
				"type": "String"
			},
			{
				"name": "EMP_SOFTWARE_SKILLS_2_STAFFTRAK",
				"type": "String"
			},
			{
				"name": "EMP_SOFTWARE_SKILLS_3_STAFFTRAK",
				"type": "String"
			},
			{
				"name": "EMP_SOFTWARE_SKILLS_4_STAFFTRAK",
				"type": "String"
			},
			{
				"name": "EMP_SOFTWARE_SKILLS_5_STAFFTRAK",
				"type": "String"
			},
			{
				"name": "EMP_SOFTWARE_SKILLS_8_STAFFTRAK",
				"type": "String"
			},
			{
				"name": "EMP_WORK_EXP_1_STAFFTRAK",
				"type": "String"
			},
			{
				"name": "EMP_WORK_EXP_2_STAFFTRAK",
				"type": "String"
			},
			{
				"name": "EMP_WORK_EXP_3_STAFFTRAK",
				"type": "String"
			},
			{
				"name": "EMP_WORK_EXP_4_STAFFTRAK",
				"type": "String"
			},
			{
				"name": "EMP_WORK_EXP_5_STAFFTRAK",
				"type": "String"
			},
			{
				"name": "EMP_BUDDY_STAFFTRAK",
				"type": "String"
			},
			{
				"name": "EMP_ADDTL_CERTIFICATION_STAFFTRAK",
				"type": "String"
			},
			{
				"name": "EMP_CERTIFICATION_DATE_4_STAFFTRAK",
				"type": "DateTime",
				"format": "yyyy-MM-dd"
			},
			{
				"name": "EMP_CERTIFICATION_STATUS_4_STAFFTRAK",
				"type": "String"
			},
			{
				"name": "EMP_CERTIFICATION_DATE_5_STAFFTRAK",
				"type": "DateTime",
				"format": "yyyy-MM-dd"
			},
			{
				"name": "EMP_CERTIFICATION_STATUS_5_STAFFTRAK",
				"type": "String"
			},
			{
				"name": "EMP_MCC_PROFILE_STAFFTRAK",
				"type": "String"
			},
			{
				"name": "EMP_WORK_PREF8_STAFFTRAK",
				"type": "String"
			},
			{
				"name": "EMP_EXP_COMMENTS_STAFFTRAK",
				"type": "String"
			},
			{
				"name": "EMP_PREF_COMMENTS_STAFFTRAK",
				"type": "String"
			},
			{
				"name": "EMP_SFTWR_COMMENTS_STAFFTRAK",
				"type": "String"
			},
			{
				"name": "EMP_IND_EXP_4_PROF_STAFFTRAK",
				"type": "String"
			},
			{
				"name": "EMP_IND_EXP_5_PROF_STAFFTRAK",
				"type": "String"
			},
			{
				"name": "EMP_IND_PREF_4_PROF_STAFFTRAK",
				"type": "String"
			},
			{
				"name": "EMP_IND_PREF_5_PROF_STAFFTRAK",
				"type": "String"
			},
			{
				"name": "EMP_WORK_EXP_8_PROF_STAFFTRAK",
				"type": "String"
			},
			{
				"name": "EMP_WORK_PREF_1_PROF_STAFFTRAK",
				"type": "String"
			},
			{
				"name": "EMP_WORK_PREF_2_PROF_STAFFTRAK",
				"type": "String"
			},
			{
				"name": "EMP_WORK_PREF_3_PROF_STAFFTRAK",
				"type": "String"
			},
			{
				"name": "EMP_WORK_PREF_4_PROF_STAFFTRAK",
				"type": "String"
			},
			{
				"name": "EMP_WORK_PREF_5_PROF_STAFFTRAK",
				"type": "String"
			},
			{
				"name": "EMP_WORK_PREF_6_PROF_STAFFTRAK",
				"type": "String"
			},
			{
				"name": "EMP_WORK_PREF_7_PROF_STAFFTRAK",
				"type": "String"
			},
			{
				"name": "EMP_WORK_PREF_8_PROF_STAFFTRAK",
				"type": "String"
			},
			{
				"name": "EMP_SOFTWARE_SKILLS_1_PROF_STAFFTRAK",
				"type": "String"
			},
			{
				"name": "EMP_SOFTWARE_SKILLS_2_PROF_STAFFTRAK",
				"type": "String"
			},
			{
				"name": "EMP_SOFTWARE_SKILLS_3_PROF_STAFFTRAK",
				"type": "String"
			},
			{
				"name": "EMP_SOFTWARE_SKILLS_4_PROF_STAFFTRAK",
				"type": "String"
			},
			{
				"name": "EMP_SOFTWARE_SKILLS_5_PROF_STAFFTRAK",
				"type": "String"
			},
			{
				"name": "EMP_SOFTWARE_SKILLS_6_PROF_STAFFTRAK",
				"type": "String"
			},
			{
				"name": "EMP_SOFTWARE_SKILLS_7_PROF_STAFFTRAK",
				"type": "String"
			},
			{
				"name": "EMP_SOFTWARE_SKILLS_8_PROF_STAFFTRAK",
				"type": "String"
			},
			{
				"name": "EMP_ISY_SKILL_SET_STAFFTRAK",
				"type": "String"
			},
			{
				"name": "EMP_IND_NAME_STAFFTRAK",
				"type": "String"
			},
			{
				"name": "EMP_LAST_ROLL_BY_STAFFTRAK",
				"type": "String"
			},
			{
				"name": "EMP_FROM_DATE_STAFFTRAK",
				"type": "DateTime",
				"format": "yyyy-MM-dd"
			},
			{
				"name": "EMP_TO_DATE_STAFFTRAK",
				"type": "DateTime",
				"format": "yyyy-MM-dd"
			},
			{
				"name": "EMP_SCHEDULE_COMPLIANCE_STAFFTRAK",
				"type": "String"
			},
			{
				"name": "EMP_US_USI_STAFFTRAK",
				"type": "String"
			},
			{
				"name": "EMP_TOD_IS_ACTIVE_HEADCOUNT_STAFFTRAK",
				"type": "Int"
			},
			{
				"name": "EMP_SKILLS_LAST_CONFIRMED_DATE_STAFFTRAK",
				"type": "DateTime",
				"format": "yyyy-MM-dd"
			},
			{
				"name": "EMP_SKILLS_LAST_UPDATED_DATE_STAFFTRAK",
				"type": "DateTime",
				"format": "yyyy-MM-dd"
			}
		],
		"typeProperties": {
			"format": {
				"type": "TextFormat",
				"columnDelimiter": ",",
				"rowDelimiter": "",
				"quoteChar": "\"",
				"nullValue": "",
				"treatEmptyAsNull": true,
				"skipLineCount": 0,
				"firstRowAsHeader": true
			},
			"fileName": {
				"value": "@dataset().fileName",
				"type": "Expression"
			},
			"folderPath": {
				"value": "@dataset().filePath",
				"type": "Expression"
			}
		}
	},
	"type": "Microsoft.DataFactory/factories/datasets"
}