{
	"name": "DS_ADLS_GENERIC_PRQ_FILE",
	"properties": {
		"description": "Generic Azure Data Lake Store Parquet file",
		"linkedServiceName": {
			"referenceName": "dslabdl",
			"type": "LinkedServiceReference"
		},
		"parameters": {
			"filePath": {
				"type": "String"
			},
			"fileName": {
				"type": "String"
			}
		},
		"annotations": [],
		"type": "AzureDataLakeStoreFile",
		"typeProperties": {
			"format": {
				"type": "ParquetFormat"
			},
			"fileName": {
				"value": "@dataset().fileName",
				"type": "Expression"
			},
			"folderPath": {
				"value": "@dataset().filePath",
				"type": "Expression"
			}
		}
	},
	"type": "Microsoft.DataFactory/factories/datasets"
}