{
	"name": "DS_ADLS_CLIENT_PRQ",
	"properties": {
		"linkedServiceName": {
			"referenceName": "dslabdl",
			"type": "LinkedServiceReference"
		},
		"annotations": [],
		"type": "AzureDataLakeStoreFile",
		"structure": [
			{
				"name": "CLIENT",
				"type": "String"
			},
			{
				"name": "CLIENT_TEXT",
				"type": "String"
			},
			{
				"name": "CLIENT_LEGACY",
				"type": "String"
			},
			{
				"name": "CLIENT_LCSP",
				"type": "String"
			},
			{
				"name": "CLIENT_LCSP_TEXT",
				"type": "String"
			},
			{
				"name": "CLIENT_LBP_AUD",
				"type": "String"
			},
			{
				"name": "CLIENT_LBP_AUD_TEXT",
				"type": "String"
			},
			{
				"name": "CLIENT_LBP_CONS",
				"type": "String"
			},
			{
				"name": "CLIENT_LBP_CONS_TEXT",
				"type": "String"
			},
			{
				"name": "CLIENT_LBP_TAX",
				"type": "String"
			},
			{
				"name": "CLIENT_LBP_TAX_TEXT",
				"type": "String"
			},
			{
				"name": "CLIENT_LBP_ADV",
				"type": "String"
			},
			{
				"name": "CLIENT_LBP_ADV_TEXT",
				"type": "String"
			},
			{
				"name": "CLIENT_LBP_SVCS",
				"type": "String"
			},
			{
				"name": "CLIENT_LBP_SVCS_TEXT",
				"type": "String"
			},
			{
				"name": "CLIENT_NAICS",
				"type": "String"
			},
			{
				"name": "CLIENT_NAICS_TEXT",
				"type": "String"
			},
			{
				"name": "CLIENT_SIC",
				"type": "String"
			},
			{
				"name": "CLIENT_SIC_TEXT",
				"type": "String"
			},
			{
				"name": "CLIENT_INDUSTRY",
				"type": "String"
			},
			{
				"name": "CLIENT_INDUSTRY_TEXT",
				"type": "String"
			},
			{
				"name": "CLIENT_SECTOR",
				"type": "String"
			},
			{
				"name": "CLIENT_SECTOR_TEXT",
				"type": "String"
			},
			{
				"name": "CLIENT_SUB_SECTOR",
				"type": "String"
			},
			{
				"name": "CLIENT_SUB_SECTOR_TEXT",
				"type": "String"
			},
			{
				"name": "CLIENT_SIC4",
				"type": "String"
			},
			{
				"name": "CLIENT_SIC4_TEXT",
				"type": "String"
			},
			{
				"name": "CLIENT_ADV_ALT_SIC",
				"type": "String"
			},
			{
				"name": "CLIENT_ADV_ALT_SIC_TEXT",
				"type": "String"
			},
			{
				"name": "CLIENT_ADV_ALT_INDUSTRY",
				"type": "String"
			},
			{
				"name": "CLIENT_ADV_ALT_INDUSTRY_TEXT",
				"type": "String"
			},
			{
				"name": "CLIENT_ADV_ALT_SECTOR",
				"type": "String"
			},
			{
				"name": "CLIENT_ADV_ALT_SECTOR_TEXT",
				"type": "String"
			},
			{
				"name": "CLIENT_ADV_FLAG",
				"type": "String"
			},
			{
				"name": "CLIENT_CONS_ALT_SIC",
				"type": "String"
			},
			{
				"name": "CLIENT_CONS_ALT_SIC_TEXT",
				"type": "String"
			},
			{
				"name": "CLIENT_CONS_ALT_INDUSTRY",
				"type": "String"
			},
			{
				"name": "CLIENT_CONS_ALT_INDUSTRY_TEXT",
				"type": "String"
			},
			{
				"name": "CLIENT_CONS_ALT_SECTOR",
				"type": "String"
			},
			{
				"name": "CLIENT_CONS_ALT_SECTOR_TEXT",
				"type": "String"
			},
			{
				"name": "CLIENT_CONS_ALT_SUB_SECTOR",
				"type": "String"
			},
			{
				"name": "CLIENT_CONS_ALT_SUB_SECTOR_TEXT",
				"type": "String"
			},
			{
				"name": "CLIENT_CONS_CLASSIFICATION",
				"type": "String"
			},
			{
				"name": "CLIENT_CONS_CLASSIFICATION_TEXT",
				"type": "String"
			},
			{
				"name": "CLIENT_ATTEST_FLAG",
				"type": "String"
			},
			{
				"name": "CLIENT_ATTEST_STATUS",
				"type": "String"
			},
			{
				"name": "CLIENT_ATTEST_STATUS_TEXT",
				"type": "String"
			},
			{
				"name": "CLIENT_ATTEST_RELATIONSHIP",
				"type": "String"
			},
			{
				"name": "CLIENT_ATTEST_RELATIONSHIP_TEXT",
				"type": "String"
			},
			{
				"name": "CLIENT_SEC_FILER",
				"type": "String"
			},
			{
				"name": "CLIENT_IET",
				"type": "String"
			},
			{
				"name": "CLIENT_BLOCK_CODE",
				"type": "String"
			},
			{
				"name": "CLIENT_BLOCK_CODE_TEXT",
				"type": "String"
			},
			{
				"name": "CLIENT_SUCCESSOR_CLNT",
				"type": "String"
			},
			{
				"name": "CLIENT_SUCCESSOR_CLNT_TEXT",
				"type": "String"
			},
			{
				"name": "CLIENT_DELETION_FLAG",
				"type": "String"
			},
			{
				"name": "CLIENT_ACCNT_GRP",
				"type": "String"
			},
			{
				"name": "CLIENT_ACCNT_GRP_TEXT",
				"type": "String"
			},
			{
				"name": "CLIENT_DGMF_ID",
				"type": "String"
			},
			{
				"name": "CLIENT_INDEP_STATUS",
				"type": "String"
			},
			{
				"name": "CLIENT_ADDRESS",
				"type": "String"
			},
			{
				"name": "CLIENT_CITY",
				"type": "String"
			},
			{
				"name": "CLIENT_STATE",
				"type": "String"
			},
			{
				"name": "CLIENT_COUNTRY",
				"type": "String"
			},
			{
				"name": "CLIENT_COUNTRY_TEXT",
				"type": "String"
			},
			{
				"name": "CLIENT_ZIPCODE",
				"type": "String"
			},
			{
				"name": "CLIENT_REGION",
				"type": "String"
			},
			{
				"name": "CLIENT_REGION_TEXT",
				"type": "String"
			},
			{
				"name": "CLIENT_OFFICE",
				"type": "String"
			},
			{
				"name": "CLIENT_OFFICE_TEXT",
				"type": "String"
			},
			{
				"name": "CLIENT_VENTURE_CLIENT",
				"type": "String"
			},
			{
				"name": "CLIENT_FY_END_DAY",
				"type": "String"
			},
			{
				"name": "CLIENT_DUNS",
				"type": "String"
			},
			{
				"name": "CLIENT_DUNS_TEXT",
				"type": "String"
			}
		],
		"typeProperties": {
			"format": {
				"type": "ParquetFormat"
			},
			"fileName": "client.parquet",
			"folderPath": "/dtus/core/masterdata/client/parquet"
		}
	},
	"type": "Microsoft.DataFactory/factories/datasets"
}