{
	"name": "DS_ADLS_MCE_FACT_CONTACT",
	"properties": {
		"linkedServiceName": {
			"referenceName": "dslabdl",
			"type": "LinkedServiceReference"
		},
		"annotations": [],
		"type": "AzureDataLakeStoreFile",
		"structure": [
			{
				"name": "CONTACT_ID",
				"type": "String"
			},
			{
				"name": "CONTACT_MKT_DEV_ACC_ID",
				"type": "Int64"
			},
			{
				"name": "CONTACT_LAST_UPDATE_DATE",
				"type": "DateTime",
				"format": "yyyy-MM-dd"
			},
			{
				"name": "CONTACT_TOT_AOIS",
				"type": "Decimal"
			},
			{
				"name": "CONTACT_TOT_DBRIEFS_SERIES",
				"type": "Decimal"
			},
			{
				"name": "CONTACT_TOT_SUBSCRIPTIONS",
				"type": "Decimal"
			},
			{
				"name": "CONTACT_NBR_OF_DELOITTE_CONNECTIONS",
				"type": "Decimal"
			},
			{
				"name": "CONTACT_CONNECTED_WITH_DELOITTE_CNT",
				"type": "Int16"
			},
			{
				"name": "CONTACT_ACTIVE_CNT",
				"type": "Int16"
			},
			{
				"name": "CONTACT_C_SUITE_CNT",
				"type": "Int16"
			},
			{
				"name": "CONTACT_C_SUITE_ACTIVE_CNT",
				"type": "Int16"
			},
			{
				"name": "CONTACT_UNIQUE_CNT",
				"type": "Int16"
			},
			{
				"name": "CONTACT_EXECUTIVE_CNT",
				"type": "Int16"
			},
			{
				"name": "CONTACT_EXECUTIVE_ACTIVE_CNT",
				"type": "Int16"
			},
			{
				"name": "CONTACT_MDB_CNT",
				"type": "Int16"
			},
			{
				"name": "CONTACT_TOT_BOARD_MEMBERSHIP",
				"type": "Decimal"
			}
		],
		"typeProperties": {
			"format": {
				"type": "TextFormat",
				"columnDelimiter": ",",
				"rowDelimiter": "",
				"quoteChar": "\"",
				"nullValue": "",
				"treatEmptyAsNull": true,
				"skipLineCount": 0,
				"firstRowAsHeader": true
			},
			"fileName": "fact_contact.csv",
			"folderPath": "/dtus/core/mce/fact_contact/national/csv"
		}
	},
	"type": "Microsoft.DataFactory/factories/datasets"
}