{
	"name": "DS_ADLS_WBS_PRQ",
	"properties": {
		"linkedServiceName": {
			"referenceName": "dslabdl",
			"type": "LinkedServiceReference"
		},
		"annotations": [],
		"type": "AzureDataLakeStoreFile",
		"structure": [
			{
				"name": "WBS",
				"type": "String"
			},
			{
				"name": "WBS_TEXT",
				"type": "String"
			},
			{
				"name": "WBS_LEVEL",
				"type": "Int32"
			},
			{
				"name": "WBS_LEVEL1",
				"type": "String"
			},
			{
				"name": "WBS_LEVEL2",
				"type": "String"
			},
			{
				"name": "WBS_LEVEL3",
				"type": "String"
			},
			{
				"name": "WBS_LEVEL4",
				"type": "String"
			},
			{
				"name": "WBS_LEGACY",
				"type": "String"
			},
			{
				"name": "WBS_MASTER_ENGMT",
				"type": "String"
			},
			{
				"name": "WBS_MASTER_ENGMT_TEXT",
				"type": "String"
			},
			{
				"name": "WBS_CONTRACT_TYPE",
				"type": "String"
			},
			{
				"name": "WBS_CONTRACT_TYPE_TEXT",
				"type": "String"
			},
			{
				"name": "WBS_BILL_TO_CLIENT",
				"type": "String"
			},
			{
				"name": "WBS_END_CLIENT",
				"type": "String"
			},
			{
				"name": "WBS_BUS_IMPERATIVE_CODE",
				"type": "String"
			},
			{
				"name": "WBS_BUS_IMPERATIVE_CODE_TEXT",
				"type": "String"
			},
			{
				"name": "WBS_BIC_IP_FLG",
				"type": "Int32"
			},
			{
				"name": "WBS_CLIENT_NONCLIENT_IND",
				"type": "String"
			},
			{
				"name": "WBS_CLIENT_NONCLIENT_IND_TEXT",
				"type": "String"
			},
			{
				"name": "WBS_CREATED_ON",
				"type": "DateTime",
				"format": "yyyy-MM-dd"
			},
			{
				"name": "WBS_CLOSED_DATE",
				"type": "DateTime",
				"format": "yyyy-MM-dd"
			},
			{
				"name": "WBS_COMPANY_CODE",
				"type": "String"
			},
			{
				"name": "WBS_COMPANY_CODE_TEXT",
				"type": "String"
			},
			{
				"name": "WBS_CONTINGENCY_FEE_FLAG",
				"type": "String"
			},
			{
				"name": "WBS_LEVEL2_CONTINGENCY_FEE_FLAG",
				"type": "String"
			},
			{
				"name": "WBS_CONTROLLING_AREA",
				"type": "String"
			},
			{
				"name": "WBS_PROFIT_CENTER",
				"type": "String"
			},
			{
				"name": "WBS_PROFIT_CENTER_SHORT_TEXT",
				"type": "String"
			},
			{
				"name": "WBS_PROFIT_CENTER_MED_TEXT",
				"type": "String"
			},
			{
				"name": "WBS_PC_COMPANY_CODE",
				"type": "String"
			},
			{
				"name": "WBS_PC_COMPANY_CODE_TEXT",
				"type": "String"
			},
			{
				"name": "WBS_PC_REGION",
				"type": "String"
			},
			{
				"name": "WBS_PC_REGION_TEXT",
				"type": "String"
			},
			{
				"name": "WBS_PC_REGION_SHORT_TEXT",
				"type": "String"
			},
			{
				"name": "WBS_PC_BUSINESS",
				"type": "String"
			},
			{
				"name": "WBS_PC_BUSINESS_TEXT",
				"type": "String"
			},
			{
				"name": "WBS_PC_BUSINESS_AREA",
				"type": "String"
			},
			{
				"name": "WBS_PC_BUSINESS_AREA_TEXT",
				"type": "String"
			},
			{
				"name": "WBS_PC_BUSINESS_LINE",
				"type": "String"
			},
			{
				"name": "WBS_PC_BUSINESS_LINE_TEXT",
				"type": "String"
			},
			{
				"name": "WBS_PC_BUSINESS_SUB_LINE",
				"type": "String"
			},
			{
				"name": "WBS_PC_BUSINESS_SUB_LINE_TEXT",
				"type": "String"
			},
			{
				"name": "WBS_PC_BUS_UNIT_REGION",
				"type": "String"
			},
			{
				"name": "WBS_PC_BUSINESS_REP_GRP_TEXT",
				"type": "String"
			},
			{
				"name": "WBS_PC_OFFICE",
				"type": "String"
			},
			{
				"name": "WBS_PC_OFFICE_TEXT",
				"type": "String"
			},
			{
				"name": "WBS_PC_ADDITIONAL_GEOGRAPHY",
				"type": "String"
			},
			{
				"name": "WBS_PC_ADDITIONAL_GEOGRAPHY_TEXT",
				"type": "String"
			},
			{
				"name": "WBS_CURRENT_DISCOUNT",
				"type": "Decimal"
			},
			{
				"name": "WBS_IMO",
				"type": "String"
			},
			{
				"name": "WBS_IMO_TEXT",
				"type": "String"
			},
			{
				"name": "WBS_INTERNAL_NUM",
				"type": "String"
			},
			{
				"name": "WBS_INV_HEADER",
				"type": "String"
			},
			{
				"name": "WBS_INV_HEADER_TEXT",
				"type": "String"
			},
			{
				"name": "WBS_INV_TYPE",
				"type": "String"
			},
			{
				"name": "WBS_INV_TYPE_TEXT",
				"type": "String"
			},
			{
				"name": "WBS_INV_TO_DTT",
				"type": "String"
			},
			{
				"name": "WBS_INV_MEDIUM",
				"type": "String"
			},
			{
				"name": "WBS_OBJECT_NBR",
				"type": "String"
			},
			{
				"name": "WBS_OPPORTUNITY_NBR",
				"type": "String"
			},
			{
				"name": "WBS_PRI_BILLTO_CONTACT",
				"type": "String"
			},
			{
				"name": "WBS_PRI_BILLTO_CONTACT_TEXT",
				"type": "String"
			},
			{
				"name": "WBS_ENGMT_DEF",
				"type": "String"
			},
			{
				"name": "WBS_ENGMT_DEF_TEXT",
				"type": "String"
			},
			{
				"name": "WBS_ENGMT_TYPE_GROUP",
				"type": "String"
			},
			{
				"name": "WBS_ENGMT_TYPE_GROUP_TEXT",
				"type": "String"
			},
			{
				"name": "WBS_ENGMT_TYPE",
				"type": "String"
			},
			{
				"name": "WBS_ENGMT_TYPE_TEXT",
				"type": "String"
			},
			{
				"name": "WBS_ENGMT_SUBTYPE",
				"type": "String"
			},
			{
				"name": "WBS_ENGMT_SUBTYPE_TEXT",
				"type": "String"
			},
			{
				"name": "WBS_ENGMT_CLIENT_PRD_TYPE",
				"type": "String"
			},
			{
				"name": "WBS_RATE_TYPE",
				"type": "String"
			},
			{
				"name": "WBS_RATE_TYPE_TEXT",
				"type": "String"
			},
			{
				"name": "WBS_INDIA_RATE_TYPE",
				"type": "String"
			},
			{
				"name": "WBS_INDIA_RATE_TYPE_TEXT",
				"type": "String"
			},
			{
				"name": "WBS_RECURRING_FLAG",
				"type": "String"
			},
			{
				"name": "WBS_SECTOR_MO_CODE",
				"type": "String"
			},
			{
				"name": "WBS_SECTOR_MO_TEXT",
				"type": "String"
			},
			{
				"name": "WBS_STATUS_ID",
				"type": "String"
			},
			{
				"name": "WBS_STATUS_SHORT_TEXT",
				"type": "String"
			},
			{
				"name": "WBS_STATUS_MED_TEXT",
				"type": "String"
			},
			{
				"name": "WBS_STATE",
				"type": "String"
			},
			{
				"name": "WBS_SYS_STATUS",
				"type": "String"
			},
			{
				"name": "WBS_SYS_STATUS_TEXT",
				"type": "String"
			},
			{
				"name": "WBS_USER_STATUS",
				"type": "String"
			},
			{
				"name": "WBS_USER_STATUS_TEXT",
				"type": "String"
			},
			{
				"name": "WBS_PREFIX",
				"type": "String"
			},
			{
				"name": "WBS_VBB_TYPE",
				"type": "String"
			},
			{
				"name": "WBS_NONBILL_IND",
				"type": "String"
			},
			{
				"name": "MO",
				"type": "String"
			},
			{
				"name": "MO_TEXT",
				"type": "String"
			},
			{
				"name": "MO_CATEGORY",
				"type": "String"
			},
			{
				"name": "MO_CATEGORY_TEXT",
				"type": "String"
			},
			{
				"name": "ADV_MO_GROUP_TEXT",
				"type": "String"
			},
			{
				"name": "ADV_MO_SUB_SOLUTION_TEXT",
				"type": "String"
			},
			{
				"name": "ADV_MO_SOLUTION_TEXT",
				"type": "String"
			},
			{
				"name": "ADV_MO_SUB_CATEGORY_TEXT",
				"type": "String"
			},
			{
				"name": "ADV_MO_CATEGORY_TEXT",
				"type": "String"
			},
			{
				"name": "MO_SUB_CATEGORY",
				"type": "String"
			},
			{
				"name": "MO_SUB_CATEGORY_TEXT",
				"type": "String"
			},
			{
				"name": "MO_SOLUTION",
				"type": "String"
			},
			{
				"name": "MO_SOLUTION_TEXT",
				"type": "String"
			},
			{
				"name": "MO_SUB_SOLUTION",
				"type": "String"
			},
			{
				"name": "MO_SUB_SOLUTION_TEXT",
				"type": "String"
			},
			{
				"name": "MO_GROUP",
				"type": "String"
			},
			{
				"name": "MO_GROUP_TEXT",
				"type": "String"
			},
			{
				"name": "ADV_MO_TEXT",
				"type": "String"
			},
			{
				"name": "ADV_MO_SOLUTION",
				"type": "String"
			},
			{
				"name": "WBS_LEVEL1_TEXT",
				"type": "String"
			},
			{
				"name": "WBS_LEVEL2_TEXT",
				"type": "String"
			},
			{
				"name": "WBS_LEVEL3_TEXT",
				"type": "String"
			},
			{
				"name": "WBS_LEVEL4_TEXT",
				"type": "String"
			},
			{
				"name": "WBS_LEVEL2_CREATED_ON",
				"type": "DateTime",
				"format": "yyyy-MM-dd"
			},
			{
				"name": "WBS_LEVEL2_CLOSED_DATE",
				"type": "DateTime",
				"format": "yyyy-MM-dd"
			},
			{
				"name": "WBS_LEVEL2_STATUS_ID",
				"type": "String"
			},
			{
				"name": "WBS_LEVEL2_STATUS_SHORT_TEXT",
				"type": "String"
			},
			{
				"name": "WBS_LEVEL2_STATUS_MED_TEXT",
				"type": "String"
			},
			{
				"name": "DPS_CLIENT",
				"type": "String"
			},
			{
				"name": "DPS_CLIENT_TEXT",
				"type": "String"
			},
			{
				"name": "CLIENT_LEGACY",
				"type": "String"
			},
			{
				"name": "DPS_CLIENT_LCSP",
				"type": "String"
			},
			{
				"name": "DPS_CLIENT_LCSP_TEXT",
				"type": "String"
			},
			{
				"name": "DPS_CLIENT_LCSP_STATUS",
				"type": "String"
			},
			{
				"name": "DPS_CLIENT_LCSP_STATUS_TEXT",
				"type": "String"
			},
			{
				"name": "DPS_CLIENT_LBP_AUD",
				"type": "String"
			},
			{
				"name": "DPS_CLIENT_LBP_AUD_TEXT",
				"type": "String"
			},
			{
				"name": "DPS_CLIENT_LBP_AUD_STATUS",
				"type": "String"
			},
			{
				"name": "DPS_CLIENT_LBP_AUD_STATUS_TEXT",
				"type": "String"
			},
			{
				"name": "DPS_CLIENT_LBP_CONS",
				"type": "String"
			},
			{
				"name": "DPS_CLIENT_LBP_CONS_TEXT",
				"type": "String"
			},
			{
				"name": "DPS_CLIENT_LBP_CONS_STATUS",
				"type": "String"
			},
			{
				"name": "DPS_CLIENT_LBP_CONS_STATUS_TEXT",
				"type": "String"
			},
			{
				"name": "DPS_CLIENT_LBP_TAX",
				"type": "String"
			},
			{
				"name": "DPS_CLIENT_LBP_TAX_TEXT",
				"type": "String"
			},
			{
				"name": "DPS_CLIENT_LBP_TAX_STATUS",
				"type": "String"
			},
			{
				"name": "DPS_CLIENT_LBP_TAX_STATUS_TEXT",
				"type": "String"
			},
			{
				"name": "DPS_CLIENT_LBP_ADV",
				"type": "String"
			},
			{
				"name": "DPS_CLIENT_LBP_ADV_TEXT",
				"type": "String"
			},
			{
				"name": "DPS_CLIENT_LBP_ADV_STATUS",
				"type": "String"
			},
			{
				"name": "DPS_CLIENT_LBP_ADV_STATUS_TEXT",
				"type": "String"
			},
			{
				"name": "DPS_CLIENT_LBP_SVCS",
				"type": "String"
			},
			{
				"name": "DPS_CLIENT_LBP_SVCS_TEXT",
				"type": "String"
			},
			{
				"name": "DPS_CLIENT_LBP_SVCS_STATUS",
				"type": "String"
			},
			{
				"name": "DPS_CLIENT_LBP_SVCS_STATUS_TEXT",
				"type": "String"
			},
			{
				"name": "DPS_CLIENT_NAICS",
				"type": "String"
			},
			{
				"name": "DPS_CLIENT_NAICS_TEXT",
				"type": "String"
			},
			{
				"name": "DPS_CLIENT_SIC",
				"type": "String"
			},
			{
				"name": "DPS_CLIENT_SIC_TEXT",
				"type": "String"
			},
			{
				"name": "DPS_CLIENT_INDUSTRY",
				"type": "String"
			},
			{
				"name": "DPS_CLIENT_INDUSTRY_TEXT",
				"type": "String"
			},
			{
				"name": "DPS_CLIENT_SECTOR",
				"type": "String"
			},
			{
				"name": "DPS_CLIENT_SECTOR_TEXT",
				"type": "String"
			},
			{
				"name": "DPS_CLIENT_SUB_SECTOR",
				"type": "String"
			},
			{
				"name": "DPS_CLIENT_SUB_SECTOR_TEXT",
				"type": "String"
			},
			{
				"name": "DPS_CLIENT_SIC4",
				"type": "String"
			},
			{
				"name": "DPS_CLIENT_SIC4_TEXT",
				"type": "String"
			},
			{
				"name": "DPS_CLIENT_ADV_ALT_SIC",
				"type": "String"
			},
			{
				"name": "DPS_CLIENT_ADV_ALT_SIC_TEXT",
				"type": "String"
			},
			{
				"name": "DPS_CLIENT_ADV_ALT_INDUSTRY",
				"type": "String"
			},
			{
				"name": "DPS_CLIENT_ADV_ALT_INDUSTRY_TEXT",
				"type": "String"
			},
			{
				"name": "DPS_CLIENT_ADV_ALT_SECTOR",
				"type": "String"
			},
			{
				"name": "DPS_CLIENT_ADV_ALT_SECTOR_TEXT",
				"type": "String"
			},
			{
				"name": "DPS_CLIENT_ADV_FLAG",
				"type": "String"
			},
			{
				"name": "DPS_CLIENT_CONS_ALT_SIC",
				"type": "String"
			},
			{
				"name": "DPS_CLIENT_CONS_ALT_SIC_TEXT",
				"type": "String"
			},
			{
				"name": "DPS_CLIENT_CONS_ALT_INDUSTRY",
				"type": "String"
			},
			{
				"name": "DPS_CLIENT_CONS_ALT_INDUSTRY_TEXT",
				"type": "String"
			},
			{
				"name": "DPS_CLIENT_CONS_ALT_SECTOR",
				"type": "String"
			},
			{
				"name": "DPS_CLIENT_CONS_ALT_SECTOR_TEXT",
				"type": "String"
			},
			{
				"name": "DPS_CLIENT_CONS_ALT_SUB_SECTOR",
				"type": "String"
			},
			{
				"name": "DPS_CLIENT_CONS_ALT_SUB_SECTOR_TEXT",
				"type": "String"
			},
			{
				"name": "DPS_CLIENT_CONS_CLASSIFICATION",
				"type": "String"
			},
			{
				"name": "DPS_CLIENT_CONS_CLASSIFICATION_TEXT",
				"type": "String"
			},
			{
				"name": "DPS_CLIENT_ATTEST_FLAG",
				"type": "String"
			},
			{
				"name": "DPS_CLIENT_ATTEST_STATUS",
				"type": "String"
			},
			{
				"name": "DPS_CLIENT_ATTEST_STATUS_TEXT",
				"type": "String"
			},
			{
				"name": "DPS_CLIENT_ATTEST_RELATIONSHIP",
				"type": "String"
			},
			{
				"name": "DPS_CLIENT_ATTEST_RELATIONSHIP_TEXT",
				"type": "String"
			},
			{
				"name": "DPS_CLIENT_SEC_FILER",
				"type": "String"
			},
			{
				"name": "DPS_CLIENT_IET",
				"type": "String"
			},
			{
				"name": "DPS_CLIENT_BLOCK_CODE",
				"type": "String"
			},
			{
				"name": "DPS_CLIENT_BLOCK_CODE_TEXT",
				"type": "String"
			},
			{
				"name": "DPS_CLIENT_SUCCESSOR_CLNT",
				"type": "String"
			},
			{
				"name": "DPS_CLIENT_SUCCESSOR_CLNT_TEXT",
				"type": "String"
			},
			{
				"name": "DPS_CLIENT_DELETION_FLAG",
				"type": "String"
			},
			{
				"name": "DPS_CLIENT_ACCNT_GRP",
				"type": "String"
			},
			{
				"name": "DPS_CLIENT_ACCNT_GRP_TEXT",
				"type": "String"
			},
			{
				"name": "DPS_CLIENT_DGMF_ID",
				"type": "String"
			},
			{
				"name": "DPS_CLIENT_INDEP_STATUS",
				"type": "String"
			},
			{
				"name": "DPS_CLIENT_ADDRESS",
				"type": "String"
			},
			{
				"name": "DPS_CLIENT_CITY",
				"type": "String"
			},
			{
				"name": "DPS_CLIENT_STATE",
				"type": "String"
			},
			{
				"name": "DPS_CLIENT_COUNTRY",
				"type": "String"
			},
			{
				"name": "DPS_CLIENT_COUNTRY_TEXT",
				"type": "String"
			},
			{
				"name": "DPS_CLIENT_ZIPCODE",
				"type": "String"
			},
			{
				"name": "DPS_CLIENT_REGION",
				"type": "String"
			},
			{
				"name": "DPS_CLIENT_REGION_TEXT",
				"type": "String"
			},
			{
				"name": "DPS_CLIENT_OFFICE",
				"type": "String"
			},
			{
				"name": "DPS_CLIENT_OFFICE_TEXT",
				"type": "String"
			},
			{
				"name": "DPS_CLIENT_VENTURE_CLIENT",
				"type": "String"
			},
			{
				"name": "DPS_CLIENT_FY_END_DAY",
				"type": "String"
			},
			{
				"name": "DPS_CLIENT_DUNS",
				"type": "String"
			},
			{
				"name": "DPS_CLIENT_DUNS_TEXT",
				"type": "String"
			},
			{
				"name": "PARENT_CLIENT",
				"type": "String"
			},
			{
				"name": "PARENT_CLIENT_TEXT",
				"type": "String"
			},
			{
				"name": "PARENT_CLIENT_LEGACY",
				"type": "String"
			},
			{
				"name": "PARENT_DUNS_NBR",
				"type": "String"
			},
			{
				"name": "PARENT_DUNS_NBR_TEXT",
				"type": "String"
			},
			{
				"name": "PARENT_CLIENT_PROGRAM",
				"type": "String"
			},
			{
				"name": "PARENT_CLIENT_PROGRAM_TEXT",
				"type": "String"
			},
			{
				"name": "PARENT_AUD_PROGRAM",
				"type": "String"
			},
			{
				"name": "PARENT_CONS_PROGRAM",
				"type": "String"
			},
			{
				"name": "PARENT_TAX_PROGRAM",
				"type": "String"
			},
			{
				"name": "PARENT_ADV_PROGRAM",
				"type": "String"
			},
			{
				"name": "PARENT_GLOBAL_PORTFOLIO",
				"type": "String"
			},
			{
				"name": "PARENT_DGES",
				"type": "String"
			},
			{
				"name": "PARENT_DGES_TEXT",
				"type": "String"
			},
			{
				"name": "PARENT_AUD_PRIORITY",
				"type": "String"
			},
			{
				"name": "PARENT_CONS_PRIORITY",
				"type": "String"
			},
			{
				"name": "PARENT_TAX_PRIORITY",
				"type": "String"
			},
			{
				"name": "PARENT_ADV_PRIORITY",
				"type": "String"
			},
			{
				"name": "PARENT_PRIORITY_R",
				"type": "String"
			},
			{
				"name": "PARENT_FEDERAL_FLAG",
				"type": "String"
			},
			{
				"name": "PARENT_COMPANY_TYPE",
				"type": "String"
			},
			{
				"name": "PARENT_COMPANY_TYPE_TEXT",
				"type": "String"
			},
			{
				"name": "PARENT_NAICS",
				"type": "String"
			},
			{
				"name": "PARENT_NAICS_TEXT",
				"type": "String"
			},
			{
				"name": "PARENT_SIC",
				"type": "String"
			},
			{
				"name": "PARENT_SIC_TEXT",
				"type": "String"
			},
			{
				"name": "PARENT_INDUSTRY",
				"type": "String"
			},
			{
				"name": "PARENT_INDUSTRY_TEXT",
				"type": "String"
			},
			{
				"name": "PARENT_INDUSTRY_REP_GRP",
				"type": "String"
			},
			{
				"name": "PARENT_SECTOR",
				"type": "String"
			},
			{
				"name": "PARENT_SECTOR_TEXT",
				"type": "String"
			},
			{
				"name": "PARENT_SUB_SECTOR",
				"type": "String"
			},
			{
				"name": "PARENT_SUB_SECTOR_TEXT",
				"type": "String"
			},
			{
				"name": "PARENT_CITY",
				"type": "String"
			},
			{
				"name": "PARENT_STATE",
				"type": "String"
			},
			{
				"name": "PARENT_REGION",
				"type": "String"
			},
			{
				"name": "PARENT_REGION_TEXT",
				"type": "String"
			},
			{
				"name": "PARENT_OFFICE",
				"type": "String"
			},
			{
				"name": "PARENT_OFFICE_TEXT",
				"type": "String"
			},
			{
				"name": "PARENT_OFFICE_GROUP",
				"type": "String"
			},
			{
				"name": "PARENT_OFFICE_GROUP_TEXT",
				"type": "String"
			},
			{
				"name": "PARENT_ATTEST_FLAG",
				"type": "String"
			},
			{
				"name": "PARENT_ATTEST_STATUS",
				"type": "String"
			},
			{
				"name": "PARENT_ATTEST_STATUS_TEXT",
				"type": "String"
			},
			{
				"name": "PARENT_ATTEST_RELATIONSHIP",
				"type": "String"
			},
			{
				"name": "PARENT_ATTEST_RELATIONSHIP_TEXT",
				"type": "String"
			},
			{
				"name": "PARENT_MARKET_SIZE",
				"type": "String"
			},
			{
				"name": "PARENT_LCSP",
				"type": "String"
			},
			{
				"name": "PARENT_LCSP_TEXT",
				"type": "String"
			},
			{
				"name": "PARENT_LCSP_STATUS",
				"type": "String"
			},
			{
				"name": "PARENT_LCSP_STATUS_TEXT",
				"type": "String"
			},
			{
				"name": "PARENT_LBP_AUD",
				"type": "String"
			},
			{
				"name": "PARENT_LBP_AUD_TEXT",
				"type": "String"
			},
			{
				"name": "PARENT_LBP_AUD_STATUS",
				"type": "String"
			},
			{
				"name": "PARENT_LBP_AUD_STATUS_TEXT",
				"type": "String"
			},
			{
				"name": "PARENT_LBP_AUD_TYPE",
				"type": "String"
			},
			{
				"name": "PARENT_LBP_CONS",
				"type": "String"
			},
			{
				"name": "PARENT_LBP_CONS_TEXT",
				"type": "String"
			},
			{
				"name": "PARENT_LBP_CONS_STATUS",
				"type": "String"
			},
			{
				"name": "PARENT_LBP_CONS_STATUS_TEXT",
				"type": "String"
			},
			{
				"name": "PARENT_LBP_CONS_TYPE",
				"type": "String"
			},
			{
				"name": "PARENT_LBP_TAX",
				"type": "String"
			},
			{
				"name": "PARENT_LBP_TAX_TEXT",
				"type": "String"
			},
			{
				"name": "PARENT_LBP_TAX_STATUS",
				"type": "String"
			},
			{
				"name": "PARENT_LBP_TAX_STATUS_TEXT",
				"type": "String"
			},
			{
				"name": "PARENT_LBP_TAX_TYPE",
				"type": "String"
			},
			{
				"name": "PARENT_LBP_ADV",
				"type": "String"
			},
			{
				"name": "PARENT_LBP_ADV_TEXT",
				"type": "String"
			},
			{
				"name": "PARENT_LBP_ADV_STATUS",
				"type": "String"
			},
			{
				"name": "PARENT_LBP_ADV_STATUS_TEXT",
				"type": "String"
			},
			{
				"name": "PARENT_LBP_ADV_TYPE",
				"type": "String"
			},
			{
				"name": "PARENT_LBP_ADV_TYPE_TEXT",
				"type": "String"
			},
			{
				"name": "PARENT_FORTUNE1000_RANK",
				"type": "String"
			},
			{
				"name": "PARENT_FORBES_PRIVATE_RANK",
				"type": "String"
			},
			{
				"name": "ENGMT_PRTNR",
				"type": "String"
			},
			{
				"name": "ENGMT_PRTNR_TEXT",
				"type": "String"
			},
			{
				"name": "ENGMT_PRTNR_EMP_STATUS",
				"type": "String"
			},
			{
				"name": "ENGMT_PRTNR_EMP_STATUS_TEXT",
				"type": "String"
			},
			{
				"name": "ENGMT_PRTNR_PERS_SAREA",
				"type": "String"
			},
			{
				"name": "ENGMT_PRTNR_PERS_SAREA_TEXT",
				"type": "String"
			},
			{
				"name": "ENGMT_PRTNR_PRIM_MO",
				"type": "String"
			},
			{
				"name": "ENGMT_PRTNR_PRIM_MO_TEXT",
				"type": "String"
			},
			{
				"name": "ENGMT_PRTNR_SEC_MO",
				"type": "String"
			},
			{
				"name": "ENGMT_PRTNR_SEC_MO_TEXT",
				"type": "String"
			},
			{
				"name": "ENGMT_PRTNR_PRIM_IND",
				"type": "String"
			},
			{
				"name": "ENGMT_PRTNR_PRIM_IND_TEXT",
				"type": "String"
			},
			{
				"name": "ENGMT_PRTNR_CONTROLLING_AREA",
				"type": "String"
			},
			{
				"name": "ENGMT_PRTNR_PROFIT_CENTER",
				"type": "String"
			},
			{
				"name": "ENGMT_PRTNR_PROFIT_CENTER_SHORT_TEXT",
				"type": "String"
			},
			{
				"name": "ENGMT_PRTNR_PROFIT_CENTER_MED_TEXT",
				"type": "String"
			},
			{
				"name": "ENGMT_PRTNR_PC_REGION",
				"type": "String"
			},
			{
				"name": "ENGMT_PRTNR_PC_REGION_SHORT_TEXT",
				"type": "String"
			},
			{
				"name": "ENGMT_PRTNR_PC_REGION_TEXT",
				"type": "String"
			},
			{
				"name": "ENGMT_PRTNR_PC_COMPANY_CODE",
				"type": "String"
			},
			{
				"name": "ENGMT_PRTNR_PC_COMPANY_CODE_TEXT",
				"type": "String"
			},
			{
				"name": "ENGMT_PRTNR_PC_BUSINESS",
				"type": "String"
			},
			{
				"name": "ENGMT_PRTNR_PC_BUSINESS_TEXT",
				"type": "String"
			},
			{
				"name": "ENGMT_PRTNR_PC_BUSINESS_AREA",
				"type": "String"
			},
			{
				"name": "ENGMT_PRTNR_PC_BUSINESS_AREA_TEXT",
				"type": "String"
			},
			{
				"name": "ENGMT_PRTNR_PC_BUSINESS_LINE",
				"type": "String"
			},
			{
				"name": "ENGMT_PRTNR_PC_BUSINESS_LINE_TEXT",
				"type": "String"
			},
			{
				"name": "ENGMT_PRTNR_PC_BUSINESS_SUB_LINE",
				"type": "String"
			},
			{
				"name": "ENGMT_PRTNR_PC_BUSINESS_SUB_LINE_TEXT",
				"type": "String"
			},
			{
				"name": "ENGMT_PRTNR_PC_OFFICE",
				"type": "String"
			},
			{
				"name": "ENGMT_PRTNR_PC_OFFICE_TEXT",
				"type": "String"
			},
			{
				"name": "ENGMT_PRTNR_PC_BUSINESS_REP_GRP_TEXT",
				"type": "String"
			},
			{
				"name": "ENGMT_PRTNR_PC_ADDITIONAL_GEOGRAPHY",
				"type": "String"
			},
			{
				"name": "ENGMT_PRTNR_PC_ADDITIONAL_GEOGRAPHY_TEXT",
				"type": "String"
			},
			{
				"name": "ENGMT_PRTNR_EMAIL_ADDRESS",
				"type": "String"
			},
			{
				"name": "ENGMT_PRTNR_PRIMARY_SECTOR_CODE",
				"type": "String"
			},
			{
				"name": "ENGMT_PRTNR_PRIMARY_SECTOR_TEXT",
				"type": "String"
			},
			{
				"name": "ENGMT_MGR",
				"type": "String"
			},
			{
				"name": "ENGMT_MGR_TEXT",
				"type": "String"
			},
			{
				"name": "ENGMT_MGR_CONTROLLING_AREA",
				"type": "String"
			},
			{
				"name": "ENGMT_MGR_PROFIT_CENTER",
				"type": "String"
			},
			{
				"name": "ENGMT_MGR_PROFIT_CENTER_SHORT_TEXT",
				"type": "String"
			},
			{
				"name": "ENGMT_MGR_PROFIT_CENTER_MED_TEXT",
				"type": "String"
			},
			{
				"name": "ENGMT_MGR_PRIM_MO",
				"type": "String"
			},
			{
				"name": "ENGMT_MGR_PRIM_MO_TEXT",
				"type": "String"
			},
			{
				"name": "ENGMT_MGR_SEC_MO",
				"type": "String"
			},
			{
				"name": "ENGMT_MGR_SEC_MO_TEXT",
				"type": "String"
			},
			{
				"name": "ENGMT_MGR_PC_BUSINESS",
				"type": "String"
			},
			{
				"name": "ENGMT_MGR_PC_BUSINESS_TEXT",
				"type": "String"
			},
			{
				"name": "ENGMT_MGR_PC_BUSINESS_AREA",
				"type": "String"
			},
			{
				"name": "ENGMT_MGR_PC_BUSINESS_AREA_TEXT",
				"type": "String"
			},
			{
				"name": "ENGMT_MGR_PC_BUSINESS_LINE",
				"type": "String"
			},
			{
				"name": "ENGMT_MGR_PC_BUSINESS_LINE_TEXT",
				"type": "String"
			},
			{
				"name": "ENGMT_MGR_PC_BUSINESS_SUB_LINE",
				"type": "String"
			},
			{
				"name": "ENGMT_MGR_PC_BUSINESS_SUB_LINE_TEXT",
				"type": "String"
			},
			{
				"name": "ENGMT_MGR_PC_BUSINESS_REP_GRP_TEXT",
				"type": "String"
			},
			{
				"name": "ENGMT_MGR_EMAIL_ADDRESS",
				"type": "String"
			},
			{
				"name": "ENGMT_CTRL",
				"type": "String"
			},
			{
				"name": "ENGMT_CTRL_TEXT",
				"type": "String"
			},
			{
				"name": "BILL_PRTNR",
				"type": "String"
			},
			{
				"name": "BILL_PRTNR_TEXT",
				"type": "String"
			},
			{
				"name": "BILL_PRTNR_EMP_STATUS",
				"type": "String"
			},
			{
				"name": "BILL_PRTNR_EMP_STATUS_TEXT",
				"type": "String"
			},
			{
				"name": "BILL_PRTNR_PERS_SAREA",
				"type": "String"
			},
			{
				"name": "BILL_PRTNR_PERS_SAREA_TEXT",
				"type": "String"
			},
			{
				"name": "BILL_PRTNR_PRIM_MO",
				"type": "String"
			},
			{
				"name": "BILL_PRTNR_PRIM_MO_TEXT",
				"type": "String"
			},
			{
				"name": "BILL_PRTNR_SEC_MO",
				"type": "String"
			},
			{
				"name": "BILL_PRTNR_SEC_MO_TEXT",
				"type": "String"
			},
			{
				"name": "BILL_PRTNR_PRIM_IND",
				"type": "String"
			},
			{
				"name": "BILL_PRTNR_PRIM_IND_TEXT",
				"type": "String"
			},
			{
				"name": "BILL_PRTNR_CONTROLLING_AREA",
				"type": "String"
			},
			{
				"name": "BILL_PRTNR_PROFIT_CENTER",
				"type": "String"
			},
			{
				"name": "BILL_PRTNR_PROFIT_CENTER_SHORT_TEXT",
				"type": "String"
			},
			{
				"name": "BILL_PRTNR_PROFIT_CENTER_MED_TEXT",
				"type": "String"
			},
			{
				"name": "BILL_PRTNR_PC_REGION",
				"type": "String"
			},
			{
				"name": "BILL_PRTNR_PC_REGION_SHORT_TEXT",
				"type": "String"
			},
			{
				"name": "BILL_PRTNR_PC_REGION_TEXT",
				"type": "String"
			},
			{
				"name": "BILL_PRTNR_PC_COMPANY_CODE",
				"type": "String"
			},
			{
				"name": "BILL_PRTNR_PC_COMPANY_CODE_TEXT",
				"type": "String"
			},
			{
				"name": "BILL_PRTNR_PC_BUSINESS",
				"type": "String"
			},
			{
				"name": "BILL_PRTNR_PC_BUSINESS_TEXT",
				"type": "String"
			},
			{
				"name": "BILL_PRTNR_PC_BUSINESS_AREA",
				"type": "String"
			},
			{
				"name": "BILL_PRTNR_PC_BUSINESS_AREA_TEXT",
				"type": "String"
			},
			{
				"name": "BILL_PRTNR_PC_BUSINESS_LINE",
				"type": "String"
			},
			{
				"name": "BILL_PRTNR_PC_BUSINESS_LINE_TEXT",
				"type": "String"
			},
			{
				"name": "BILL_PRTNR_PC_BUSINESS_SUB_LINE",
				"type": "String"
			},
			{
				"name": "BILL_PRTNR_PC_BUSINESS_SUB_LINE_TEXT",
				"type": "String"
			},
			{
				"name": "BILL_PRTNR_PC_OFFICE",
				"type": "String"
			},
			{
				"name": "BILL_PRTNR_PC_OFFICE_TEXT",
				"type": "String"
			},
			{
				"name": "BILL_PRTNR_PC_BUSINESS_REP_GRP_TEXT",
				"type": "String"
			},
			{
				"name": "BILL_PRTNR_PC_ADDITIONAL_GEOGRAPHY",
				"type": "String"
			},
			{
				"name": "BILL_PRTNR_PC_ADDITIONAL_GEOGRAPHY_TEXT",
				"type": "String"
			},
			{
				"name": "BILL_PRTNR_PC_USI_IND",
				"type": "String"
			},
			{
				"name": "BILL_PRTNR_PC_FEDERAL",
				"type": "String"
			},
			{
				"name": "BILL_PRTNR_PC_FEDERAL_TEXT",
				"type": "String"
			},
			{
				"name": "BILL_PRTNR_EMAIL_ADDRESS",
				"type": "String"
			},
			{
				"name": "BILL_MGR",
				"type": "String"
			},
			{
				"name": "BILL_MGR_TEXT",
				"type": "String"
			},
			{
				"name": "BILL_MGR_PRIM_MO",
				"type": "String"
			},
			{
				"name": "BILL_MGR_PRIM_MO_TEXT",
				"type": "String"
			},
			{
				"name": "BILL_MGR_SEC_MO",
				"type": "String"
			},
			{
				"name": "BILL_MGR_SEC_MO_TEXT",
				"type": "String"
			},
			{
				"name": "BILL_MGR_CONTROLLING_AREA",
				"type": "String"
			},
			{
				"name": "BILL_MGR_PROFIT_CENTER",
				"type": "String"
			},
			{
				"name": "BILL_MGR_PROFIT_CENTER_SHORT_TEXT",
				"type": "String"
			},
			{
				"name": "BILL_MGR_PROFIT_CENTER_MED_TEXT",
				"type": "String"
			},
			{
				"name": "BILL_MGR_PC_BUSINESS",
				"type": "String"
			},
			{
				"name": "BILL_MGR_PC_BUSINESS_TEXT",
				"type": "String"
			},
			{
				"name": "BILL_MGR_PC_BUSINESS_AREA",
				"type": "String"
			},
			{
				"name": "BILL_MGR_PC_BUSINESS_AREA_TEXT",
				"type": "String"
			},
			{
				"name": "BILL_MGR_PC_BUSINESS_LINE",
				"type": "String"
			},
			{
				"name": "BILL_MGR_PC_BUSINESS_LINE_TEXT",
				"type": "String"
			},
			{
				"name": "BILL_MGR_PC_BUSINESS_SUB_LINE",
				"type": "String"
			},
			{
				"name": "BILL_MGR_PC_BUSINESS_SUB_LINE_TEXT",
				"type": "String"
			},
			{
				"name": "BILL_MGR_PC_BUSINESS_REP_GRP_TEXT",
				"type": "String"
			},
			{
				"name": "BILL_MGR_EMAIL_ADDRESS",
				"type": "String"
			},
			{
				"name": "WBS_PC_LEADER",
				"type": "String"
			},
			{
				"name": "WBS_PC_LEADER_TEXT",
				"type": "String"
			},
			{
				"name": "WBS_PC_LEADER_PC_REGION",
				"type": "String"
			},
			{
				"name": "WBS_PC_LEADER_PC_REGION_TEXT",
				"type": "String"
			},
			{
				"name": "WBS_PC_LEADER_PC_BUSINESS",
				"type": "String"
			},
			{
				"name": "WBS_PC_LEADER_PC_BUSINESS_TEXT",
				"type": "String"
			},
			{
				"name": "WBS_PC_LEADER_PC_BUSINESS_AREA",
				"type": "String"
			},
			{
				"name": "WBS_PC_LEADER_PC_BUSINESS_AREA_TEXT",
				"type": "String"
			},
			{
				"name": "WBS_PC_LEADER_PC_BUSINESS_LINE",
				"type": "String"
			},
			{
				"name": "WBS_PC_LEADER_PC_BUSINESS_LINE_TEXT",
				"type": "String"
			},
			{
				"name": "WBS_PC_LEADER_PC_BUSINESS_SUB_LINE",
				"type": "String"
			},
			{
				"name": "WBS_PC_LEADER_PC_BUSINESS_SUB_LINE_TEXT",
				"type": "String"
			},
			{
				"name": "WBS_PC_LEADER_PC_BUS_UNIT_REGION",
				"type": "String"
			},
			{
				"name": "WBS_PC_LEADER_PC_BUSINESS_REP_GRP_TEXT",
				"type": "String"
			},
			{
				"name": "WBS_PC_LEADER_EMAIL_ADDRESS",
				"type": "String"
			},
			{
				"name": "SR_STAFF",
				"type": "String"
			},
			{
				"name": "SR_STAFF_TEXT",
				"type": "String"
			},
			{
				"name": "SR_STAFF_EMAIL_ADDRESS",
				"type": "String"
			},
			{
				"name": "FIN_ANALYST",
				"type": "String"
			},
			{
				"name": "FIN_ANALYST_TEXT",
				"type": "String"
			},
			{
				"name": "FIN_ANALYST_EMAIL_ADDRESS",
				"type": "String"
			},
			{
				"name": "BILL_PRTNR_GE_PERS_NBR",
				"type": "String"
			},
			{
				"name": "BILL_MGR_GE_PERS_NBR",
				"type": "String"
			},
			{
				"name": "ENGMT_PRTNR_GE_PERS_NBR",
				"type": "String"
			},
			{
				"name": "ENGMT_MGR_GE_PERS_NBR",
				"type": "String"
			}
		],
		"typeProperties": {
			"format": {
				"type": "ParquetFormat"
			},
			"fileName": "wbs.parquet",
			"folderPath": "/dtus/core/masterdata/wbs/parquet"
		}
	},
	"type": "Microsoft.DataFactory/factories/datasets"
}