{
	"name": "DS_ADLS_MCE_COLLEAGUE_REL",
	"properties": {
		"linkedServiceName": {
			"referenceName": "dslabdl",
			"type": "LinkedServiceReference"
		},
		"annotations": [],
		"type": "AzureDataLakeStoreFile",
		"structure": [
			{
				"name": "DELOITTE_ID",
				"type": "String"
			},
			{
				"name": "FAMILY_NAME",
				"type": "String"
			},
			{
				"name": "GIVEN_NAME",
				"type": "String"
			},
			{
				"name": "RCM_ID",
				"type": "Int32"
			},
			{
				"name": "SOURCE_CONTACT_ID",
				"type": "String"
			},
			{
				"name": "EMP_GBL_PERS_NBR",
				"type": "String"
			},
			{
				"name": "RELATIONSHIP_STRENGTH",
				"type": "Double"
			},
			{
				"name": "SOURCE_LAST_MODIFICATION_TIME",
				"type": "DateTime",
				"format": "yyyy-MM-dd hh:mm:ss"
			}
		],
		"typeProperties": {
			"format": {
				"type": "TextFormat",
				"columnDelimiter": ",",
				"rowDelimiter": "",
				"quoteChar": "\"",
				"nullValue": "",
				"treatEmptyAsNull": true,
				"skipLineCount": 0,
				"firstRowAsHeader": true
			},
			"fileName": "colleague_rel.csv",
			"folderPath": "/dtus/core/mce/colleague_rel/national/csv"
		}
	},
	"type": "Microsoft.DataFactory/factories/datasets"
}