{
	"name": "DS_ADLS_RM_TAX_APPLICANT",
	"properties": {
		"linkedServiceName": {
			"referenceName": "dslabdl",
			"type": "LinkedServiceReference"
		},
		"parameters": {
			"filePath": {
				"type": "String",
				"defaultValue": "/dtus/core/stafftrak_tax/applicant/national/csv"
			},
			"fileName": {
				"type": "String",
				"defaultValue": "applicant.csv"
			}
		},
		"annotations": [],
		"type": "AzureDataLakeStoreFile",
		"structure": [
			{
				"name": "APP_RESOURCE_ID",
				"type": "Decimal"
			},
			{
				"name": "APP_REQUEST_ID",
				"type": "Int"
			},
			{
				"name": "APP_STATUS_ID",
				"type": "Int"
			},
			{
				"name": "APP_PROJECT_START",
				"type": "String"
			},
			{
				"name": "APP_PROJECT_END",
				"type": "String"
			},
			{
				"name": "APP_DATE",
				"type": "DateTime",
				"format": "yyyy-MM-dd"
			},
			{
				"name": "APP_STATUS_DATE",
				"type": "DateTime",
				"format": "yyyy-MM-dd"
			},
			{
				"name": "APP_DECLINED_REASON_ID",
				"type": "Int"
			},
			{
				"name": "APP_DECLINED_REASON_TEXT",
				"type": "String"
			},
			{
				"name": "APP_REQUEST_TYPE",
				"type": "Int"
			},
			{
				"name": "APP_REQUEST_STEPS_ID",
				"type": "Int"
			}
		],
		"typeProperties": {
			"format": {
				"type": "TextFormat",
				"columnDelimiter": ",",
				"rowDelimiter": "",
				"quoteChar": "\"",
				"nullValue": "",
				"treatEmptyAsNull": true,
				"skipLineCount": 0,
				"firstRowAsHeader": true
			},
			"fileName": {
				"value": "@dataset().fileName",
				"type": "Expression"
			},
			"folderPath": {
				"value": "@dataset().filePath",
				"type": "Expression"
			}
		}
	},
	"type": "Microsoft.DataFactory/factories/datasets"
}