{
	"name": "DS_ADLS_STAFFIT_REQUEST_HOURS_DETAILED",
	"properties": {
		"linkedServiceName": {
			"referenceName": "dslabdl",
			"type": "LinkedServiceReference"
		},
		"parameters": {
			"filePath": {
				"type": "String",
				"defaultValue": "/dtus/core/staffit/request_hours_detailed/national/csv"
			},
			"fileName": {
				"type": "String",
				"defaultValue": "request_hours_detailed.csv"
			}
		},
		"annotations": [],
		"type": "AzureDataLakeStoreFile",
		"structure": [
			{
				"name": "DEMAND",
				"type": "String"
			},
			{
				"name": "ROLE",
				"type": "String"
			},
			{
				"name": "CALENDAR_DATE",
				"type": "DateTime",
				"format": "yyyy-MM-dd"
			},
			{
				"name": "CALENDAR_YEAR",
				"type": "Int"
			},
			{
				"name": "CALENDAR_WEEK_START_DATE",
				"type": "DateTime",
				"format": "yyyy-MM-dd"
			},
			{
				"name": "CALENDAR_WEEK_END_DATE",
				"type": "DateTime",
				"format": "yyyy-MM-dd"
			},
			{
				"name": "CALENDAR_MONTH_TEXT",
				"type": "String"
			},
			{
				"name": "FISCAL_YEAR",
				"type": "Int"
			},
			{
				"name": "FISCAL_YEAR_PERIOD",
				"type": "Int"
			},
			{
				"name": "FISCAL_PERIOD",
				"type": "Int"
			},
			{
				"name": "FISCAL_WEEK",
				"type": "Int"
			},
			{
				"name": "PRICING_HRS",
				"type": "Decimal"
			},
			{
				"name": "LAST_LOAD_TIMESTAMP",
				"type": "DateTime",
				"format": "yyyy-MM-dd"
			}
		],
		"typeProperties": {
			"format": {
				"type": "TextFormat",
				"columnDelimiter": ",",
				"rowDelimiter": "",
				"quoteChar": "\"",
				"nullValue": "",
				"treatEmptyAsNull": true,
				"skipLineCount": 0,
				"firstRowAsHeader": true
			},
			"fileName": {
				"value": "@dataset().fileName",
				"type": "Expression"
			},
			"folderPath": {
				"value": "@dataset().filePath",
				"type": "Expression"
			}
		}
	},
	"type": "Microsoft.DataFactory/factories/datasets"
}