{
	"name": "DS_ADLS_TALENT_METADATA",
	"properties": {
		"description": "Data Lake Store for Resumes",
		"linkedServiceName": {
			"referenceName": "dslabdl",
			"type": "LinkedServiceReference"
		},
		"parameters": {
			"filepath": {
				"type": "string",
				"defaultValue": "/dtus/core/talentresume/Metadata"
			}
		},
		"annotations": [],
		"type": "AzureDataLakeStoreFile",
		"typeProperties": {
			"fileName": "",
			"folderPath": "/dtus/core/talentresume/Metadata"
		}
	},
	"type": "Microsoft.DataFactory/factories/datasets"
}