{
	"name": "DS_ADLS_DOCUMENT_TYPE_PRQ",
	"properties": {
		"linkedServiceName": {
			"referenceName": "dslabdl",
			"type": "LinkedServiceReference"
		},
		"annotations": [],
		"type": "AzureDataLakeStoreFile",
		"structure": [
			{
				"name": "DOCUMENT_TYPE",
				"type": "String"
			},
			{
				"name": "DOCUMENT_TYPE_TEXT",
				"type": "String"
			}
		],
		"typeProperties": {
			"format": {
				"type": "ParquetFormat"
			},
			"fileName": "document_type.parquet",
			"folderPath": "/dtus/core/masterdata/texts/parquet"
		}
	},
	"type": "Microsoft.DataFactory/factories/datasets"
}