{
	"name": "DS_ADLS_DTE_RECEIPT_RECON",
	"properties": {
		"linkedServiceName": {
			"referenceName": "dslabdl",
			"type": "LinkedServiceReference"
		},
		"annotations": [],
		"type": "AzureDataLakeStoreFile",
		"structure": [
			{
				"name": "Description",
				"type": "String"
			},
			{
				"name": "RecordCount",
				"type": "int32"
			},
			{
				"name": "RECEIPT_AMOUNT",
				"type": "Decimal"
			},
			{
				"name": "EXPENSE_AMOUNT",
				"type": "Decimal"
			},
			{
				"name": "CHILD_RECEIPT_AMOUNT",
				"type": "Decimal"
			},
			{
				"name": "CHILD_EXPENSE_AMOUNT",
				"type": "Decimal"
			},
			{
				"name": "NUMBER_HOTEL_NIGHTS",
				"type": "Decimal"
			},
			{
				"name": "FROM_CURRENCY_RATIO",
				"type": "Decimal"
			},
			{
				"name": "TO_CURRENCY_RATIO",
				"type": "Decimal"
			},
			{
				"name": "VAT_AMOUNT",
				"type": "Decimal"
			},
			{
				"name": "UNBILLED_AMOUNT",
				"type": "Decimal"
			},
			{
				"name": "CAP_AMOUNT",
				"type": "Decimal"
			},
			{
				"name": "EXCESS_AMOUNT",
				"type": "Decimal"
			},
			{
				"name": "EXCESS_PERCENTAGE",
				"type": "Decimal"
			},
			{
				"name": "MAX_FEDERAL_AMOUNT",
				"type": "Decimal"
			},
			{
				"name": "MAX_FEDERAL_AMOUNT_PERCENTAGE",
				"type": "Decimal"
			},
			{
				"name": "EXPENSE_RECORD_COUNTER",
				"type": "Decimal"
			},
			{
				"name": "EXPENSE_AMOUNT_CONVERTED",
				"type": "Decimal"
			},
			{
				"name": "RECEIPT_CHILD_AMOUNT_CONVERTED",
				"type": "Decimal"
			}
		],
		"typeProperties": {
			"format": {
				"type": "TextFormat",
				"columnDelimiter": ",",
				"rowDelimiter": "",
				"quoteChar": "\"",
				"nullValue": "",
				"treatEmptyAsNull": true,
				"skipLineCount": 0,
				"firstRowAsHeader": true
			},
			"fileName": "dte_receipt_count.csv",
			"folderPath": "/dtus/core/management/dte/reconciliation/csv"
		}
	},
	"type": "Microsoft.DataFactory/factories/datasets"
}