{
	"name": "DS_ADLS_MCE_CMO",
	"properties": {
		"linkedServiceName": {
			"referenceName": "dslabdl",
			"type": "LinkedServiceReference"
		},
		"annotations": [],
		"type": "AzureDataLakeStoreFile",
		"structure": [
			{
				"name": "FISCAL_YEAR",
				"type": "String"
			},
			{
				"name": "FISCAL_YEAR_PERIOD",
				"type": "String"
			},
			{
				"name": "FISCAL_WEEK",
				"type": "String"
			},
			{
				"name": "FISCAL_YEAR_PERIOD_WEEK",
				"type": "String"
			},
			{
				"name": "FISCAL_WEEK_STARTING_DATE",
				"type": "DateTime",
				"format": "yyyy-MM-dd"
			},
			{
				"name": "FISCAL_WEEK_ENDING_DATE",
				"type": "DateTime",
				"format": "yyyy-MM-dd"
			},
			{
				"name": "FISCAL_WEEK_NUM",
				"type": "Int32"
			},
			{
				"name": "CURRENT_PRIOR_FISCAL_PERIOD",
				"type": "String"
			},
			{
				"name": "BRAND_NAME",
				"type": "String"
			},
			{
				"name": "MKT_ISSUE_ID",
				"type": "String"
			},
			{
				"name": "MKT_ISSUE_NAME",
				"type": "String"
			},
			{
				"name": "BUSINESS",
				"type": "String"
			},
			{
				"name": "MARKET_OFFERING",
				"type": "String"
			},
			{
				"name": "SOURCE_SYS",
				"type": "String"
			},
			{
				"name": "SOURCE_TITLE",
				"type": "String"
			},
			{
				"name": "SENTIMENT",
				"type": "String"
			},
			{
				"name": "CAMPAIGN_ID",
				"type": "String"
			},
			{
				"name": "CAMPAIGN_NAME",
				"type": "String"
			},
			{
				"name": "UNIFIED_KPI_METRIC",
				"type": "Double"
			},
			{
				"name": "EARNED_MEDIA_IMPACT",
				"type": "Double"
			},
			{
				"name": "SOV",
				"type": "Double"
			},
			{
				"name": "MENTIONS",
				"type": "Double"
			},
			{
				"name": "SOURCE_TAG",
				"type": "String"
			},
			{
				"name": "CAMPAIGN_BUSINESS",
				"type": "String"
			},
			{
				"name": "CURRENT_PRIOR_CLOSED_PERIOD",
				"type": "String"
			},
			{
				"name": "ACTUAL_COST",
				"type": "Decimal"
			}
		],
		"typeProperties": {
			"format": {
				"type": "TextFormat",
				"columnDelimiter": ",",
				"rowDelimiter": "",
				"quoteChar": "\"",
				"nullValue": "",
				"treatEmptyAsNull": true,
				"skipLineCount": 0,
				"firstRowAsHeader": true
			},
			"fileName": "competitive_positioning_campaign.csv",
			"folderPath": "/dtus/core/mce/competitive_positioning_campaign/national/csv"
		}
	},
	"type": "Microsoft.DataFactory/factories/datasets"
}