{
	"name": "DS_ADLS_RM_ADVISORY_PROJECTED_HRS",
	"properties": {
		"linkedServiceName": {
			"referenceName": "dslabdl",
			"type": "LinkedServiceReference"
		},
		"parameters": {
			"filePath": {
				"type": "string",
				"defaultValue": "/dtus/core/stafftrak_aa/advisory_availability/national/csv"
			},
			"fileName": {
				"type": "string",
				"defaultValue": "advisory_availability.csv"
			}
		},
		"annotations": [],
		"type": "DelimitedText",
		"typeProperties": {
			"location": {
				"type": "AzureDataLakeStoreLocation",
				"fileName": {
					"value": "@dataset().fileName",
					"type": "Expression"
				},
				"folderPath": {
					"value": "@dataset().filePath",
					"type": "Expression"
				}
			},
			"columnDelimiter": ",",
			"escapeChar": "\\",
			"firstRowAsHeader": true,
			"quoteChar": "\""
		},
		"schema": [
			{
				"name": "SNAPSHOT_ID",
				"type": "String"
			},
			{
				"name": "LOADING_TIMESTAMP",
				"type": "DateTime",
				"format": "yyyy-MM-dd"
			},
			{
				"name": "EMP_RESOURCE_ID",
				"type": "String"
			},
			{
				"name": "CAL_DATE",
				"type": "DateTime",
				"format": "yyyy-MM-dd"
			},
			{
				"name": "CAL_WEEK_END_DATE",
				"type": "DateTime",
				"format": "yyyy-MM-dd"
			},
			{
				"name": "CAL_WEEK_START_DATE",
				"type": "DateTime",
				"format": "yyyy-MM-dd"
			},
			{
				"name": "FISCAL_YEAR",
				"type": "Int"
			},
			{
				"name": "FISCAL_PERIOD",
				"type": "Int"
			},
			{
				"name": "FISCAL_YEAR_PERIOD",
				"type": "Int"
			},
			{
				"name": "FISCAL_WEEK",
				"type": "Int"
			},
			{
				"name": "FISCAL_YEAR_PERIOD_WEEK",
				"type": "Int"
			},
			{
				"name": "PERFORMANCE_YEAR",
				"type": "Int"
			},
			{
				"name": "PERFORMANCE_PERIOD",
				"type": "Int"
			},
			{
				"name": "PERFORMANCE_YEAR_PERIOD",
				"type": "Int"
			},
			{
				"name": "BI_WEEKLY_PERIOD_END_DATE",
				"type": "DateTime",
				"format": "yyyy-MM-dd"
			},
			{
				"name": "SCHEDULED_HRS",
				"type": "Decimal"
			},
			{
				"name": "CS_SCHEDULED_HRS",
				"type": "Decimal"
			},
			{
				"name": "AVAIL_REPORT_SCHEDULED_HRS",
				"type": "Decimal"
			},
			{
				"name": "BASIC_AVAILABILITY_HRS",
				"type": "Decimal"
			},
			{
				"name": "LOA_HRS",
				"type": "Decimal"
			},
			{
				"name": "EXPECTED_HRS",
				"type": "Decimal"
			},
			{
				"name": "AVAILABLE_HRS",
				"type": "Decimal"
			}
		]
	},
	"type": "Microsoft.DataFactory/factories/datasets"
}