{
	"name": "DS_ADLS_SABA_LEARNING",
	"properties": {
		"linkedServiceName": {
			"referenceName": "dslabdl",
			"type": "LinkedServiceReference"
		},
		"parameters": {
			"filePath": {
				"type": "String",
				"defaultValue": "/dtus/core/learning/offering_actions/csv"
			},
			"fileName": {
				"type": "String",
				"defaultValue": "2019001.csv"
			}
		},
		"annotations": [],
		"type": "AzureDataLakeStoreFile",
		"structure": [
			{
				"name": "ACCOUNTINGPERIOD",
				"type": "Int32"
			},
			{
				"name": "CATALOGITEM_COURSE_CONTACT",
				"type": "String"
			},
			{
				"name": "CATALOGITEM_COURSE_OWNER",
				"type": "String"
			},
			{
				"name": "CATALOGITEM_COURSE_CATEGORY",
				"type": "String"
			},
			{
				"name": "CATALOGITEM_COURSE_VENDOR_NAME",
				"type": "String"
			},
			{
				"name": "CATALOGITEM_CPE_HOURS",
				"type": "String"
			},
			{
				"name": "CATALOGITEM_CPE_SUBJECT_AREA",
				"type": "String"
			},
			{
				"name": "CATALOGITEM_DEVELOP_DELIV_TYPE",
				"type": "String"
			},
			{
				"name": "CATALOGITEM_SECURITY_DOMAIN",
				"type": "String"
			},
			{
				"name": "LEARNER_COST_CENTER",
				"type": "String"
			},
			{
				"name": "LEARNER_EMP_GBL_PERS_NBR",
				"type": "String"
			},
			{
				"name": "LEARNER_EMAIL",
				"type": "String"
			},
			{
				"name": "LEARNER_SYSTEM_STATUS",
				"type": "String"
			},
			{
				"name": "OFF_ACT_ADHOC_OFF_LOCATION",
				"type": "String"
			},
			{
				"name": "OFF_ACT_COMPLETION_DATE",
				"type": "DateTime",
				"format": "yyyy-MM-dd"
			},
			{
				"name": "OFF_ACT_COURSE_NUMBER",
				"type": "String"
			},
			{
				"name": "OFF_ACT_COURSE_TITLE",
				"type": "String"
			},
			{
				"name": "OFF_ACT_CUSTOM4",
				"type": "String"
			},
			{
				"name": "OFF_ACT_DELIVERY_METHOD",
				"type": "String"
			},
			{
				"name": "OFFERING_DOMAIN_NAME",
				"type": "String"
			},
			{
				"name": "OFFERING_FACILITY",
				"type": "String"
			},
			{
				"name": "OFFERING_IS_DU",
				"type": "String"
			},
			{
				"name": "OFFERING_NUMBER",
				"type": "String"
			},
			{
				"name": "OFFERING_START_DATE",
				"type": "DateTime",
				"format": "yyyy-MM-dd"
			},
			{
				"name": "SABA_ANNIVERSARY_DATE",
				"type": "DateTime",
				"format": "yyyy-MM-dd"
			},
			{
				"name": "LEARNER_REGION",
				"type": "String"
			},
			{
				"name": "CATALOGITEM_AUDIENCE",
				"type": "String"
			},
			{
				"name": "CATALOGITEM_COURSE_AUDIENCE_TYPE",
				"type": "String"
			},
			{
				"name": "CATALOGITEM_COURSE_TITLE",
				"type": "String"
			},
			{
				"name": "CATALOGITEM_INTENDED_AUDIENCE",
				"type": "String"
			},
			{
				"name": "IS_BEARINGPOINT_COURSE",
				"type": "String"
			},
			{
				"name": "LEARNER_ID",
				"type": "String"
			},
			{
				"name": "OFFERING_REGION",
				"type": "String"
			},
			{
				"name": "OFFERING_LANGUAGE",
				"type": "String"
			},
			{
				"name": "OFF_ACT_COURSE_VENDOR_NAME",
				"type": "String"
			},
			{
				"name": "OFFERING_EMPLOYEE",
				"type": "String"
			},
			{
				"name": "OFFERING_DELIVERY_METHOD",
				"type": "String"
			},
			{
				"name": "CATALOGITEM_ID",
				"type": "String"
			},
			{
				"name": "CATALOGITEM_ACTIVE_STATUS",
				"type": "String"
			},
			{
				"name": "CATALOGITEM_AVAILABLE_DATE",
				"type": "DateTime",
				"format": "yyyy-MM-dd"
			},
			{
				"name": "CATALOGITEM_COURSE_NUMBER",
				"type": "String"
			},
			{
				"name": "CATALOGITEM_COURSE_SPONSOR",
				"type": "String"
			},
			{
				"name": "DT_LEARNER_FLAG",
				"type": "String"
			},
			{
				"name": "OFFERING_LOCATION",
				"type": "String"
			},
			{
				"name": "FISCALYEAR",
				"type": "Int32"
			},
			{
				"name": "TIPL_LEADERSHIP_HOURS",
				"type": "Single"
			},
			{
				"name": "OFF_ACT_LEARNING_HOURS",
				"type": "Single"
			},
			{
				"name": "TIPL_INDUSTRY_HOURS",
				"type": "Single"
			},
			{
				"name": "TIPL_TECHNICAL_HOURS",
				"type": "Single"
			},
			{
				"name": "TIPL_PROFESSIONAL_HOURS",
				"type": "Single"
			}
		],
		"typeProperties": {
			"format": {
				"type": "TextFormat",
				"columnDelimiter": ",",
				"rowDelimiter": "",
				"quoteChar": "\"",
				"nullValue": "",
				"treatEmptyAsNull": true,
				"skipLineCount": 0,
				"firstRowAsHeader": true
			},
			"fileName": {
				"value": "@dataset().fileName",
				"type": "Expression"
			},
			"folderPath": {
				"value": "@dataset().filePath",
				"type": "Expression"
			}
		}
	},
	"type": "Microsoft.DataFactory/factories/datasets"
}