{
	"name": "DS_ADLS_TALENT_JOB_HISTORY",
	"properties": {
		"linkedServiceName": {
			"referenceName": "dslabdl",
			"type": "LinkedServiceReference"
		},
		"annotations": [],
		"type": "AzureDataLakeStoreFile",
		"structure": [
			{
				"name": "EMP_GBL_PERS_NBR",
				"type": "String"
			},
			{
				"name": "EMPLOYEE",
				"type": "String"
			},
			{
				"name": "EMP_VALID_FROM_DATE",
				"type": "DateTime",
				"format": "yyyy-MM-dd"
			},
			{
				"name": "EMP_VALID_TO_DATE",
				"type": "DateTime",
				"format": "yyyy-MM-dd"
			},
			{
				"name": "EMP_PREV_JOB_LEVEL",
				"type": "String"
			},
			{
				"name": "EMP_PREV_JOB_LEVEL_MED_TEXT",
				"type": "String"
			},
			{
				"name": "EMP_PREV_JOB_LEVEL_SHORT_TEXT",
				"type": "String"
			},
			{
				"name": "EMP_PREV_JOB_CODE",
				"type": "String"
			},
			{
				"name": "EMP_PREV_JOB_CODE_MED_TEXT",
				"type": "String"
			},
			{
				"name": "EMP_PREV_JOB_CODE_TEXT",
				"type": "String"
			},
			{
				"name": "EMP_PREV_POSITION",
				"type": "String"
			},
			{
				"name": "EMP_PREV_POSITION_TEXT",
				"type": "String"
			}
		],
		"typeProperties": {
			"format": {
				"type": "TextFormat",
				"columnDelimiter": ",",
				"rowDelimiter": "",
				"quoteChar": "\"",
				"nullValue": "",
				"treatEmptyAsNull": true,
				"skipLineCount": 0,
				"firstRowAsHeader": true
			},
			"fileName": "job_history.csv",
			"folderPath": "/dtus/core/talent/job_history/national/csv"
		}
	},
	"type": "Microsoft.DataFactory/factories/datasets"
}