{
	"name": "DS_ADLS_TALENT_ACTIVITY_HISTORY",
	"properties": {
		"linkedServiceName": {
			"referenceName": "dslabdl",
			"type": "LinkedServiceReference"
		},
		"annotations": [],
		"type": "AzureDataLakeStoreFile",
		"structure": [
			{
				"name": "EMP_GBL_PERS_NBR",
				"type": "String"
			},
			{
				"name": "EMPLOYEE",
				"type": "String"
			},
			{
				"name": "EFFECTIVE_DATE",
				"type": "DateTime",
				"format": "yyyy-MM-dd"
			},
			{
				"name": "EMP_TYPE_OF_CHANGE",
				"type": "String"
			},
			{
				"name": "EMP_PREV_JOB_LEVEL_DESC",
				"type": "String"
			},
			{
				"name": "EMP_PREV_JOB_LEVEL_MED_TEXT",
				"type": "String"
			},
			{
				"name": "EMP_ACTION_START_DATE",
				"type": "DateTime",
				"format": "yyyy-MM-dd"
			},
			{
				"name": "EMP_ACTION_END_DATE",
				"type": "DateTime",
				"format": "yyyy-MM-dd"
			},
			{
				"name": "EMP_ACTION_TYPE",
				"type": "String"
			},
			{
				"name": "EMP_ACTION_TYPE_TEXT",
				"type": "String"
			},
			{
				"name": "EMP_PREV_GROUP_TEXT",
				"type": "String"
			},
			{
				"name": "EMP_TRANS_TYPE_DESC",
				"type": "String"
			},
			{
				"name": "EMP_SUB_REASON_DESC",
				"type": "String"
			},
			{
				"name": "EMP_DEPLOYMENT_TYPE",
				"type": "String"
			},
			{
				"name": "EMP_PREV_HISTORIC_BUSINESS_TEXT",
				"type": "String"
			},
			{
				"name": "EMP_PREV_COMP_CODE",
				"type": "String"
			},
			{
				"name": "EMP_PREV_COMP_CODE_TEXT",
				"type": "String"
			},
			{
				"name": "EMP_PREV_COST_CENTER",
				"type": "String"
			},
			{
				"name": "EMP_PREV_COST_CENTER_TEXT",
				"type": "String"
			},
			{
				"name": "EMP_PREV_CC_CONTROLLING_AREA",
				"type": "String"
			},
			{
				"name": "EMP_PREV_CC_CONTROLLING_AREA_TEXT",
				"type": "String"
			},
			{
				"name": "EMP_PREV_BUSINESS_AREA_TEXT",
				"type": "String"
			},
			{
				"name": "EMP_PREV_BUSINESS_LINE_TEXT",
				"type": "String"
			},
			{
				"name": "EMP_PREV_FEDERAL_INDICATOR",
				"type": "String"
			},
			{
				"name": "EMP_PREV_PRIMARY_FOCUS_TEXT",
				"type": "String"
			},
			{
				"name": "EMP_PREV_PRIMARY_INDUSTRY_TEXT",
				"type": "String"
			},
			{
				"name": "EMP_PREV_PRIMARY_SECTOR_TEXT",
				"type": "String"
			},
			{
				"name": "EMP_PREV_PERS_AREA_TEXT",
				"type": "String"
			},
			{
				"name": "EMP_PREV_HIST_REGION_TEXT",
				"type": "String"
			},
			{
				"name": "EMP_PREV_FACILITY_CODE_TEXT",
				"type": "String"
			},
			{
				"name": "EMP_PREV_PRIMARY_MARKET_TEXT",
				"type": "String"
			},
			{
				"name": "EMP_GLOBAL_DEPLOYMENT_END_DATE",
				"type": "DateTime",
				"format": "yyyy-MM-dd"
			},
			{
				"name": "EMP_PREV_PERS_SAREA_TEXT",
				"type": "String"
			},
			{
				"name": "EMP_PREV_ORGANIZATION_UNIT",
				"type": "String"
			},
			{
				"name": "EMP_PREV_ORGANIZATION_UNIT_TEXT",
				"type": "String"
			},
			{
				"name": "EMP_TRANS_COUNTRY_NAME",
				"type": "String"
			},
			{
				"name": "EMP_PREV_CURR_LEVEL_FROM_DATE_TIL",
				"type": "DateTime",
				"format": "yyyy-MM-dd"
			},
			{
				"name": "EMP_PREV_GE_CURRENT_LEVEL_TIL",
				"type": "Decimal"
			},
			{
				"name": "EMP_PREV_ROLLUP_LEVEL_FROM_DATE_TIL",
				"type": "DateTime",
				"format": "yyyy-MM-dd"
			},
			{
				"name": "EMP_PREV_ROLLUP_LEVEL_TIL_TEXT",
				"type": "String"
			},
			{
				"name": "EMP_PREV_GE_ROLLUP_LEVEL_TIL",
				"type": "Decimal"
			},
			{
				"name": "EMP_PREV_CAPABILITY",
				"type": "String"
			},
			{
				"name": "EMP_PREV_CAPABILITY_TEXT",
				"type": "String"
			},
			{
				"name": "EMP_PREV_SUB_CAPABILITY",
				"type": "String"
			},
			{
				"name": "EMP_PREV_SUB_CAPABILITY_TEXT",
				"type": "String"
			},
			{
				"name": "EMP_PREV_USI_FUNC_TEXT",
				"type": "String"
			},
			{
				"name": "EMP_FE_USI_FUNC_TEXT",
				"type": "String"
			},
			{
				"name": "EMP_PREV_JOB_CODE",
				"type": "String"
			},
			{
				"name": "EMP_PREV_JOB_LEVEL",
				"type": "String"
			},
			{
				"name": "EMP_PREV_JOB_LEVEL_SHORT_TEXT",
				"type": "String"
			},
			{
				"name": "EMP_PREV_JOB_CODE_TEXT",
				"type": "String"
			},
			{
				"name": "EMP_REASON_FOR_ACTION",
				"type": "String"
			},
			{
				"name": "EMP_PREV_COMPETENCY_AREA",
				"type": "String"
			},
			{
				"name": "EMP_PREV_COMPETENCY_AREA_TEXT",
				"type": "String"
			},
			{
				"name": "EMP_PREV_COMPETENCY",
				"type": "String"
			},
			{
				"name": "EMP_PREV_COMPETENCY_TEXT",
				"type": "String"
			},
			{
				"name": "EMP_PREV_JOB_LEVEL_SUMM_CODE",
				"type": "String"
			},
			{
				"name": "EMP_PREV_JOB_LEVEL_SUMM_TEXT",
				"type": "String"
			},
			{
				"name": "EMP_PREV_JOB_LEVEL_ROLL_CODE",
				"type": "String"
			},
			{
				"name": "EMP_PREV_JOB_LEVEL_ROLL_TEXT",
				"type": "String"
			},
			{
				"name": "EMP_PREV_TALENT_MODEL",
				"type": "String"
			},
			{
				"name": "EMP_PREV_TALENT_MODEL_TEXT",
				"type": "String"
			},
			{
				"name": "EMP_PREV_CURR_JOB_FROM_DATE_TIJ",
				"type": "DateTime",
				"format": "yyyy-MM-dd"
			},
			{
				"name": "EMP_PREV_GE_CURRENT_JOB_TIJ",
				"type": "Decimal"
			},
			{
				"name": "EMP_PREV_ROLLUP_JOB_FROM_DATE_TIJ",
				"type": "DateTime",
				"format": "yyyy-MM-dd"
			},
			{
				"name": "EMP_PREV_GE_ROLLUP_JOB_TIJ",
				"type": "Decimal"
			},
			{
				"name": "EMP_PREV_ROLLUP_JOB_TIJ_TEXT",
				"type": "String"
			}
		],
		"typeProperties": {
			"format": {
				"type": "TextFormat",
				"columnDelimiter": ",",
				"rowDelimiter": "",
				"quoteChar": "\"",
				"nullValue": "",
				"treatEmptyAsNull": true,
				"skipLineCount": 0,
				"firstRowAsHeader": true
			},
			"fileName": "activity_history.csv",
			"folderPath": "/dtus/core/talent/activity_history/national/csv"
		}
	},
	"type": "Microsoft.DataFactory/factories/datasets"
}