{
	"name": "DS_ADLS_STAFFIT_ROLE_SKILLS",
	"properties": {
		"linkedServiceName": {
			"referenceName": "dslabdl",
			"type": "LinkedServiceReference"
		},
		"parameters": {
			"filePath": {
				"type": "String",
				"defaultValue": "/dtus/core/staffit/role_skills/national/csv"
			},
			"fileName": {
				"type": "String",
				"defaultValue": "role_skills.csv"
			}
		},
		"annotations": [],
		"type": "AzureDataLakeStoreFile",
		"structure": [
			{
				"name": "DEMAND",
				"type": "String"
			},
			{
				"name": "DEM_TEXT",
				"type": "String"
			},
			{
				"name": "ROLE",
				"type": "String"
			},
			{
				"name": "ROLE_TEXT",
				"type": "String"
			},
			{
				"name": "QUAL_GUID",
				"type": "String"
			},
			{
				"name": "ROLE_REQ_PROFILE",
				"type": "String"
			},
			{
				"name": "QUAL_CODE",
				"type": "String"
			},
			{
				"name": "QUAL_TEXT",
				"type": "String"
			},
			{
				"name": "QUAL_TYPE",
				"type": "String"
			},
			{
				"name": "QUAL_TYPE_TEXT",
				"type": "String"
			},
			{
				"name": "QUAL_EXPERTISE_LEVEL",
				"type": "String"
			},
			{
				"name": "QUAL_EXPERTISE_LEVEL_TEXT",
				"type": "String"
			},
			{
				"name": "QUAL_KNOWLEDGE_AREA",
				"type": "String"
			},
			{
				"name": "QUAL_SEARCH_TERM_1",
				"type": "String"
			},
			{
				"name": "QUAL_SEARCH_TERM_2",
				"type": "String"
			},
			{
				"name": "QUAL_SEARCH_TERM_3",
				"type": "String"
			},
			{
				"name": "QUAL_SEARCH_TERM_4",
				"type": "String"
			},
			{
				"name": "QUAL_SEARCH_TERM_5",
				"type": "String"
			},
			{
				"name": "QUAL_SEARCH_TERM_6",
				"type": "String"
			},
			{
				"name": "QUAL_SEARCH_TERM_7",
				"type": "String"
			},
			{
				"name": "QUAL_SEARCH_TERM_8",
				"type": "String"
			},
			{
				"name": "QUAL_SEARCH_TERM_9",
				"type": "String"
			},
			{
				"name": "QUAL_SEARCH_TERM_10",
				"type": "String"
			},
			{
				"name": "MF_ID",
				"type": "String"
			},
			{
				"name": "MF_TEXT",
				"type": "String"
			},
			{
				"name": "QUAL_ISX_MANDATORY",
				"type": "String"
			},
			{
				"name": "LOAD_TIMESTAMP",
				"type": "DateTime",
				"format": "yyyy-MM-dd"
			}
		],
		"typeProperties": {
			"format": {
				"type": "TextFormat",
				"columnDelimiter": ",",
				"rowDelimiter": "",
				"quoteChar": "\"",
				"nullValue": "",
				"treatEmptyAsNull": true,
				"skipLineCount": 0,
				"firstRowAsHeader": true
			},
			"fileName": {
				"value": "@dataset().fileName",
				"type": "Expression"
			},
			"folderPath": {
				"value": "@dataset().filePath",
				"type": "Expression"
			}
		}
	},
	"type": "Microsoft.DataFactory/factories/datasets"
}