{
	"name": "DS_ADLS_MERCURY_SERVICE_EXTRACT",
	"properties": {
		"linkedServiceName": {
			"referenceName": "dslabdl",
			"type": "LinkedServiceReference"
		},
		"annotations": [],
		"type": "AzureDataLakeStoreFile",
		"structure": [
			{
				"name": "SERVICE_RECORD_ID",
				"type": "String"
			},
			{
				"name": "SERVICE_NAME",
				"type": "String"
			},
			{
				"name": "SERVICE_NAME_DISPLAY",
				"type": "String"
			},
			{
				"name": "SERVICE_TYPE",
				"type": "String"
			},
			{
				"name": "SERVICE_TCV",
				"type": "Decimal"
			},
			{
				"name": "OPPORTUNITY_RECORD_ID",
				"type": "String"
			},
			{
				"name": "OPPORTUNITY_ID",
				"type": "String"
			},
			{
				"name": "ALLIANCE_PRODUCT_ID",
				"type": "String"
			},
			{
				"name": "ALLIANCE_PRODUCT_DESC",
				"type": "String"
			},
			{
				"name": "ALLIANCE_PRODUCT",
				"type": "String"
			},
			{
				"name": "ALLIANCE_PRODUCT_AMOUNT",
				"type": "Decimal"
			},
			{
				"name": "ALLIANCE_PRODUCT_QRM",
				"type": "String"
			},
			{
				"name": "ALLIANCE_PARTNER_QRM",
				"type": "String"
			},
			{
				"name": "PARENT_ALLIANCE_PRODUCT_ID",
				"type": "String"
			},
			{
				"name": "RTRAK_ID",
				"type": "String"
			},
			{
				"name": "PRODUCT_KEY",
				"type": "String"
			},
			{
				"name": "MO",
				"type": "String"
			},
			{
				"name": "MO_TEXT",
				"type": "String"
			},
			{
				"name": "MO_VALUE",
				"type": "Decimal"
			},
			{
				"name": "MO_CATEGORY",
				"type": "String"
			},
			{
				"name": "MO_CATEGORY_TEXT",
				"type": "String"
			},
			{
				"name": "MO_SOLUTION",
				"type": "String"
			},
			{
				"name": "MO_SOLUTION_TEXT",
				"type": "String"
			},
			{
				"name": "MO_SUB_SOLUTION",
				"type": "String"
			},
			{
				"name": "MO_SUB_SOLUTION_TEXT",
				"type": "String"
			},
			{
				"name": "MO_GROUP",
				"type": "String"
			},
			{
				"name": "MO_GROUP_CODE",
				"type": "String"
			},
			{
				"name": "MO_SEGMENT",
				"type": "String"
			},
			{
				"name": "MO_TYPE",
				"type": "String"
			},
			{
				"name": "MO_PRC",
				"type": "Decimal"
			},
			{
				"name": "MO_TPNSR_VALUE_OR_PRC",
				"type": "String"
			},
			{
				"name": "MO_TPNSR_VALUE",
				"type": "Decimal"
			},
			{
				"name": "MO_TPNSR_PRC",
				"type": "Decimal"
			},
			{
				"name": "MO_TPNSR_PRC_FORMULA",
				"type": "Decimal"
			},
			{
				"name": "TAX_OFFERING_CODE",
				"type": "String"
			},
			{
				"name": "TAX_OFFERING_DESC",
				"type": "String"
			},
			{
				"name": "TAX_SERVICE_LINE_CODE",
				"type": "String"
			},
			{
				"name": "TAX_SERVICE_LINE_DESC",
				"type": "String"
			},
			{
				"name": "PURSUIT_COACH_CODE",
				"type": "String"
			},
			{
				"name": "PURSUIT_COACH_NAME",
				"type": "String"
			},
			{
				"name": "WORK_REGION",
				"type": "String"
			},
			{
				"name": "WORK_REGION_CODE",
				"type": "String"
			},
			{
				"name": "WORK_REGION_DESC",
				"type": "String"
			},
			{
				"name": "FSS_LEAD_ID",
				"type": "Decimal"
			},
			{
				"name": "FSS_LEAD_NAME",
				"type": "String"
			},
			{
				"name": "FSS_LEAD_DISPLAY_NAME",
				"type": "String"
			},
			{
				"name": "FSS_LEAD_COMPANY_CODE",
				"type": "String"
			},
			{
				"name": "FSS_LEAD_EMAIL",
				"type": "String"
			},
			{
				"name": "CALCULATION_PRC_BASED_FLG",
				"type": "String"
			},
			{
				"name": "REGION_10_INVOLVEMENT_FLG",
				"type": "String"
			},
			{
				"name": "TPNSR_CALCULATION_PRC_BASED_FLG",
				"type": "String"
			},
			{
				"name": "REVENUE_RECOGNITION_PATTERN_CODE",
				"type": "String"
			},
			{
				"name": "PRODUCT_TCV",
				"type": "Decimal"
			},
			{
				"name": "PRODUCT_ACV",
				"type": "Decimal"
			},
			{
				"name": "SERVICE_ACV",
				"type": "Decimal"
			},
			{
				"name": "DEAL_TERM",
				"type": "Decimal"
			},
			{
				"name": "LEGACY_SOURCE",
				"type": "String"
			},
			{
				"name": "LEGACY_ID",
				"type": "String"
			},
			{
				"name": "FUNCTIONAL_FLG",
				"type": "Decimal"
			},
			{
				"name": "AP_NAME",
				"type": "String"
			},
			{
				"name": "DD_CAPABILITY",
				"type": "String"
			},
			{
				"name": "DD_SL_VS_REST_SL",
				"type": "String"
			},
			{
				"name": "DIGITAL_MO",
				"type": "String"
			},
			{
				"name": "DIGITAL_FLG",
				"type": "String"
			},
			{
				"name": "USI_TEAM",
				"type": "Decimal"
			},
			{
				"name": "US_TEAM",
				"type": "Decimal"
			},
			{
				"name": "INACTIVE_ACCOUNT_FLG",
				"type": "String"
			},
			{
				"name": "PARENT_ALLIANCE_PARTNER_ID",
				"type": "String"
			},
			{
				"name": "APEX_CONTEXT_FLG",
				"type": "String"
			},
			{
				"name": "PRODUCT_LICENSE_END_DATE",
				"type": "DateTime",
				"format": "yyyy-MM-dd"
			},
			{
				"name": "PRODUCT_LICENSE_START_DATE",
				"type": "DateTime",
				"format": "yyyy-MM-dd"
			},
			{
				"name": "PRODUCT_LICENSE_WBS_CODE",
				"type": "String"
			},
			{
				"name": "SELL_WITH_ALLIANCE_PARTNER",
				"type": "String"
			},
			{
				"name": "ANALYTIC_FLG",
				"type": "String"
			},
			{
				"name": "CLOUD_FLG",
				"type": "String"
			},
			{
				"name": "HUMAN_CAPITAL_ISSUE",
				"type": "String"
			},
			{
				"name": "ANALYTICS_REPORTING",
				"type": "String"
			},
			{
				"name": "DELOITTE_PARTNER_PPRC",
				"type": "Decimal"
			},
			{
				"name": "DPS_ALLIANCE_PARTNERID",
				"type": "String"
			},
			{
				"name": "WEIGHTED_SERVICE_OFFERING_VALUE",
				"type": "Decimal"
			},
			{
				"name": "LINE_ITEM_NUMBER",
				"type": "Decimal"
			},
			{
				"name": "EXCLUDE_MEMBERFIRM_VALIDATION_FLG",
				"type": "String"
			},
			{
				"name": "MEMBEFIRMCHK",
				"type": "Decimal"
			},
			{
				"name": "MULTI_YEAR",
				"type": "String"
			},
			{
				"name": "FSS_LEAD_CODE",
				"type": "String"
			},
			{
				"name": "SEGMENT_CODE",
				"type": "String"
			},
			{
				"name": "MEMBER_FIRM_CODE",
				"type": "String"
			},
			{
				"name": "BOLD_PLAYS",
				"type": "String"
			},
			{
				"name": "PHASE_SPECIFIC_TPNSR_NSR",
				"type": "Decimal"
			},
			{
				"name": "MRS_FLG",
				"type": "String"
			},
			{
				"name": "ALTERNATIVE_SERVICE_FLG",
				"type": "String"
			},
			{
				"name": "SUBCONTRACTOR_1_ID",
				"type": "String"
			},
			{
				"name": "SUBCONTRACTOR_1_CODE",
				"type": "String"
			},
			{
				"name": "SUBCONTRACTOR_1_NAME",
				"type": "String"
			},
			{
				"name": "SUBCONTRACTOR_1_AMOUNT",
				"type": "Decimal"
			},
			{
				"name": "SUBCONTRACTOR_2_ID",
				"type": "String"
			},
			{
				"name": "SUBCONTRACTOR_2_CODE",
				"type": "String"
			},
			{
				"name": "SUBCONTRACTOR_2_NAME",
				"type": "String"
			},
			{
				"name": "SUBCONTRACTOR_2_AMOUNT",
				"type": "Decimal"
			},
			{
				"name": "SUBCONTRACTOR_3_ID",
				"type": "String"
			},
			{
				"name": "SUBCONTRACTOR_3_CODE",
				"type": "String"
			},
			{
				"name": "SUBCONTRACTOR_3_NAME",
				"type": "String"
			},
			{
				"name": "SUBCONTRACTOR_3_AMOUNT",
				"type": "Decimal"
			},
			{
				"name": "SUBCONTRACTOR_4_ID",
				"type": "String"
			},
			{
				"name": "SUBCONTRACTOR_4_CODE",
				"type": "String"
			},
			{
				"name": "SUBCONTRACTOR_4_NAME",
				"type": "String"
			},
			{
				"name": "SUBCONTRACTOR_4_AMOUNT",
				"type": "Decimal"
			},
			{
				"name": "SUBCONTRACTOR_5_ID",
				"type": "String"
			},
			{
				"name": "SUBCONTRACTOR_5_CODE",
				"type": "String"
			},
			{
				"name": "SUBCONTRACTOR_5_NAME",
				"type": "String"
			},
			{
				"name": "SUBCONTRACTOR_5_AMOUNT",
				"type": "Decimal"
			},
			{
				"name": "INDIA_RESOURCES_INVOLVED",
				"type": "String"
			},
			{
				"name": "MEMBER_FIRM",
				"type": "String"
			},
			{
				"name": "REVENUE_RECOGNITION_PATTERN",
				"type": "String"
			},
			{
				"name": "SAME_AS_PURSUIT_LEADER_FLG",
				"type": "String"
			},
			{
				"name": "MEMBER_FIRM_REC_REV_CODE_FORMULA",
				"type": "String"
			},
			{
				"name": "OPPORTUNITY_SYNC_WITH_RTRAK",
				"type": "DateTime",
				"format": "yyyy-MM-dd"
			},
			{
				"name": "REV_REC_PATTERN_CODE_FORMULA",
				"type": "String"
			},
			{
				"name": "IMPLEMENT_DOLLAR_VALUE",
				"type": "Decimal"
			},
			{
				"name": "IMPLEMENT_PRC",
				"type": "Decimal"
			},
			{
				"name": "OPERATE_DOLLAR_VALUE",
				"type": "Decimal"
			},
			{
				"name": "OPERATE_PRC",
				"type": "Decimal"
			},
			{
				"name": "ADVISE_DOLLAR_VALUE",
				"type": "Decimal"
			},
			{
				"name": "ADVISE_PRC",
				"type": "Decimal"
			},
			{
				"name": "CLOSED_FLG",
				"type": "String"
			},
			{
				"name": "DELETED_FLG",
				"type": "String"
			},
			{
				"name": "DIRTY_FLG",
				"type": "String"
			},
			{
				"name": "CREATED_DATE",
				"type": "DateTime",
				"format": "yyyy-MM-dd"
			},
			{
				"name": "CREATED_DATETIME",
				"type": "DateTime",
				"format": "yyyy-MM-dd"
			},
			{
				"name": "CREATED_BY",
				"type": "String"
			},
			{
				"name": "LAST_MODIFIED_DATE",
				"type": "DateTime",
				"format": "yyyy-MM-dd"
			},
			{
				"name": "LAST_MODIFIED_BY",
				"type": "String"
			},
			{
				"name": "SYSTEM_MOD_STAMP",
				"type": "DateTime",
				"format": "yyyy-MM-dd"
			},
			{
				"name": "LAST_ACTIVITY_DATE",
				"type": "DateTime",
				"format": "yyyy-MM-dd"
			}
		],
		"typeProperties": {
			"format": {
				"type": "TextFormat",
				"columnDelimiter": ",",
				"rowDelimiter": "",
				"quoteChar": "\"",
				"nullValue": "",
				"treatEmptyAsNull": true,
				"skipLineCount": 0,
				"firstRowAsHeader": true
			},
			"fileName": "mercury_service.csv",
			"folderPath": "/dtus/core/mercury/service/national/csv"
		}
	},
	"type": "Microsoft.DataFactory/factories/datasets"
}