{
	"name": "DS_ADLS_MERCURY_PURSUIT_TEAM_MEMBER",
	"properties": {
		"linkedServiceName": {
			"referenceName": "dslabdl",
			"type": "LinkedServiceReference"
		},
		"annotations": [],
		"type": "AzureDataLakeStoreFile",
		"structure": [
			{
				"name": "PURSUIT_TEAM_RECORD_ID",
				"type": "String"
			},
			{
				"name": "PURSUIT_TEAM_ID",
				"type": "String"
			},
			{
				"name": "OPPORTUNITY_RECORD_ID",
				"type": "String"
			},
			{
				"name": "OPPORTUNITY_ID",
				"type": "String"
			},
			{
				"name": "PURSUIT_TEAM_ROLE_CODE",
				"type": "String"
			},
			{
				"name": "PURSUIT_TEAM_ROLE_DESC",
				"type": "String"
			},
			{
				"name": "PURSUIT_TEAM_MEMBER_NAME",
				"type": "String"
			},
			{
				"name": "PURSUIT_CREDIT",
				"type": "String"
			},
			{
				"name": "PERSONNEL_NUMBER",
				"type": "String"
			},
			{
				"name": "EMPLOYEE_CODE",
				"type": "String"
			},
			{
				"name": "JOB_TITLE",
				"type": "String"
			},
			{
				"name": "EMAIL",
				"type": "String"
			},
			{
				"name": "TOTAL_VALUE",
				"type": "Decimal"
			},
			{
				"name": "INACTIVE_ACCOUNT_FLG",
				"type": "String"
			},
			{
				"name": "DELETED_FLG",
				"type": "String"
			},
			{
				"name": "CREATED_DATE",
				"type": "DateTime",
				"format": "yyyy-MM-dd"
			},
			{
				"name": "CREATED_BY",
				"type": "String"
			},
			{
				"name": "LAST_MODIFIED_DATE",
				"type": "DateTime",
				"format": "yyyy-MM-dd"
			},
			{
				"name": "LAST_MODIFIED_BY",
				"type": "String"
			},
			{
				"name": "SYSTEM_MOD_STAMP",
				"type": "DateTime",
				"format": "yyyy-MM-dd"
			}
		],
		"typeProperties": {
			"format": {
				"type": "TextFormat",
				"columnDelimiter": ",",
				"rowDelimiter": "",
				"quoteChar": "\"",
				"nullValue": "",
				"treatEmptyAsNull": true,
				"skipLineCount": 0,
				"firstRowAsHeader": true
			},
			"fileName": "mercury_pursuit_team_member.csv",
			"folderPath": "/dtus/core/mercury/pursuit_team_member/national/csv"
		}
	},
	"type": "Microsoft.DataFactory/factories/datasets"
}