{
	"name": "DS_FILE_GL_SHARED",
	"properties": {
		"linkedServiceName": {
			"referenceName": "OnpremiseFileShare",
			"type": "LinkedServiceReference"
		},
		"parameters": {
			"fileName": {
				"type": "String",
				"defaultValue": "2018001.csv"
			}
		},
		"annotations": [],
		"type": "FileShare",
		"typeProperties": {
			"fileName": {
				"value": "@dataset().fileName",
				"type": "Expression"
			},
			"folderPath": "GL_SHARED"
		}
	},
	"type": "Microsoft.DataFactory/factories/datasets"
}