{
	"name": "DS_NAS_FILESHARE_FULL_LOAD_RESUME",
	"properties": {
		"description": "FileShare_Resume",
		"linkedServiceName": {
			"referenceName": "OnpremiseTalentResume",
			"type": "LinkedServiceReference"
		},
		"parameters": {
			"filepath": {
				"type": "string",
				"defaultValue": "Resume_Full1"
			}
		},
		"annotations": [],
		"type": "FileShare",
		"typeProperties": {
			"fileName": "",
			"folderPath": "Resume_Full1"
		}
	},
	"type": "Microsoft.DataFactory/factories/datasets"
}