{
	"name": "DS_NAS_FILESHARE_RESUMES_CURRENT",
	"properties": {
		"description": "FileShare_Resume",
		"linkedServiceName": {
			"referenceName": "OnpremiseTalentResume",
			"type": "LinkedServiceReference"
		},
		"parameters": {
			"filepath": {
				"type": "string",
				"defaultValue": "Metadata"
			},
			"fileName": {
				"type": "string",
				"defaultValue": "NoMatch.csv"
			}
		},
		"annotations": [],
		"type": "FileShare",
		"typeProperties": {
			"format": {
				"type": "TextFormat",
				"columnDelimiter": ",",
				"rowDelimiter": "",
				"treatEmptyAsNull": true,
				"skipLineCount": 0,
				"firstRowAsHeader": true
			},
			"fileName": {
				"value": "@dataset().fileName",
				"type": "Expression"
			},
			"folderPath": "Metadata"
		}
	},
	"type": "Microsoft.DataFactory/factories/datasets"
}