{
  "$schema": "https://schema.management.azure.com/schemas/2015-01-01/deploymentParameters.json#",
  "contentVersion": "1.0.0.0",
  "parameters": {
    "projectCode": {
      "value": "*** Enter 3 to 6 digit project code"
    },
    "environmentCode": {
      "value": "qas"
    },
    "location": {
      "value": "East US"
    },
    "workspaceId": {
      "value": "/subscriptions/**Subscription ID goes here **/resourcegroups/*** US_Function Name_PREPROD or PROD RG/providers/Microsoft.OperationalInsights/workspaces/**workspace name here"
    },
    "logsRetentionDays": {
      "value": 90
    },
    "enableNonSslPort": {
      "value": "false"
    },
    "RedisCachePool": {
      "value": "1"
    },
    "vnetRgName": {
      "value": [
        "Enter the name of the Vnet Resource Group",
        "Enter the name of the Vnet Resource Group"
      ]
    },
    "vnetName": {
      "value": [
        "Enter the name of the Virtual Network",
        "Enter the name of the Virtual Network"
      ]
    },
    "vnetSubnetName": {
      "value": [
        "Enter the name of the Subent under theVirtual Network",
        "Enter the name of the Subent under theVirtual Network"
      ]
    }
  }
}