{
    "$schema": "https://schema.management.azure.com/schemas/2015-01-01/deploymentTemplate.json#",
    "contentVersion": "1.0.0.0",
    "parameters": {
        "projectCode": {
            "type": "string",
            "metadata": {
                "description": "The project 3 digits code"
            }
        },
        "environmentCode": {
            "type": "string",
            "metadata": {
                "description": "The environment 3 digits code"
            },
            "allowedValues": [
                "dev",
                "qas",
                "loa",
                "stg",
                "prd",
                "bcp"
            ]
        },
        "workspaceId": {
            "type": "string",
            "metadata": {
                "description": "Log Analytics workspace ID for the Log Analytics workspace to which logs will be sent."
            }
        },
        "vnetRgName": {
            "type": "array",
            "metadata": {
                "description": "The Resource Group that contains the Redis Cache VNET"
            }
        },
        "enableNonSslPort": {
            "type": "bool",
            "defaultValue": false,
            "metadata": {
                "description": "A boolean value that indicates whether to allow access via non-SSL ports."
            }
        },
        "vnetName": {
            "type": "array",
            "metadata": {
                "description": "The VNET that contains the subnet used by the Redis Cache"
            }
        },
        "VnetSubnetName": {
            "type": "array",
            "metadata": {
                "description": "The Subnet used by Redis Cache"
            }
        },
        "RedisCachePool": {
            "type": "string",
            "allowedValues": [
                "1",
                "2",
                "3"
            ],
            "defaultValue": 1,
            "metadata": {
                "description": "Defines the level of Premium tier for Redis Cache"
            }
        },
        "logsRetentionDays": {
            "type": "int",
            "defaultValue": 0,
            "metadata": {
                "description": "Defines the number of logs retention days"
            }
        }
    },
    "variables": {
        "redisCacheName": [
            "[concat(variables('environmentVariable').char, parameters('projectCode'),'-redis-eus')]",
            "[concat(variables('environmentVariable').char, parameters('projectCode'),'-redis-wus')]"
        ],
        "redisCacheSubnet": [
            "[resourceId(parameters('vnetRgName')[0], 'Microsoft.Network/virtualNetworks/subnets', parameters('vnetName')[0], parameters('vnetSubnetName')[0])]",
            "[resourceId(parameters('vnetRgName')[1], 'Microsoft.Network/virtualNetworks/subnets', parameters('vnetName')[1], parameters('vnetSubnetName')[1])]"
        ],
        "location": [
            "East US",
            "West US"
        ],
        "logsRetentionEnabled": "[if(equals(parameters('logsRetentionDays'), 0), 'False', 'True')]"
    },
    "resources": [
        {
            "type": "Microsoft.Cache/Redis",
            "apiVersion": "2017-10-01",
            "name": "[variables('redisCacheName')[copyIndex()]]",
            "location": "[variables('location')[copyIndex()]]",
            "properties": {
                "enableNonSslPort": "[parameters('enableNonSslPort')]",
                "shardCount": "1",
                "sku": {
                    "capacity": "[parameters('RedisCachePool')]",
                    "family": "P",
                    "name": "Premium"
                },
                "subnetID": "[parameters('redisCacheSubnet')]"
            },
            "resources": [
                {
                    "type": "providers/diagnosticSettings",
                    "name": "[concat('Microsoft.Insights/', 'service')]",
                    "dependsOn": [
                        "[resourceId('Microsoft.Cache/Redis', variables('redisCacheName')[copyIndex()])]"
                    ],
                    "apiVersion": "2017-05-01-preview",
                    "properties": {
                        "name": "service",
                        "workspaceId": "[parameters('workspaceId')]",
                        "metrics": [
                            {
                                "category": "AllMetrics",
                                "enabled": "True",
                                "retentionPolicy": {
                                    "days": "[parameters('logsRetentionDays')]",
                                    "enabled": "[variables('logsRetentionEnabled')]"
                                }
                            }
                        ]
                    }
                }
            ],
            "copy": {
                "name": "redisCacheBcpLoop",
                "count": "[variables('environmentVariable').bcpLoop]"
            }
        }
    ]
}