{
    "$schema": "https://schema.management.azure.com/schemas/2015-01-01/deploymentTemplate.json#",
    "contentVersion": "1.0.0.0",
    "parameters": {
        "projectCode": {
            "type": "string",
            "metadata": {
                "description": "The project 3 digits code"
            }
        },
        "environmentCode": {
            "type": "string",
            "metadata": {
                "description": "The environment 3 digits code"
            },
            "allowedValues": [
                "dev",
                "qas",
                "loa",
                "stg",
                "prd",
                "bcp"
            ]
        },
        "azureSearch1location": {
            "type": "string",
            "metadata": {
                "description": "The location of Azure Search #1"
            }
        }
    },
    "variables": {
        "environment": {
            "dev": {
                "char": "d",
                "azureSearch": "True"
            },
            "qas": {
                "char": "q",
                "azureSearch": "True"
            },
            "loa": {
                "char": "l",
                "azureSearch": "True"
            },
            "stg": {
                "char": "s",
                "azureSearch": "True"
            },
            "prd": {
                "char": "",
                "azureSearch": "True"
            },
            "bcp": {
                "char": "",
                "azureSearch": "False"            }
        },
        "azureSearch1Name": "[concat(variables('environmentVariable').char, parameters('projectCode'), 'search-deloitte')]",
        "environmentVariable": "[variables('environment')[parameters('environmentCode')]]"
    },
    "resources": [
        {
            "type": "Microsoft.Search/searchServices",
            "apiVersion": "2015-08-19",
            "name": "[variables('azureSearch1Name')]",
            "condition": "[equals(variables('environmentVariable').azureSearch,'True')]",
            "location": "[parameters('azureSearch1location')]",
            "tags": {},
            "identity": {
                "type": "SystemAssigned"
            },
            "properties": {
                "replicaCount": "3",
                "partitionCount": "1",
                "hostingMode": "default"
            },
            "sku": {
                "name": "basic"
            }
        }
    ],
    "outputs": {}
}