{
    "id": "7f9050de-e7ea-4021-9e0a-30d2da2c37d5",
    "name": "ScmAppInsights",
    "friendlyName": "SCM - Azure App Insights",
    "description": "Azure DevOps task to create/modify/delete an App Insights resource.",
    "helpMarkDown": "[Learn more about this task](http://tfs.deloitte.com:8080/tfs/DAS%20Public/_git/ADO%20Extensions?path=%2FAppInsights.md)",
    "category": "Azure Pipelines",
    "author": "SCM Platform Management",
    "version": {
        "Major": 1,
        "Minor": 0,
        "Patch": 16
    },
    "instanceNameFormat": "Create/Update AppInsights: $(ProjectCode)-$(ResourceUniqueId)",
    "groups": [
        {
            "name": "Project",
            "displayName": "Project-Specific Information",
            "isExpanded": true            
        },
        {
            "name": "AppInsights",
            "displayName": "App Insights Settings",
            "isExpanded": true            
        },
        {
            "name": "LogSettings",
            "displayName": "Log Settings",
            "isExpanded": false
        }
    ],
    "inputs": [
        {
            "name": "ConnectedServiceName",
            "type": "connectedService:AzureRM",
            "label": "Azure RM Subscription",
            "defaultValue": "",
            "required": true,
            "helpMarkDown": "Select the Azure Resource Manager subscription for the deployment."
        },
        {
            "name": "ProjectCode",
            "type": "string",
            "label": "Project Code",
            "required": true,
            "helpMarkDown": "Please input three to six character Project Code.",
            "groupName": "Project",
            "validation": {
                "expression": "isMatch(value, '^[0-9a-z]{3,6}$', 'IgnoreCase')",
                "message": "String length must be between three and six characters"
            }
        },
        {
            "name": "ResourceUniqueId",
            "type": "string",
            "label": "Unique Id of Resource",
            "required": true,
            "helpMarkDown": "Please input a Unique Id to add to the end of each Resource name. i.e 01 or svc01. Please do not enter more than 5 characters.",
            "groupName": "Project",
            "validation": {
                "expression": "isMatch(value, '^[0-9a-z]{1,5}$', 'IgnoreCase')",
                "message": "Exceeded string length - Max is 5"
            }
        },
        {
            "name": "ResourceGroupName",
            "type": "pickList",
            "label": "Resource Group",
            "required": true,
            "helpMarkDown": "Please select or input Azure Resource Group for App Insights resource.",
            "groupName": "AppInsights",
            "properties": {
                "EditableOptions": "True"
            }
        },
        {
            "name": "AzureRegion",
            "type": "pickList",
            "label": "Azure Region",
            "defaultValue": "East US",            
            "required": true,
            "helpMarkDown": "Please select Azure Region for resource deployment.",
            "groupName": "AppInsights",
            "properties": {
                "EditableOptions": "True"
            }
        },
        {
            "name": "LogRetentionDays",
            "type": "int",
            "label": "Log Retention Days",
            "defaultValue": "90",
            "required": false,
            "helpMarkDown": "Defines the number of log retention days.",
            "groupName": "LogSettings"
        }
    ],
    "dataSourceBindings": [
        {
            "target": "ResourceGroupName",
            "endpointId": "$(ConnectedServiceName)",
            "dataSourceName": "AzureResourceGroups"
        },
        {
            "target": "AzureRegion",
            "endpointId": "$(ConnectedServiceName)",
            "dataSourceName": "AzureLocations"
        }
    ],
    "execution": {
        "PowerShell3": {
            "target": "$(currentDirectory)\\AppInsights.ps1",
            "argumentFormat": "",
            "workingDirectory": "$(System.DefaultWorkingDirectory)"
        }
    }
}