{
    "$schema": "https://schema.management.azure.com/schemas/2015-01-01/deploymentParameters.json#",
    "contentVersion": "1.0.0.0",
    "parameters": {
        "sqlServerName": {
            "value": "*** Name of SQL Server here"
        },
        "dataWarehouseName": {
            "value": "DataWarehouse Name"
        },
        "workspaceId": {
        "value": "/subscriptions/**Subscription ID goes here **/resourcegroups/*** US_Function Name_PREPROD or PROD RG/providers/Microsoft.OperationalInsights/workspaces/**workspace name here"
        },
        "logsRetentionDays": {
            "value": 90
        }
    }
}