{
    "$schema": "https://schema.management.azure.com/schemas/2015-01-01/deploymentTemplate.json#",
    "contentVersion": "1.0.0.0",
    "parameters": {
        "sqlServerName": {
            "type": "string",
            "metadata": {
                "description": "The SQL Server name."
            }
        },
        "dataWarehouseName": {
            "type": "string",
            "metadata": {
                "description": "The SQL Data Warehouse Database name."
            }
        },
        "performanceLevel": {
            "type": "string",
            "defaultValue": "DW400c",
            "metadata": {
                "description": "Choose a SQL Service tier and performance level that best fits your application needs."
            }
        },        
        "collation": {
            "type": "string",
            "defaultValue": "SQL_Latin1_General_CP1_CI_AS"
        },
        "workspaceId": {
            "type": "string",
            "metadata": {
                "description": "Log Analytics workspace ID for the Log Analytics workspace to which logs will be sent."
            }
        },
        "logsRetentionDays": {
            "type": "int",
            "defaultValue": 0,
            "metadata": {
                "description": "Defines the number of logs retention days"
            }
        }
    },
    "variables": {
        "dataWarehouse": {            
            "name": "[concat(parameters('sqlServerName'), '/', parameters('dataWarehouseName'))]",
            "performanceLevel": "[parameters('performanceLevel')]",
            "collation": "[parameters('collation')]"
        },
        "OMS": {
            "id": "[parameters('workspaceId')]",
            "logRetention": "[parameters('logsRetentionDays')]",
            "logsRetentionEnabled": "[if(equals(parameters('logsRetentionDays'), 0), 'False', 'True')]"
        }
    },
    "resources": [
        {
            "type": "Microsoft.Sql/servers/databases",
            "apiVersion": "2014-04-01-preview",
            "location": "[resourceGroup().location]",
            "name": "[variables('dataWarehouse').name]",
            "properties": {
                "edition": "DataWarehouse",
                "status": "Online",
                "collation": "[variables('dataWarehouse').collation]",
                "performanceLevel": "[variables('dataWarehouse').performanceLevel]"
            },
            "resources": [
                {
                    "type": "providers/diagnosticSettings",
                    "name": "[concat('Microsoft.Insights/', 'service')]",
                    "dependsOn": [
                        "[resourceId('Microsoft.Sql/servers/databases', variables('dataWarehouse').name)]"
                    ],                    
                    "apiVersion": "2017-05-01-preview",
                    "properties": {
                        "name": "service",
                        "workspaceId": "[variables('OMS').id]",
                        "logs": [
                            {
                                "category": "QueryStoreRuntimeStatistics",
                                "enabled": "True",
                                "retentionPolicy": {
                                    "days": "[variables('OMS').logRetention]",
                                    "enabled": "[variables('OMS').logsRetentionEnabled]"
                                }
                            },
                            {
                                "category": "QueryStoreWaitStatistics",
                                "enabled": "True",
                                "retentionPolicy": {
                                    "days": "[variables('OMS').logRetention]",
                                    "enabled": "[variables('OMS').logsRetentionEnabled]"
                                }
                            },
                            {
                                "category": "Errors",
                                "enabled": "True",
                                "retentionPolicy": {
                                    "days": "[variables('OMS').logRetention]",
                                    "enabled": "[variables('OMS').logsRetentionEnabled]"
                                }
                            },
                            {
                                "category": "DatabaseWaitStatistics",
                                "enabled": "True",
                                "retentionPolicy": {
                                    "days": "[variables('OMS').logRetention]",
                                    "enabled": "[variables('OMS').logsRetentionEnabled]"
                                }
                            },
                            {
                                "category": "Timeouts",
                                "enabled": "True",
                                "retentionPolicy": {
                                    "days": "[variables('OMS').logRetention]",
                                    "enabled": "[variables('OMS').logsRetentionEnabled]"
                                }
                            },
                            {
                                "category": "Blocks",
                                "enabled": "True",
                                "retentionPolicy": {
                                    "days": "[variables('OMS').logRetention]",
                                    "enabled": "[variables('OMS').logsRetentionEnabled]"
                                }
                            },
                            {
                                "category": "SQLInsights",
                                "enabled": "True",
                                "retentionPolicy": {
                                    "days": "[variables('OMS').logRetention]",
                                    "enabled": "[variables('OMS').logsRetentionEnabled]"
                                }
                            },
                            {
                                "category": "Audit",
                                "enabled": "True",
                                "retentionPolicy": {
                                    "days": "[variables('OMS').logRetention]",
                                    "enabled": "[variables('OMS').logsRetentionEnabled]"
                                }
                            }
                        ],
                        "metrics": [
                            {
                                "category": "AllMetrics",
                                "enabled": "True",
                                "retentionPolicy": {
                                    "days": "[variables('OMS').logRetention]",
                                    "enabled": "[variables('OMS').logsRetentionEnabled]"
                                }
                            }
                        ]
                    }
                }
            ]
        }
    ],
    "outputs": {}
}