{
    "id": "427a51de-93bf-47c6-b5ce-a746883c526f",
    "name": "SqlServer",
    "friendlyName": "SCM - Azure SQL SqlServer",
    "description": "DO NOT USE - STILL IN TESTING!!",
    "helpMarkDown": "[Learn more about this task](http://tfs.deloitte.com:8080/tfs/DAS%20Public/_git/ADO%20Extensions?path=%2FsqlServer.md)",
    "category": "Azure Pipelines",
    "author": "SCM Platform Management",
    "version": {
        "Major": 1,
        "Minor": 0,
        "Patch": 28
    },
    "preview": true,
    "instanceNameFormat": "Create/Update SqlServer: $(ProjectCode)",
    "groups": [
        {
            "name": "Project",
            "displayName": "Project-Specific Information",
            "isExpanded": true
        },
        {
            "name": "SqlServer",
            "displayName": "SQL Server Settings",
            "isExpanded": true
        },
        {
            "name": "LogSettings",
            "displayName": "Log Settings",
            "isExpanded": false
        }
    ],
    "inputs": [
        {
            "name": "ConnectedServiceName",
            "type": "connectedService:AzureRM",
            "label": "Azure RM Subscription",
            "defaultValue": "",
            "required": true,
            "helpMarkDown": "Select the Azure Resource Manager subscription for the deployment."
        },
        {
            "name": "ProjectCode",
            "type": "string",
            "label": "Project Code",
            "required": true,
            "helpMarkDown": "Project Code must be between 3-6 characters.",
            "groupName": "Project",
            "validation": {
                "expression": "isMatch(value, '^[0-9a-z]{3,6}$', 'IgnoreCase')",
                "message": "Project Code must be between 3-6 characters."
            }
        },
        {
            "name": "ResourceGroupName",
            "type": "pickList",
            "label": "Resource Group",
            "required": true,
            "helpMarkDown": "Please select or input Azure resource group.",
            "groupName": "SqlServer",
            "properties": {
                "EditableOptions": "True"
            }
        },
        {
            "name": "AzureRegion",
            "type": "pickList",
            "label": "Azure Region",
            "defaultValue": "East US",            
            "required": true,
            "helpMarkDown": "Please select Azure Region for resource deployment.",
            "groupName": "SqlServer",
            "properties": {
                "EditableOptions": "True"
            }
        },
        {
            "name": "sqlServerVersion",
            "type": "pickList",
            "label": "Version of SQL Server",
            "defaultValue": "12.0",
            "required": false,
            "helpMarkDown": "Choose the version of SQL Server to create.",
            "options": {
                "12.0": "12.0"
            },
            "groupName": "SqlServer"
        },
        {
            "name": "vnetResourceGroupName",
            "type": "pickList",
            "label": "Shared Network Resource Group",
            "required": true,
            "helpMarkDown": "Please select or input Shared Resource Group.",
            "groupName": "SqlServer",
            "properties": {
                "EditableOptions": "True"
            }
        },
        {
            "name": "Vnet",
            "type": "pickList",
            "label": "Shared Environment VNet Name",
            "required": true,
            "helpMarkDown": "Please select or input shared vnet name.",
            "groupName": "SqlServer",
            "properties": {
                "EditableOptions": "True"
            }
        },
        {
            "name": "subnet",
            "type": "pickList",
            "label": "Shared Environment subnet Name",
            "required": true,
            "helpMarkDown": "Please select or input shared subnet name.",
            "groupName": "SqlServer",
            "properties": {
                "EditableOptions": "True"
            }
        },
        {
            "name": "LogRetentionDays",
            "type": "int",
            "label": "Log Retention Days",
            "defaultValue": "90",
            "required": false,
            "helpMarkDown": "Defines the number of log retention days.",
            "groupName": "LogSettings"
        }
    ],
    "dataSourceBindings": [
        {
            "target": "ResourceGroupName",
            "endpointId": "$(ConnectedServiceName)",
            "dataSourceName": "AzureResourceGroups"
        },
        {
            "target": "AzureRegion",
            "endpointId": "$(ConnectedServiceName)",
            "dataSourceName": "AzureLocations"
        },
        {
            "target": "vnetResourceGroupName",
            "endpointId": "$(ConnectedServiceName)",
            "dataSourceName": "AzureResourceGroups"
        },
        {
            "target": "Vnet",
            "endpointId": "$(ConnectedServiceName)",
            "endpointUrl": "{{{endpoint.url}}}/subscriptions/{{{endpoint.subscriptionId}}}/resourceGroups/$(vnetResourceGroupName)/providers/Microsoft.Network/virtualNetworks?api-version=2019-09-01",
            "resultSelector": "jsonpath:$.value[*]",
            "resultTemplate": "{{{name}}}"
        },
        {
            "target": "subnet",
            "endpointId": "$(ConnectedServiceName)",
            "endpointUrl": "{{{endpoint.url}}}/subscriptions/{{{endpoint.subscriptionId}}}/resourceGroups/$(vnetResourceGroupName)/providers/Microsoft.Network/virtualNetworks/$(Vnet)/subnets?api-version=2019-09-01",
            "resultSelector": "jsonpath:$.value[*]",
            "resultTemplate":"{\"Value\": \"{{{id}}}\", \"DisplayValue\": \"{{{name}}}\" }"
        }
    ],
    "execution": {
        "PowerShell3": {
            "target": "$(currentDirectory)\\SqlServer.ps1",
            "argumentFormat": "",
            "workingDirectory": "$(System.DefaultWorkingDirectory)"
        }
    },
    "OutputVariables": [
    ]
}