{
    "$schema": "https://schema.management.azure.com/schemas/2015-01-01/deploymentTemplate.json#",
    "contentVersion": "2.0.0.0",
    "parameters": {
        "AIname": {
            "type": "string",
            "metadata": {
                "description": "The name of the AI instance."
            }
        },
        "workspaceId": {
            "type": "string",
            "metadata": {
                "description": "Log Analytics workspace ID for the Log Analytics workspace to which logs will be sent."
            }
        },
        "logsRetentionDays": {
            "type": "int",
            "defaultValue": 0,
            "metadata": {
                "description": "Defines the number of logs retention days"
            }
        },
        "AIenabled": {
            "type": "bool",
            "metadata": {
                "description": "The setting to show if Application Insights needs to be created."
            }
        },
        "ASEName": {
            "type": "string",
            "metadata": {
                "description": "The name of the Application Service Environmnet used by the Service Plan."
            }
        },
        "ASErgName": {
            "type": "string",
            "metadata": {
                "description": "The name of the resource group that hosts the ASE."
            }
        },
        "AppservicePlan": {
            "type": "string",
            "metadata": {
                "description": "The name of the app service plan"
            }
        },
        "azureRegion": {
            "type": "string",
            "metadata": {
                "description": "The region for the application"
            }
        },
        "workerPool": {
            "type": "string",
            "allowedValues": [
                "1",
                "2",
                "3"
            ],
            "defaultValue": 0,
            "metadata": {
                "description": "Defines which worker pool's (WP1, WP2 or WP3) resources will be used for the app service plan."
            }
        },
        "numberOfWorkersFromWorkerPool": {
            "type": "int",
            "defaultValue": 1,
            "metadata": {
                "description": "Defines the number of workers from the worker pool that will be used by the app service plan."
            }
        },
        "webappName": {
            "type": "string",
            "metadata": {
                "description": "The root name of the web application that is created."
            }
        },
        "AItemplateURI": {
            "type": "string",
            "metadata": {
                "description": "The URI of the ARM template for Application Insights."
            }
        },
        "appServicePlantemplateURI": {
            "type": "string",
            "metadata": {
                "description": "The URI of the ARM template for the AppServicePlan."
            }
        },
        "appServicetemplateURI": {
            "type": "string",
            "metadata": {
                "description": "The URI of the ARM template for AppService."
            }
        }
    },
    "variables": {
       "appInsights": {
           "name" : "[parameters('AIname')]",
           "enabled" : "[parameters('AIenabled')]",
           "templateURI": "[parameters('AItemplateURI')]"
       },
        "webApp": {
            "servicePlan": "[parameters('AppservicePlan')]",
            "name": "[parameters('webappName')]",
            "workerPool": "[parameters('workerPool')]",
            "numberOfWorkersFromWorkerPool": "[parameters('numberOfWorkersFromWorkerPool')]",
            "appServicePlantemplateURI" : "[parameters('appServicePlantemplateURI')]",
            "appServicetemplateURI" : "[parameters('appServicetemplateURI')]"
        
        },
        "OMS": {
            "ID": "[parameters('workspaceId')]",
            "logRetention": "[parameters('logsRetentionDays')]",
            "logsRetentionEnabled": "[if(equals(parameters('logsRetentionDays'), 0), 'False', 'True')]"
        },
        "appServiceEnvironmentName": "[parameters('ASEName')]",
        "appServiceEnvironmentRgName": "[parameters('ASErgName')]",
        "azureRegion": "[parameters('azureRegion')]"
    },
    "resources": [
        {
            "type": "Microsoft.Resources/deployments",
            "apiVersion": "2018-05-01",
            "name": "[concat(variables('appInsights').name,'-linkedtemplate')]",
            "condition" : "[variables('appInsights').enabled]",
            "properties": {
                "mode": "Incremental",
                "templateLink": {
                    "uri": "[variables('appInsights').templateURI]",
                    "contentVersion": "1.0.0.0"
                },
                "parameters": {
                    "AIname":{"value": "[variables('appInsights').name]"},
                    "workspaceId":{"value": "[variables('OMS').ID]"},
                    "logsRetentionDays":{"value": "[variables('OMS').logRetention]"}
                }
            }
        },
        {
            "type": "Microsoft.Resources/deployments",
            "apiVersion": "2018-05-01",
            "name": "[concat(variables('webApp').servicePlan,'-linkedtemplate')]",
            "properties": {
                "mode": "Incremental",
                "templateLink": {
                    "uri": "[variables('webApp').appServicePlantemplateURI]",
                    "contentVersion": "1.0.0.0"
                },
                "parameters": {
                    "workerPool":{"value": "[variables('webApp').workerPool]"},
                    "numberOfWorkersFromWorkerPool":{"value": "[variables('webApp').numberOfWorkersFromWorkerPool]"},
                    "logsRetentionDays":{"value": "[variables('OMS').logRetention]"},
                    "workspaceId":{"value": "[variables('OMS').ID]"},
                    "azureRegion":{"value": "[variables('azureRegion')]"},
                    "ASEName":{"value": "[variables('appServiceEnvironmentName')]"},
                    "ASErgName":{"value": "[variables('appServiceEnvironmentRgName')]"},
                    "AppservicePlan":{"value": "[variables('webApp').servicePlan]"}
                }
            }
        },
        {
            "type": "Microsoft.Resources/deployments",
            "apiVersion": "2018-05-01",
            "name": "[concat(variables('webApp').name,'-linkedtemplate')]",
            "dependsOn": [
                "[concat('Microsoft.Resources/deployments/',variables('webApp').servicePlan,'-linkedtemplate')]",
                "[concat('Microsoft.Resources/deployments/',variables('appInsights').name,'-linkedtemplate')]"
            ],
            "properties": {
                "mode": "Incremental",
                "templateLink": {
                    "uri": "[variables('webApp').appServicetemplateURI]",
                    "contentVersion": "1.0.0.0"
                },
                "parameters": {
                    "logsRetentionDays":{"value": "[variables('OMS').logRetention]"},
                    "workspaceId":{"value": "[variables('OMS').ID]"},
                    "azureRegion":{"value": "[variables('azureRegion')]"},
                    "ASEName":{"value": "[variables('appServiceEnvironmentName')]"},
                    "ASErgName":{"value": "[variables('appServiceEnvironmentRgName')]"},
                    "AppservicePlan":{"value": "[variables('webApp').servicePlan]"},
                    "AIname":{"value": "[variables('appInsights').name]"},
                    "AIenabled":{"value": "[variables('appInsights').enabled]"},
                    "webappName":{"value": "[variables('webApp').name]"},
                    "AIInstrumentationKey": {"value": "[if(variables('appInsights').enabled, reference(concat(variables('appInsights').name,'-linkedtemplate')).outputs.AIInstrumentationKey.value, '')]"}            
                }
            }
        }
    ],
    "outputs": {
    }
}