{
    "$schema": "https://schema.management.azure.com/schemas/2015-01-01/deploymentParameters.json#",
    "contentVersion": "1.0.0.0",
    "parameters": {
      "projectCode": {
        "value": "dslab"
      },
      "functionCode": {
        "value": "ena"
      },
      "environmentCode": {
        "value": "bcp"
      },
      "workspaceId": {
        "value": "/subscriptions/0c660c62-0a87-47e9-90e1-6eb078055ff5/resourcegroups/US-ENABLINGAREAS-PROD/providers/Microsoft.OperationalInsights/workspaces/US-ENABLINGAREAS-PROD-OMS"
      },
      "logsRetentionDays": {
        "value": 90
      },
      "projectKeyVaultAccessPolicies": {
        "value": [
          {
            "tenantId": "36da45f1-dd2c-4d1f-af13-5abe46b99921",
            "objectId": "97ece1e6-eddc-4861-a6d9-80f14630cf50",
            "permissions": {
              "keys": [
                "Get",
                "List",
                "Update",
                "Create",
                "Import",
                "Delete",
                "Recover",
                "Backup",
                "Restore"
              ],
              "secrets": [
                "Get",
                "List",
                "Set",
                "Delete",
                "Recover",
                "Backup",
                "Restore"
              ],
              "certificates": [
                "Get",
                "List",
                "Update",
                "Create",
                "Import",
                "Delete",
                "Recover",
                "Backup",
                "ManageContacts",
                "ManageIssuers",
                "GetIssuers",
                "ListIssuers",
                "SetIssuers",
                "DeleteIssuers"
              ]
            }
          },
          {
            "tenantId": "36da45f1-dd2c-4d1f-af13-5abe46b99921",
            "objectId": "3042f2f4-880a-489d-9edf-7294d9c35eb6",
            "permissions": {
              "keys": [
                "get",
                "Create"
              ],
              "secrets": [
                "get",
                "list"
              ]
            }
          },
          {
            "tenantId": "36da45f1-dd2c-4d1f-af13-5abe46b99921",
            "objectId": "bff012f1-66a7-4c0b-835a-dd0b76eb3c16",
            "permissions": {
              "keys": [
                "encrypt",
                "decrypt",
                "get"
              ]
            }
          }
        ]
      }
    }
  }