{
	"name": "DSLabParquetDatabricks",
	"type": "Microsoft.DataFactory/factories/linkedservices",
	"properties": {
		"annotations": [],
		"type": "AzureDatabricks",
		"typeProperties": {
			"domain": "https://eastus2.azuredatabricks.net",
			"accessToken": {
				"type": "AzureKeyVaultSecret",
				"store": {
					"referenceName": "dslabkeyvault",
					"type": "LinkedServiceReference"
				},
				"secretName": "DSLabParquet"
			},
			"existingClusterId": "0412-111954-enrol374"
		},
		"connectVia": {
			"referenceName": "ddslab-onpremiseir",
			"type": "IntegrationRuntimeReference"
		}
	}
}