{
	"name": "OnPremSQLGPSDMA",
	"properties": {
		"annotations": [],
		"type": "SqlServer",
		"typeProperties": {
			"connectionString": {
				"type": "AzureKeyVaultSecret",
				"store": {
					"referenceName": "dslabkeyvault",
					"type": "LinkedServiceReference"
				},
				"secretName": "onPremiseSQLGPSDMAFullConnectionString"
			}
		},
		"connectVia": {
			"referenceName": "ddslab-onpremiseir",
			"type": "IntegrationRuntimeReference"
		}
	},
	"type": "Microsoft.DataFactory/factories/linkedservices"
}