{
	"name": "OnpremiseTalentResume",
	"properties": {
		"annotations": [],
		"type": "FileServer",
		"typeProperties": {
			"host": "\\\\Ushdcnas50.us.deloitte.com\\TalentResume_DEV",
			"userId": "US\\USDSLABDFDAPP",
			"password": {
				"type": "AzureKeyVaultSecret",
				"store": {
					"referenceName": "dslabkeyvault",
					"type": "LinkedServiceReference"
				},
				"secretName": "onPremiseTalentResumePassword"
			}
		},
		"connectVia": {
			"referenceName": "ddslab-onpremiseir",
			"type": "IntegrationRuntimeReference"
		}
	},
	"type": "Microsoft.DataFactory/factories/linkedservices"
}