{
	"name": "OnpremiseHanaAmex",
	"properties": {
		"annotations": [],
		"type": "SapHana",
		"typeProperties": {
			"server": "ussaphwd.us.deloitte.com",
			"authenticationType": "Basic",
			"userName": "DFCTRY_CCARD",
			"password": {
				"type": "AzureKeyVaultSecret",
				"store": {
					"referenceName": "dslabkeyvault",
					"type": "LinkedServiceReference"
				},
				"secretName": "OnPremiseHanaAmexUserPassword"
			}
		},
		"connectVia": {
			"referenceName": "ddslab-onpremiseir",
			"type": "IntegrationRuntimeReference"
		}
	},
	"type": "Microsoft.DataFactory/factories/linkedservices"
}