{
    "$schema": "https://schema.management.azure.com/schemas/2015-01-01/deploymentTemplate.json#",
    "contentVersion": "1.0.0.0",
  "parameters": {
    "projectCode": {
      "type": "string",
      "metadata": {
        "description": "The project 3 digits code"
      }
    },
    "environmentCode": {
      "type": "string",
      "metadata": {
        "description": "The environment 3 digits code"
      },
      "allowedValues": [
        "dev",
        "qas",
        "loa",
        "stg",
        "prd",
        "bcp"
      ]
    },
    "storageAccountType": {
      "type": "string",
      "defaultValue": "Standard_LRS",
      "allowedValues": [
        "Standard_LRS",
        "Standard_GRS",
        "Standard_ZRS",
        "Standard_RAGRS",
        "Premium_LRS"
      ],
      "metadata": {
        "description": "The availablity and pricing tier of the storage account"
      }
    },
    "CdnSkuType": {
      "type": "string",
      "defaultValue": "Standard_Verizon",
      "allowedValues": [
        "Standard_Verizon",
        "Premium_Verizon"
      ],
      "metadata": {
        "description": "The availablity and pricing tier of cdn"
      }
    }
  },
  "variables": {
    "environment": {
      "dev": {
        "char": "d",
        "azureSearch": "True"
      },
      "qas": {
        "char": "q",
        "azureSearch": "True"
      },
      "loa": {
        "char": "l",
        "azureSearch": "True"
      },
      "stg": {
        "char": "s",
        "azureSearch": "True"
      },
      "prd": {
        "char": "",
        "azureSearch": "True"
      },
      "bcp": {
        "char": "",
        "azureSearch": "False"
      }
    },
    "endpointName": "[concat(variables('environment').char, parameters('projectCode'),'-','deloitte')]",
    "profileName": "[concat(variables('environment').char,parameters('projectCode'),'-','cdnprofile')]",
    "storageAccount1Name": "[concat(variables('environment').char,parameters('projectCode'),'-','stor')]"
  },
  "resources": [
    {
      "type": "Microsoft.Storage/storageAccounts",
      "apiVersion": "2017-06-01",
      "name": "[variables('storageAccount1Name')]",
      "location": "[resourceGroup().location]",
      "sku": {
        "name": "[parameters('storageAccountType')]"
      },
      "kind": "BlobStorage",
      "properties": {
        "supportsHttpsTrafficOnly": true,
        "accessTier": "Hot",
        "encryption": {
          "keySource": "Microsoft.Storage",
          "services": {
            "file": {
              "enabled": true
            },
            "blob": {
              "enabled": true
            }
          }
        }
      }
    },

    {
      "type": "Microsoft.Cdn/profiles",
      "name": "[variables('profileName')]",
      "location": "[resourceGroup().location]",
      "apiVersion": "2016-04-02",
      "tags": {
        "displayName": "[variables('profileName')]"
      },
      "sku": {
        "name": "[parameters('CdnSkuType')]"
      },
      "properties": {},
      "resources": [
        {
          "apiVersion": "2016-04-02",
          "name": "[variables('endpointName')]",
          "type": "endpoints",
          "dependsOn": [
            "[variables('profileName')]",
            "[variables('storageAccount1Name')]"
          ],
          "location": "[resourceGroup().location]",
          "properties": {
            "originHostHeader": "[replace(replace(reference(variables('storageAccount1Name')).primaryEndpoints.blob,'https://',''),'/','')]",
            "isHttpAllowed": true,
            "isHttpsAllowed": true,
            "queryStringCachingBehavior": "IgnoreQueryString",
            "contentTypesToCompress": [
              "text/plain",
              "text/html",
              "text/css",
              "application/x-javascript",
              "text/javascript"
            ],
            "isCompressionEnabled": true,
            "origins": [
              {
                "name": "origin1",
                "properties": {
                  "hostName": "[replace(replace(reference(variables('storageAccount1Name')).primaryEndpoints.blob,'https://',''),'/','')]"
                }
              }
            ]
          }
        }
      ]
    }
  ],
    "outputs": {}
}