{
    "$schema": "https://schema.management.azure.com/schemas/2015-01-01/deploymentParameters.json#",
    "contentVersion": "1.0.0.0",
    "parameters": {
      "projectCode": {
        "value": "dslab"
      },
      "functionCode": {
        "value": "ena"
      },
      "environmentCode": {
        "value": "dev"
      },
      "workspaceId": {
        "value": "/subscriptions/0c660c62-0a87-47e9-90e1-6eb078055ff5/resourceGroups/US-ENABLINGAREAS-PREPROD/providers/Microsoft.OperationalInsights/workspaces/US-ENABLINGAREAS-PREPROD-OMS"
      },
      "logsRetentionDays": {
        "value": 90
      },
      "projectKeyVaultAccessPolicies": {
        "value": [
          {
            "tenantId": "36da45f1-dd2c-4d1f-af13-5abe46b99921",
            "objectId": "97ece1e6-eddc-4861-a6d9-80f14630cf50",
            "permissions": {
              "keys": [
                "Get",
                "List",
                "Update",
                "Create",
                "Import",
                "Delete",
                "Recover",
                "Backup",
                "Restore"
              ],
              "secrets": [
                "Get",
                "List",
                "Set",
                "Delete",
                "Recover",
                "Backup",
                "Restore"
              ],
              "certificates": [
                "Get",
                "List",
                "Update",
                "Create",
                "Import",
                "Delete",
                "Recover",
                "Backup",
                "ManageContacts",
                "ManageIssuers",
                "GetIssuers",
                "ListIssuers",
                "SetIssuers",
                "DeleteIssuers"
              ]
            }
          },
          {
            "tenantId": "36da45f1-dd2c-4d1f-af13-5abe46b99921",
            "objectId": "b71a3a56-e7d0-4c10-a323-02f457c8a3aa",
            "permissions": {
              "keys": [
                "get",
                "Create"
              ],
              "secrets": [
                "get",
                "list"
              ]
            }
          },
          {
          "tenantId": "36da45f1-dd2c-4d1f-af13-5abe46b99921",
          "objectId": "f4360dfe-c073-4796-95ba-13dc7ad28fef",
          "permissions": {
            "secrets": [
              "get",
              "list",
              "set",
              "delete"
            ]
          }
        }
        ]
      }
    }
  }