{
    "$schema": "https://schema.management.azure.com/schemas/2015-01-01/deploymentTemplate.json#",
    "contentVersion": "1.0.0.0",
    "parameters": {
        "projectCode": {
            "type": "string",
            "metadata": {
                "description": "The project 3 digits code"
            }
        },
        "environmentCode": {
            "type": "string",
            "metadata": {
                "description": "The environment 3 digits code"
            },
            "allowedValues": [
                "dev",
                "qas",
                "loa",
                "stg",
                "prd",
                "bcp"
            ]
        },
        "azureSignalR1location": {
            "type": "string",
            "metadata": {
                "description": "The location of Azure SignalR #1"
            }
        }
    },
    "variables": {
        "environment": {
            "dev": {
                "char": "d",
                "azureSignalR": "True"
            },
            "qas": {
                "char": "q",
                "azureSignalR": "True"
            },
            "loa": {
                "char": "l",
                "azureSignalR": "True"
            },
            "stg": {
                "char": "s",
                "azureSignalR": "True"
            },
            "prd": {
                "char": "",
                "azureSignalR": "True"
            },
            "bcp": {
                "char": "",
                "azureSignalR": "False"            }
        },
        "azureSignalR1Name": "[concat(variables('environmentVariable').char, parameters('projectCode'), 'signalr')]",
        "environmentVariable": "[variables('environment')[parameters('environmentCode')]]",
    },
    "resources": [
        {
            "type": "Microsoft.SignalRService/SignalR",
            "apiVersion": "2018-10-01",
            "name": "[variables('azureSignalR1Name')]",
            "condition": "[equals(variables('environmentVariable').azureSignalR,'True')]",
            "location": "[parameters('azureSignalR1location')]",
            "sku": {
                "name": "Standard_S1",
                "tier": "Standard",
                "size": "S1",
                "capacity": 1
            },
            "properties": {
                "hostNamePrefix": "[variables('azureSignalR1Name')]"
            }
        }
    ],
    "outputs": {}
}