{
  "$schema": "https://schema.management.azure.com/schemas/2015-01-01/deploymentParameters.json#",
  "contentVersion": "1.0.0.0",
  "parameters": {
    "projectCode": {
      "value": "dmgt"
    },
    "environmentCode": {
      "value": "dev"
    },
    "ServiceFabricUpgrade": {
      "value": "Automatic"
    },
    "subnetReferenceEastUS": {
      "value": "/subscriptions/a538b62c-01c0-4fd3-acc4-e3b725f57982/resourceGroups/AZRG-ENA-USE-ITS-NPD/providers/Microsoft.Network/virtualNetworks/azusenpdvnt01/subnets/azusenpdsbn01-das-sf"
    },
    "subnetReferenceWestUS": {
      "value": "/subscriptions/a538b62c-01c0-4fd3-acc4-e3b725f57982/resourceGroups/AZRG-ENA-USE-ITS-NPD/providers/Microsoft.Network/virtualNetworks/azusenpdvnt01/subnets/azusenpdsbn01-das-sf"
    },
    "subnetReferenceSoutheastAsia": {
      "value": "/subscriptions/a538b62c-01c0-4fd3-acc4-e3b725f57982/resourceGroups/AZRG-APASE-ENA-ITS-NPD/providers/Microsoft.Network/virtualNetworks/azapsenpdvnt01/subnets/azapasenpdsbn01-das-sf"
    },
    "adminUserName": {
      "value": "dservicefabricusr"
    },
    "adminPassword": {
      "reference": {
        "keyVault": {
          "id": "/subscriptions/a538b62c-01c0-4fd3-acc4-e3b725f57982/resourceGroups/AZRG-ENA-DASMGT-DEV/providers/Microsoft.KeyVault/vaults/devkeyvault"
        },
        "secretName": "dservicefabricusr"
      }
    },
    "keyVaultIDEastUS": {
      "value": "/subscriptions/a538b62c-01c0-4fd3-acc4-e3b725f57982/resourceGroups/AZRG-ENA-KV-PREPROD-EUS/providers/Microsoft.KeyVault/vaults/enabling-kv-preprod-eus"
    },
    "keyVaultCertUrlEastUS": {
      "value": "https://enabling-kv-preprod-eus.vault.azure.net/secrets/ena-dasmgt-preprod-sfcert/89a48181d2754d63a22de94b0b0ae39f"
    },
    "certificateThumbprint": {
      "value": "456F92599496C8A2E45660038BC2045F2653A754"
    },
    "storageAccountType": {
      "value": "Standard_LRS"
    },
    "vmNodeType0Size": {
      "value": "Standard_D2_V2"
    },
    "vmssInstanceCount": {
      "value": 5
    },
    "workspaceId": {
      "value": "/subscriptions/0c660c62-0a87-47e9-90e1-6eb078055ff5/resourceGroups/US-ENABLINGAREAS-PREPROD/providers/Microsoft.OperationalInsights/workspaces/US-ENABLINGAREAS-PREPROD-OMS"
    },
    "logsRetentionDays": {
      "value": 90
    },
    "tagValues": {
      "value": {
        "BILLINGCODE": "TPX01443-19-19-AZ-6890",
        "CONTACTS": "{\"Group\":\"usscmplatformmgmt@deloitte.com\",\"PrimaryContact\":\"kmorrison@deloitte.com\",\"SecondaryContact\":\"astulov@deloitte.com\",\"BusinessOwner\":\"tmonaco@deloitte.com\"}",
        "CS": "{\"Classification\":\"Public\",\"Type\":\"Deloitte\",\"Qualifier\":\"Public\"}",
        "FUNCTION": "ENA",
        "SUBFUNCTION": "DAS-F&A-ADMIN",
        "MEMBERFIRM": "US",
        "COUNTRY": "US",
        "PORTFOLIO": "Business Services - Space Management",
        "ENVIRONMENT": "DEV"
      }
    }
  }
}