{
  "$schema": "http://schema.management.azure.com/schemas/2015-01-01/deploymentTemplate.json#",
  "contentVersion": "1.0.0.0",
  "parameters": {
    "projectCode": {
      "type": "string",
      "metadata": {
        "description": "The project 4 digits code"
      }
    },
    "environmentCode": {
      "type": "string",
      "metadata": {
        "description": "The environment 3 digits code"
      },
      "allowedValues": [
        "dev",
        "qas",
        "loa",
        "stg",
        "prd",
        "bcp"
      ]
    },
    "ServiceFabricUpgrade": {
      "type": "string",
      "metadata": {
        "description": "Service Fabric Upgrade Mode"
      },
      "allowedValues": [
        "Automatic",
        "Manual"
      ]
    },
    "subnetReferenceEastUS": {
      "type": "string",
      "metadata": {
        "description": "subnet resource id for region 1"
      }
    },
    "subnetReferenceWestUS": {
      "type": "string",
      "metadata": {
        "description": "subnet resource id for region 2"
      }
    },
    "subnetReferenceSoutheastAsia": {
      "type": "string",
      "metadata": {
        "description": "subnet resource id for region 3"
      }
    },
    "adminUserName": {
      "type": "string",
      "metadata": {
        "description": "Remote desktop user Id"
      }
    },
    "adminPassword": {
      "type": "securestring",
      "metadata": {
        "description": "Remote desktop user password"
      }
    },
    "keyVaultIDEastUS": {
      "type": "string",
      "defaultValue": "Invalid"
    },
    "keyVaultCertUrlEastUS": {
      "type": "string",
      "defaultValue": "Invalid"
    },
    "keyVaultIDWestUS": {
      "type": "string",
      "defaultValue": "Invalid"
    },
    "keyVaultCertUrlWestUS": {
      "type": "string",
      "defaultValue": "Invalid"
    },
    "keyVaultIDSoutheastAsia": {
      "type": "string",
      "defaultValue": "Invalid"
    },
    "keyVaultCertUrlSoutheastAsia": {
      "type": "string",
      "defaultValue": "Invalid"
    },
    "certificateThumbprint": {
      "type": "string",
      "defaultValue": "Invalid"
    },
    "storageAccountType": {
      "type": "string",
      "allowedValues": [
        "Standard_LRS",
        "Standard_GRS"
      ],
      "defaultValue": "Standard_LRS",
      "metadata": {
        "description": "Replication option for the VM image storage account"
      }
    },
    "diskType": {
      "type": "string",
      "defaultValue": "Standard_LRS",
      "allowedValues": [
        "StandardSSD_LRS",
        "Standard_LRS",
        "Premium_LRS"
      ],
      "metadata": {
        "description": "The Storage type of the data Disks"
      }
    },
    "vmssInstanceCount": {
      "type": "int",
      "defaultValue": 5,
      "metadata": {
        "description": "Instance count for node type"
      }
    },
    "vmNodeType0Size": {
      "type": "string",
      "defaultValue": "Standard_D2_V2"
    },
    "tagValues": {
      "type": "object"
    },
    "workspaceId": {
      "type": "string",
      "metadata": {
        "description": "Log Analytics workspace ID for the Log Analytics workspace to which logs will be sent."
      }
    },
    "logsRetentionDays": {
      "type": "int",
      "defaultValue": 0,
      "metadata": {
        "description": "Defines the number of logs rentetion days"
      }
    },
    "clusterProtectionLevel": {
      "type": "string",
      "allowedValues": [
        "None",
        "Sign",
        "EncryptAndSign"
      ],
      "defaultValue": "EncryptAndSign",
      "metadata": {
        "description": "Protection level.Three values are allowed - EncryptAndSign, Sign, None. It is best to keep the default of EncryptAndSign, unless you have a need not to"
      }
    },
    "httpsTrafficOnlyEnabled": {
      "type": "bool",
      "defaultValue": true
    }
  },
  "variables": {
    "environment": {
      "predev": {
        "char": "pd",
        "subscription": "predev",
        "bcpLoop": 1,
        "cert": "predev",
        "trafficManagerProfile": "False",
        "customAseRgSuffix": ""
      },
      "dev": {
        "char": "d",
        "subscription": "preprod",
        "bcpLoop": 1,
        "cert": "preprod",
        "trafficManagerProfile": "False",
        "customAseRgSuffix": ""
      },
      "qas": {
        "char": "q",
        "subscription": "preprod",
        "bcpLoop": 1,
        "cert": "preprod",
        "trafficManagerProfile": "False",
        "customAseRgSuffix": ""
      },
      "loa": {
        "char": "l",
        "subscription": "preprod",
        "bcpLoop": 1,
        "cert": "preprod",
        "trafficManagerProfile": "False",
        "customAseRgSuffix": ""
      },
      "stg": {
        "char": "s",
        "subscription": "prod",
        "bcpLoop": 2,
        "cert": "stg",
        "trafficManagerProfile": "True",
        "customAseRgSuffix": "-Prod"
      },
      "prd": {
        "char": "",
        "subscription": "prod",
        "bcpLoop": 3,
        "cert": "prd",
        "trafficManagerProfile": "True",
        "customAseRgSuffix": "-Prod"
      },
      "bcp": {
        "char": "",
        "subscription": "prod",
        "bcpLoop": 3,
        "cert": "prd",
        "trafficManagerProfile": "False",
        "customAseRgSuffix": "-Prod"
      }
    },
    "environmentVariable": "[variables('environment')[parameters('environmentCode')]]",

    "clusterName": [
      "[concat(parameters('projectCode'),'-eus-sf')]",
      "[concat(parameters('projectCode'),'-sea-sf')]",
      "[concat(parameters('projectCode'),'-wus-sf')]"
    ],

    "predevClusterFQDN": [
      "[concat(variables('clusterName')[0],'.deloitte.com')]"
    ],

    "preprodClusterFQDN": [
      "[concat(variables('clusterName')[0],'.us.deloitte.com')]",
      "[concat(variables('clusterName')[1],'.us.deloitte.com')]",
      "[concat(variables('clusterName')[2],'.us.deloitte.com')]"
    ],

    "prodClusterFQDN": [
      "[concat(variables('clusterName')[0],'.scm.us.deloitte.com')]",
      "[concat(variables('clusterName')[1],'.scm.us.deloitte.com')]",
      "[concat(variables('clusterName')[2],'.scm.us.deloitte.com')]"
    ],

    "trafficManagerDnsName": "[concat(parameters('projectCode'), '-sf-deloitte')]",
    "supportLogStorageAccountName": "[concat(parameters('projectCode'),'logstoresf')]",
    "applicationDiagnosticsStorageAccountName": "[concat(parameters('projectCode'),'diagstoresf')]",

    "location": [
      "EastUS",
      "SoutheastAsia",
      "WestUS"
    ],
    "vmssName": [
      "[concat(parameters('projectCode'),'-eus')]",
      "[concat(parameters('projectCode'),'-sea')]",
      "[concat(parameters('projectCode'),'-wus')]"

    ],
    "lbName": [
      "[concat(variables('vmssName')[0],'-ilb')]",
      "[concat(variables('vmssName')[1],'-ilb')]",
      "[concat(variables('vmssName')[2],'-ilb')]"
    ],
    "lbID": [
      "[resourceId('Microsoft.Network/loadBalancers', variables('lbName')[0])]",
      "[resourceId('Microsoft.Network/loadBalancers', variables('lbName')[1])]",
      "[resourceId('Microsoft.Network/loadBalancers', variables('lbName')[2])]"
    ],

    "lbIPConfig": [
      "[concat(variables('lbID')[0], '/frontendIPConfigurations/LoadBalancerIPConfig')]",
      "[concat(variables('lbID')[1], '/frontendIPConfigurations/LoadBalancerIPConfig')]",
      "[concat(variables('lbID')[2], '/frontendIPConfigurations/LoadBalancerIPConfig')]"
    ],
    "lbPoolID": [
      "[concat(variables('lbID')[0], '/backendAddressPools/LoadBalancerBEAddressPool')]",
      "[concat(variables('lbID')[1], '/backendAddressPools/LoadBalancerBEAddressPool')]",
      "[concat(variables('lbID')[2], '/backendAddressPools/LoadBalancerBEAddressPool')]"
    ],
    "lbProbeID": [
      "[concat(variables('lbID')[0], '/probes/FabricTcpGatewayProbe')]",
      "[concat(variables('lbID')[1], '/probes/FabricTcpGatewayProbe')]",
      "[concat(variables('lbID')[2], '/probes/FabricTcpGatewayProbe')]"
    ],
    "lbHttpProbeID": [
      "[concat(variables('lbID')[0], '/probes/FabricHttpGatewayProbe')]",
      "[concat(variables('lbID')[1], '/probes/FabricHttpGatewayProbe')]",
      "[concat(variables('lbID')[2], '/probes/FabricHttpGatewayProbe')]"
    ],
    "lbNatPoolID": [
      "[concat(variables('lbID')[0], '/inboundNatPools/LoadBalancerBEAddressNatPool')]",
      "[concat(variables('lbID')[1], '/inboundNatPools/LoadBalancerBEAddressNatPool')]",
      "[concat(variables('lbID')[2], '/inboundNatPools/LoadBalancerBEAddressNatPool')]"
    ],
    "lbProbe8981Port": [
      "[concat(variables('lbID')[0],'/probes/Port8981Probe')]",
      "[concat(variables('lbID')[1],'/probes/Port8981Probe')]",
      "[concat(variables('lbID')[2],'/probes/Port8981Probe')]"
    ],

    "fabricTcpGatewayPort": "19000",
    "fabricHttpGatewayPort": "19080",
    "fabricReverseProxyEndpointPort": "19081",

    "loadBalancedAppPort80": "80",
    "loadBalancedAppPort443": "443",
    "loadBalancedAppPort8981": "8981",

    "certificateStoreValue": "My",

    "predev-privateIPAddress": [
      "10.146.169.145",
      "unknown",
      "unknown"
    ],

    "dev-privateIPAddress": [
      "10.146.169.133",
      "unknown",
      "unknown"
    ],
    "qas-privateIPAddress": [
      "10.146.169.140",
      "unknown",
      "unknown"
    ],
    "stg-privateIPAddress": [
      "10.212.3.100",
      "10.240.136.100",
      "10.214.2.230"
    ],
    "prd-privateIPAddress": [
      "10.212.3.106",
      "10.240.136.106",
      "10.214.2.236"
    ],

    "logsRetentionEnabled": "[if(equals(parameters('logsRetentionDays'), 0), 'False', 'True')]"
  },
  "resources": [
    {
      "apiVersion": "2017-06-01",
      "type": "Microsoft.Storage/storageAccounts",
      "name": "[variables('supportLogStorageAccountName')]",
      "location": "[variables('location')[0]]",
      "tags": "[parameters('tagValues')]",
      "kind": "Storage",
      "sku": {
        "name": "[parameters('storageAccountType')]"
      },
      "properties": {
        "supportsHttpsTrafficOnly": "[parameters('httpsTrafficOnlyEnabled')]",
        "encryption": {
          "services": {
            "blob": {
              "enabled": true
            },
            "file": {
              "enabled": true
            }
          },
          "keySource": "Microsoft.Storage"
        }
      }
    },
    {
      "apiVersion": "2017-06-01",
      "type": "Microsoft.Storage/storageAccounts",
      "name": "[variables('applicationDiagnosticsStorageAccountName')]",
      "location": "[variables('location')[0]]",
      "tags": "[parameters('tagValues')]",
      "kind": "Storage",
      "sku": {
        "name": "[parameters('storageAccountType')]"
      },
      "properties": {
        "supportsHttpsTrafficOnly": "[parameters('httpsTrafficOnlyEnabled')]",
        "encryption": {
          "services": {
            "blob": {
              "enabled": true
            },
            "file": {
              "enabled": true
            }
          },
          "keySource": "Microsoft.Storage"
        }
      }
    },
    {
      "apiVersion": "2017-10-01",
      "type": "Microsoft.Network/loadBalancers",
      "name": "[variables('lbName')[copyIndex()]]",
      "location": "[variables('location')[copyIndex()]]",
      "copy": {
        "name": "serviceFabricPlan",
        "count": "[variables('environmentVariable').bcpLoop]"
      },
      "dependsOn": [

      ],
      "tags": "[parameters('tagValues')]",
      "properties": {
        "frontendIPConfigurations": [
          {
            "name": "LoadBalancerIPConfig",
            "properties": {
              "privateIPAllocationMethod": "Static",
              "privateIPAddress": "[variables(concat(parameters('environmentCode'),'-privateIPAddress'))[copyIndex()]]",
              "subnet": {
                "id": "[parameters(concat('subnetReference',variables('location')[copyIndex()]))]"
              }
            }
          }
        ],
        "backendAddressPools": [
          {
            "name": "LoadBalancerBEAddressPool"
          }
        ],
        "loadBalancingRules": [
          {
            "name": "LBRule",
            "properties": {
              "backendAddressPool": {
                "id": "[variables('lbPoolID')[copyIndex()]]"
              },
              "backendPort": "[variables('fabricTcpGatewayPort')]",
              "enableFloatingIP": false,
              "frontendIPConfiguration": {
                "id": "[variables('lbIPConfig')[copyIndex()]]"
              },
              "frontendPort": "[variables('fabricTcpGatewayPort')]",
              "idleTimeoutInMinutes": 5,
              "probe": {
                "id": "[variables('lbProbeID')[copyIndex()]]"
              },
              "protocol": "Tcp"
            }
          },
          {
            "name": "LBHttpRule",
            "properties": {
              "backendAddressPool": {
                "id": "[variables('lbPoolID')[copyIndex()]]"
              },
              "backendPort": "[variables('fabricHttpGatewayPort')]",
              "enableFloatingIP": false,
              "frontendIPConfiguration": {
                "id": "[variables('lbIPConfig')[copyIndex()]]"
              },
              "frontendPort": "[variables('fabricHttpGatewayPort')]",
              "idleTimeoutInMinutes": 5,
              "probe": {
                "id": "[variables('lbHttpProbeID')[copyIndex()]]"
              },
              "protocol": "Tcp"
            }
          },
          {
            "name": "LBReverseProxyRule",
            "properties": {
              "backendAddressPool": {
                "id": "[variables('lbPoolID')[copyIndex()]]"
              },
              "backendPort": "[variables('fabricReverseProxyEndpointPort')]",
              "enableFloatingIP": false,
              "frontendIPConfiguration": {
                "id": "[variables('lbIPConfig')[copyIndex()]]"
              },
              "frontendPort": "[variables('fabricReverseProxyEndpointPort')]",
              "idleTimeoutInMinutes": 5,
              "probe": {
                "id": "[concat(variables('lbID')[copyIndex()],'/probes/ReverseProxyProbe')]"
              },
              "protocol": "Tcp"
            }
          },
          {
            "name": "AppPortLBRule1",
            "properties": {
              "backendAddressPool": {
                "id": "[variables('lbPoolID')[copyIndex()]]"
              },
              "backendPort": "[variables('loadBalancedAppPort8981')]",
              "enableFloatingIP": false,
              "frontendIPConfiguration": {
                "id": "[variables('lbIPConfig')[copyIndex()]]"
              },
              "frontendPort": "[variables('loadBalancedAppPort443')]",
              "idleTimeoutInMinutes": 5,
              "probe": {
                "id": "[concat(variables('lbID')[copyIndex()], '/probes/Port8981Probe')]"
              },
              "protocol": "Tcp"
            }
          }
          //{
          //    "name": "AppPortLBRule2",
          //    "properties": {
          //        "backendAddressPool": {
          //            "id": "[variables('lbPoolID')[copyIndex()]]"
          //        },
          //        "backendPort": "[variables('loadBalancedAppPort443')]",
          //        "enableFloatingIP": false,
          //        "frontendIPConfiguration": {
          //            "id": "[variables('lbIPConfig')[copyIndex()]]"
          //        },
          //        "frontendPort": "[variables('loadBalancedAppPort443')]",
          //        "idleTimeoutInMinutes": 5,
          //        "probe": {
          //            "id": "[concat(variables('lbID')[copyIndex()], '/probes/AppPortProbe2')]"
          //        },
          //        "protocol": "Tcp"
          //    }
          //}
        ],
        "probes": [
          {
            "name": "FabricTcpGatewayProbe",
            "properties": {
              "intervalInSeconds": 5,
              "numberOfProbes": 2,
              "port": "[variables('fabricTcpGatewayPort')]",
              "protocol": "Tcp"
            }
          },
          {
            "name": "FabricHttpGatewayProbe",
            "properties": {
              "intervalInSeconds": 5,
              "numberOfProbes": 2,
              "port": "[variables('fabricHttpGatewayPort')]",
              "protocol": "Tcp"
            }
          },
          {
            "name": "ReverseProxyProbe",
            "properties": {
              "intervalInSeconds": 5,
              "numberOfProbes": 2,
              "port": "[variables('fabricReverseProxyEndpointPort')]",
              "protocol": "Tcp"
            }
          },
          //{
          //    "name": "AppPortProbe2",
          //    "properties": {
          //        "intervalInSeconds": 5,
          //        "numberOfProbes": 2,
          //        "port": "[variables('loadBalancedAppPort443')]",
          //        "protocol": "Tcp"
          //    }
          //},
          {
            "name": "Port8981Probe",
            "properties": {
              "intervalInSeconds": 5,
              "numberOfProbes": 2,
              "port": "[variables('loadBalancedAppPort8981')]",
              "protocol": "Tcp"
            }
          }
        ],
        "inboundNatPools": [
          {
            "name": "LoadBalancerBEAddressNatPool",
            "properties": {
              "backendPort": 3389,
              "frontendIPConfiguration": {
                "id": "[variables('lbIPConfig')[copyIndex()]]"
              },
              "frontendPortRangeEnd": 4500,
              "frontendPortRangeStart": 3390,
              "protocol": "Tcp"
            }
          }
        ]
      },
      "resources": [
        {
          "type": "providers/diagnosticSettings",
          "name": "Microsoft.Insights/service",
          "apiVersion": "2017-05-01-preview",
          "dependsOn": [
            "[resourceId('Microsoft.Network/loadBalancers',variables('lbName')[copyIndex()])]"
          ],
          "properties": {
            "name": "service",
            "workspaceId": "[parameters('workspaceId')]",
            "metrics": [
              {
                "category": "AllMetrics",
                "enabled": "True",
                "retentionPolicy": {
                  "days": "[parameters('logsRetentionDays')]",
                  "enabled": "[variables('logsRetentionEnabled')]"
                }
              }
            ]
          }
        }
      ]
    },
    {
      "apiVersion": "2018-06-01",
      "type": "Microsoft.Compute/virtualMachineScaleSets",
      "name": "[variables('vmssName')[copyIndex()]]",
      "location": "[variables('location')[copyIndex()]]",
      "dependsOn": [
        "[resourceId('Microsoft.Storage/storageAccounts',variables('supportLogStorageAccountName'))]",
        "[resourceId('Microsoft.Storage/storageAccounts',variables('applicationDiagnosticsStorageAccountName'))]",
        "[resourceId('Microsoft.Network/loadBalancers',variables('lbName')[copyIndex()])]"
      ],
      "copy": {
        "name": "serviceFabricPlan",
        "count": "[variables('environmentVariable').bcpLoop]"
      },
      "tags": "[parameters('tagValues')]",
      "identity": {
        "type": "SystemAssigned"
      },
      "properties": {
        "overprovision": false,
        "upgradePolicy": {
          "mode": "Automatic"
        },
        "virtualMachineProfile": {
          "extensionProfile": {
            "extensions": [
              {
                "name": "[concat('ServiceFabricNodeVmExt', '_', variables('vmssName')[copyIndex()])]",
                "properties": {
                  "type": "ServiceFabricNode",
                  "autoUpgradeMinorVersion": true,
                  "protectedSettings": {
                    "StorageAccountKey1": "[listKeys(resourceId('Microsoft.Storage/storageAccounts', variables('supportLogStorageAccountName')),'2015-06-15').key1]",
                    "StorageAccountKey2": "[listKeys(resourceId('Microsoft.Storage/storageAccounts', variables('supportLogStorageAccountName')),'2015-06-15').key2]"
                  },
                  "publisher": "Microsoft.Azure.ServiceFabric",
                  "settings": {
                    "clusterEndpoint": "[reference(variables('clusterName')[copyIndex()]).clusterEndpoint]",
                    "nodeTypeRef": "[variables('vmssName')[copyIndex()]]",
                    "dataPath": "D:\\SvcFab",
                    "durabilityLevel": "Bronze",
                    "enableParallelJobs": true,
                    "certificate": {
                      "thumbprint": "[parameters('certificateThumbprint')]",
                      "x509StoreName": "[variables('certificateStoreValue')]"
                    }
                  },
                  "typeHandlerVersion": "1.0"
                }
              },
              {
                "name": "ManagedIdentityWindowsExtension",
                "properties": {
                  "publisher": "Microsoft.ManagedIdentity",
                  "type": "ManagedIdentityExtensionForWindows",
                  "typeHandlerVersion": "1.0",
                  "autoUpgradeMinorVersion": true,
                  "settings": {
                    "port": 50342
                  },
                  "protectedSettings": {}
                }
              },
              {
                "name": "[concat('VMDiagnosticsVmExt', '_', variables('vmssName')[copyIndex()])]",
                "properties": {
                  "type": "IaaSDiagnostics",
                  "autoUpgradeMinorVersion": true,
                  "protectedSettings": {
                    "storageAccountName": "[variables('applicationDiagnosticsStorageAccountName')]",
                    "storageAccountKey": "[listKeys(resourceId('Microsoft.Storage/storageAccounts', variables('applicationDiagnosticsStorageAccountName')),'2015-06-15').key1]",
                    "storageAccountEndPoint": "https://core.windows.net/"
                  },
                  "publisher": "Microsoft.Azure.Diagnostics",
                  "settings": {
                    "WadCfg": {
                      "DiagnosticMonitorConfiguration": {
                        "overallQuotaInMB": "50000",
                        "EtwProviders": {
                          "EtwEventSourceProviderConfiguration": [
                            {
                              "provider": "Microsoft-ServiceFabric-Actors",
                              "scheduledTransferKeywordFilter": "1",
                              "scheduledTransferPeriod": "PT5M",
                              "DefaultEvents": {
                                "eventDestination": "ServiceFabricReliableActorEventTable"
                              }
                            },
                            {
                              "provider": "Microsoft-ServiceFabric-Services",
                              "scheduledTransferPeriod": "PT5M",
                              "DefaultEvents": {
                                "eventDestination": "ServiceFabricReliableServiceEventTable"
                              }
                            }
                          ],
                          "EtwManifestProviderConfiguration": [
                            {
                              "provider": "cbd93bc2-71e5-4566-b3a7-595d8eeca6e8",
                              "scheduledTransferLogLevelFilter": "Information",
                              "scheduledTransferKeywordFilter": "4611686018427387904",
                              "scheduledTransferPeriod": "PT5M",
                              "DefaultEvents": {
                                "eventDestination": "ServiceFabricSystemEventTable"
                              }
                            }
                          ]
                        }
                      }
                    },
                    "StorageAccount": "[variables('applicationDiagnosticsStorageAccountName')]"
                  },
                  "typeHandlerVersion": "1.5"
                }
              }
            ]
          },
          "networkProfile": {
            "networkInterfaceConfigurations": [
              {
                "name": "[concat(parameters('projectCode'),'nic-0')]",
                "properties": {
                  "ipConfigurations": [
                    {
                      "name": "[concat(parameters('projectCode'),'nic-0-config')]",
                      "properties": {
                        "loadBalancerBackendAddressPools": [
                          {
                            "id": "[variables('lbPoolID')[copyIndex()]]"
                          }
                        ],
                        "loadBalancerInboundNatPools": [
                          {
                            "id": "[variables('lbNatPoolID')[copyIndex()]]"
                          }
                        ],
                        "subnet": {
                          "id": "[parameters(concat('subnetReference',variables('location')[copyIndex()]))]"
                        }
                      }
                    }
                  ],
                  "primary": true
                }
              }
            ]
          },
          "osProfile": {
            "adminPassword": "[parameters('adminPassword')]",
            "adminUsername": "[parameters('adminUsername')]",
            "computerNamePrefix": "[variables('vmssName')[copyIndex()]]",
            "secrets": [
              {
                "sourceVault": {
                  "id": "[parameters(concat('keyVaultId',variables('location')[copyIndex()]))]"
                },
                "vaultCertificates": [
                  {
                    "certificateStore": "[variables('certificateStoreValue')]",
                    "certificateUrl": "[parameters(concat('keyVaultCertUrl',variables('location')[copyIndex()]))]"
                  }
                ]
              }
            ]
          },
          "storageProfile": {
            "imageReference": {
              "publisher": "MicrosoftWindowsServer",
              "offer": "WindowsServer",
              "sku": "2016-Datacenter",
              "version": "latest"
            },
            "osDisk": {
              "caching": "ReadOnly",
              "createOption": "FromImage",
              "managedDisk": {
                "storageAccountType": "[parameters('diskType')]"
              }
            }
          }
        }
      },
      "sku": {
        "name": "[parameters('vmNodeType0Size')]",
        "capacity": "[parameters('vmssInstanceCount')]",
        "tier": "Standard"
      }
    },
    {
      "apiVersion": "2017-07-01-preview",
      "type": "Microsoft.ServiceFabric/clusters",
      "name": "[variables('clusterName')[copyIndex()]]",
      "location": "[variables('location')[copyIndex()]]",
      "dependsOn": [
        "[resourceId('Microsoft.Storage/storageAccounts',variables('supportLogStorageAccountName'))]"
      ],
      "copy": {
        "name": "serviceFabricPlan",
        "count": "[variables('environmentVariable').bcpLoop]"
      },
      "tags": "[parameters('tagValues')]",
      "properties": {
        "addOnFeatures": [
          "DnsService",
          "RepairManager"
        ],
        "certificate": {
          "thumbprint": "[parameters('certificateThumbprint')]",
          "x509StoreName": "[variables('certificateStoreValue')]"
        },
        "clusterState": "Default",
        "diagnosticsStorageAccountConfig": {
          "blobEndpoint": "[concat('https://', variables('supportLogStorageAccountName'), '.blob.core.windows.net/')]",
          "protectedAccountKeyName": "StorageAccountKey1",
          "queueEndpoint": "[concat('https://', variables('supportLogStorageAccountName'), '.queue.core.windows.net/')]",
          "storageAccountName": "[variables('supportLogStorageAccountName')]",
          "tableEndpoint": "[concat('https://', variables('supportLogStorageAccountName'), '.table.core.windows.net/')]"
        },
        "fabricSettings": [
          {
            "name": "Security",
            "parameters": [
              {
                "name": "ClusterProtectionLevel",
                "value": "[parameters('clusterProtectionLevel')]"
              }
            ]
          },
          {
            "name": "KtlLogger",
            "parameters": [
              {
                "name": "SharedLogSizeInMB",
                "value": "2048"
              }
            ]
          },
          {
            "name": "Diagnostics",
            "parameters": [
              {
                "name": "MaxDiskQuotaInMB",
                "value": "2048"
              }
            ]
          },
          {
            "name": "Setup",
            "parameters": [
              {
                "name": "FabricLogRoot",
                "value": "C:\\SvcFabLogs\\Logs"
              }
            ]
          }
        ],
        "managementEndpoint": "[concat('https://', variables(concat(variables('environmentVariable').subscription,'clusterFQDN'))[copyIndex()] , ':', variables('fabricHttpGatewayPort'))]",
        "nodeTypes": [
          {
            "name": "[variables('vmssName')[copyIndex()]]",
            "applicationPorts": {
              "endPort": "30000",
              "startPort": "20000"
            },
            "clientConnectionEndpointPort": "[variables('fabricTcpGatewayPort')]",
            "ephemeralPorts": {
              "endPort": "65534",
              "startPort": "49152"
            },
            "httpGatewayEndpointPort": "[variables('fabricHttpGatewayPort')]",
            "isPrimary": true,
            "vmInstanceCount": "[parameters('vmssInstanceCount')]",
            "reverseProxyEndpointPort": "[variables('fabricReverseProxyEndpointPort')]"
          }
        ],
        "provisioningState": "Default",
        "reliabilityLevel": "Silver",
        "reverseProxyCertificate": {
          "thumbprint": "[parameters('certificateThumbprint')]",
          "x509StoreName": "[variables('certificateStoreValue')]"
        },
        "upgradeMode": "[parameters('ServiceFabricUpgrade')]",
        "vmImage": "Windows"
      }
    },
    {
      "condition": "[equals(variables('environmentVariable').subscription,'prod')]",
      "apiVersion": "2017-05-01",
      "type": "Microsoft.Network/trafficManagerProfiles",
      "name": "[variables('trafficManagerDnsName')]",
      "location": "global",
      "tags": "[parameters('tagValues')]",
      "dependsOn": [],
      "properties": {
        "profileStatus": "Enabled",
        "trafficRoutingMethod": "Performance",
        "dnsConfig": {
          "relativeName": "[variables('trafficManagerDnsName')]",
          "fqdn": "[concat(variables('trafficManagerDnsName'),'.trafficmanager.net')]",
          "ttl": 30
        },
        "monitorConfig": {
          "protocol": "HTTPS",
          "port": 443,
          "path": "/infrastructure/api/HealthChecks/GetStatus",
          "intervalInSeconds": 30,
          "toleratedNumberOfFailures": 3,
          "timeoutInSeconds": 10
        }
      }
    },
    {
      "condition": "[equals(variables('environmentVariable').subscription,'prod')]",
      "type": "Microsoft.Network/trafficManagerProfiles/externalEndpoints",
      "apiVersion": "2017-05-01",
      "name": "[concat(variables('trafficManagerDnsName'),'/',variables('location')[copyIndex()])]",
      "location": "global",
      "tags": "[parameters('tagValues')]",
      "properties": {
        "endpointStatus": "Enabled",
        "target": "[variables('preprodClusterFQDN')[copyIndex()]]",
        "endpointLocation": "[variables('location')[copyIndex()]]"
      },
      "dependsOn": [
        "[concat('Microsoft.Network/trafficManagerProfiles/', variables('trafficManagerDnsName'))]"
      ],
      "copy": {
        "name": "serviceFabricTrafficManagerLoop",
        "count": "[variables('environmentVariable').bcpLoop]"
      }
    }
  ],
  "outputs": {

  }
}