{
  "$schema": "https://schema.management.azure.com/schemas/2015-01-01/deploymentParameters.json#",
  "contentVersion": "1.0.0.0",
  "parameters": {
    "projectCode": {
      "value": "mgt"
    },
    "environmentCode": {
      "value": "prd"
    },
    "ServiceFabricUpgrade": {
      "value": "Manual"
    },
    "subnetReferenceEastUS": {
      "value": "/subscriptions/bfc7eac2-0d08-4251-921e-5fe25ba65b98/resourceGroups/AZRG-USE-ENA-ITS-PRD/providers/Microsoft.Network/virtualNetworks/azuseprdvnt01/subnets/azuseprdsbn01-das-sf"
    },
    "subnetReferenceWestUS": {
      "value": "/subscriptions/bfc7eac2-0d08-4251-921e-5fe25ba65b98/resourceGroups/AZRG-USW-ENA-ITS-PRD/providers/Microsoft.Network/virtualNetworks/azuswprdvnt01/subnets/azuswprdsbn01-das-sf"
    },
    "subnetReferenceSoutheastAsia": {
      "value": "/subscriptions/bfc7eac2-0d08-4251-921e-5fe25ba65b98/resourceGroups/AZRG-APASE-ENA-ITS-PRD/providers/Microsoft.Network/virtualNetworks/azapseprdvnt01/subnets/azapaseprdsbn04-das-sf"
    },
    "adminUserName": {
      "value": "servicefabricusr"
    },
    "adminPassword": {
      "reference": {
        "keyVault": {
          "id": "/subscriptions/bfc7eac2-0d08-4251-921e-5fe25ba65b98/resourceGroups/AZRG-ENA-DASMGT-PRD/providers/Microsoft.KeyVault/vaults/prdkeyvault"
        },
        "secretName": "servicefabricusr"
      }
    },
    "keyVaultIDEastUS": {
      "value": "/subscriptions/bfc7eac2-0d08-4251-921e-5fe25ba65b98/resourceGroups/AZRG-ENA-DASMGT-PRD/providers/Microsoft.KeyVault/vaults/euskeyvault"
    },
    "keyVaultCertUrlEastUS": {
      "value": "https://mgt-eusmtmazqtjuz5zq.vault.azure.net:443/secrets/ena-dasmgt-prd-sfcert/709550243e784030a39849b674643c0c"
    },
    "keyVaultIDWestUS": {
      "value": "/subscriptions/bfc7eac2-0d08-4251-921e-5fe25ba65b98/resourceGroups/AZRG-ENA-DASMGT-PRD/providers/Microsoft.KeyVault/vaults/wuskeyvault"
    },
    "keyVaultCertUrlWestUS": {
      "value": "https://mgt-wusmtmazqtjuz5zq.vault.azure.net:443/secrets/ena-dasmgt-prd-sfcert/ed6ebbaec27446329cd4d8f6a4706e4d"
    },
    "keyVaultIDSoutheastAsia": {
      "value": "/subscriptions/bfc7eac2-0d08-4251-921e-5fe25ba65b98/resourceGroups/AZRG-ENA-DASMGT-PRD/providers/Microsoft.KeyVault/vaults/seakeyvault"
    },
    "keyVaultCertUrlSoutheastAsia": {
      "value": "https://mgt-seamtmazqtjuz5zq.vault.azure.net:443/secrets/ena-dasmgt-prd-sfcert/2f82439897994244b2406a2f7e0c0fa8"
    },
    "certificateThumbprint": {
      "value": "1B3B6D7D346E383220347311CFF7DDEACE659F76"
    },
    "storageAccountType": {
      "value": "Standard_LRS"
    },
    "vmNodeType0Size": {
      "value": "Standard_D12"
    },
    "vmssInstanceCount": {
      "value": 5
    },
    "workspaceId": {
      "value": "/subscriptions/0c660c62-0a87-47e9-90e1-6eb078055ff5/resourceGroups/US-ENABLINGAREAS-PROD/providers/Microsoft.OperationalInsights/workspaces/US-ENABLINGAREAS-PROD-OMS"
    },
    "logsRetentionDays": {
      "value": 90
    },
    "tagValues": {
      "value": {
        "BILLINGCODE": "TPX01443-19-19-AZ-6890",
        "CONTACTS": "{\"Group\":\"usscmplatformmgmt@deloitte.com\",\"PrimaryContact\":\"kmorrison@deloitte.com\",\"SecondaryContact\":\"astulov@deloitte.com\",\"BusinessOwner\":\"tmonaco@deloitte.com\"}",
        "CS": "{\"Classification\":\"Public\",\"Type\":\"Deloitte\",\"Qualifier\":\"Public\"}",
        "FUNCTION": "ENA",
        "SUBFUNCTION": "DAS-F&A-ADMIN",
        "MEMBERFIRM": "US",
        "COUNTRY": "US",
        "PORTFOLIO": "Business Services - Space Management",
        "ENVIRONMENT": "PRD"
      }
    }
  }
}