{
  "$schema": "https://schema.management.azure.com/schemas/2015-01-01/deploymentParameters.json#",
  "contentVersion": "1.0.0.0",
    "parameters": {
        "projectCode": {
            "value": "dmgt"
        },
        "environmentCode": {
            "value": "dev"
        },
        "sku": {
            "value": "Standard"
        },
        "vnet1RgName": {
            "value": "AZRG-ENA-USE-ITS-NPD"
        },
        "vnet1Name": {
            "value": "azusenpdvnt01"
        },
        "sfVnetSubnet1Name": {
            "value": "azusenpdsbn01-das-sf"
        },
        "aseVnetSubnet1Name": {
            "value": "azusenpdsbn01-ase-das"
        },
        "deloittePublicSubnetRange": {
            "value": "167.219.0.0/16"
        },
        "defaultMessageTTL": {
            "value": "P10675199DT2H48M5.4775807S"
        },
        "maxSizeInMegabytes": {
            "value": "5120"
        },
        "workspaceId": {
            "value": "/subscriptions/0c660c62-0a87-47e9-90e1-6eb078055ff5/resourceGroups/US-ENABLINGAREAS-PREPROD/providers/Microsoft.OperationalInsights/workspaces/US-ENABLINGAREAS-PREPROD-OMS"
        },
        "logsRetentionDays": {
            "value": 90
        },
        "tagValues": {
            "value": {
                "BILLINGCODE": "TPX01443-19-19-AZ-6890",
                "CONTACTS": "{\"Group\":\"usscmplatformmgmt@deloitte.com\",\"PrimaryContact\":\"kmorrison@deloitte.com\",\"SecondaryContact\":\"astulov@deloitte.com\",\"BusinessOwner\":\"tmonaco@deloitte.com\"}",
                "CS": "{\"Classification\":\"Public\",\"Type\":\"Deloitte\",\"Qualifier\":\"Public\"}",
                "FUNCTION": "ENA",
                "SUBFUNCTION": "DAS-F&A-ADMIN",
                "MEMBERFIRM": "US",
                "COUNTRY": "US",
                "PORTFOLIO": "Business Services - Space Management",
                "ENVIRONMENT": "DEV"
            }
        }
    }
}