{
    "$schema": "http://schema.management.azure.com/schemas/2014-04-01-preview/deploymentTemplate.json#",
    "contentVersion": "1.0.0.0",
    "parameters": {
        "environmentCode": {
            "type": "string",
            "metadata": {
                "description": "The environment 3 digits code"
            },
            "allowedValues": [
                "dev",
                "qas",
                "loa",
                "prd",
                "bcp"
            ]
        },
        "defaultMessageTTL": {
            "type": "string",
            "defaultValue": "P10675199DT2H48M5.4775807S",
            "metadata": {
                "description": "defaultMessageTimeToLive"
            }
        },
        "sku": {
            "type": "string",
            "allowedValues": [
                "Basic",
                "Standard",
                "Premium"
            ],
            "metadata": {
                "description": "Name of this SKU"
            }
        },
        "vnet1RgName": {
            "type": "string",
            "defaultValue": "DeloittePublicIPs",
            "metadata": {
                "description": "The vNet RG Name"
            }
        },
        "vnet1Name": {
            "type": "string",
            "defaultValue": "DeloittePublicIPs",
            "metadata": {
                "description": "The vNet Name"
            }
        },
        "sfVnetSubnet1Name": {
            "type": "string",
            "defaultValue": "DeloittePublicIPs",
            "metadata": {
                "description": "The Service Fabric vNet Subnet 1 Name"
            }
        },
        "aseVnetSubnet1Name": {
            "type": "string",
            "defaultValue": "DeloittePublicIPs",
            "metadata": {
                "description": "The ASE vNet Subnet Name"
            }
        },
        "deloittePublicSubnetRange": {
            "type": "string",
            "metadata": {
                "description": "The vNet Subnet Start IP"
            }
        },
        "ipFilterRuleName": {
            "type": "string",
            "defaultValue": "DeloittePublicIPs",
            "metadata": {
                "description": "Name of the Authorization rule"
            }
        },
        "ipFilterAction": {
            "type": "string",
            "allowedValues": [ "Reject", "Accept" ],
            "defaultValue": "Accept",
            "metadata": {
                "description": "IP Filter Action"
            }
        },
        "maxSizeInMegabytes": {
            "type": "string",
            "defaultValue": "1024",
            "metadata": {
                "description": "maxSizeInMegabytes"
            }
        },
        "tagValues": {
            "type": "object"
        },
        "projectCode": {
            "type": "string",
            "metadata": {
                "description": "The project 3-6 digits code"
            }
        },
        "workspaceId": {
            "type": "string",
            "metadata": {
                "description": "Log Analytics workspace ID for the Log Analytics workspace to which logs will be sent."
            }
        },
        "logsRetentionDays": {
            "type": "int",
            "defaultValue": 0,
            "metadata": {
                "description": "Defines the number of logs rentetion days"
            }
        }
    },
    "variables": {
        "environment": {
            "dev": {
                "char": "d",
                "subscription": "preprod",
                "branch": "develop",
                "bcpLoop": 1,
                "env": "preprod",
                "trafficManagerProfile": "False",
                "customAseRgSuffix": ""
            },
            "qas": {
                "char": "q",
                "subscription": "preprod",
                "branch": "develop",
                "bcpLoop": 1,
                "env": "preprod",
                "trafficManagerProfile": "False",
                "customAseRgSuffix": ""
            },
            "loa": {
                "char": "l",
                "subscription": "preprod",
                "bcpLoop": 1,
                "env": "preprod",
                "trafficManagerProfile": "False",
                "customAseRgSuffix": ""
            },
            "stg": {
                "char": "s",
                "subscription": "prod",
                "branch": "develop",
                "bcpLoop": 1,
                "env": "stg",
                "trafficManagerProfile": "True",
                "customAseRgSuffix": "-Prod"
            },
            "prd": {
                "char": "",
                "subscription": "prod",
                "branch": "develop",
                "bcpLoop": 1,
                "env": "prd",
                "trafficManagerProfile": "True",
                "customAseRgSuffix": "-Prod"
            },
            "bcp": {
                "char": "",
                "subscription": "prod",
                "branch": "develop",
                "bcpLoop": 1,
                "env": "prd",
                "trafficManagerProfile": "False",
                "customAseRgSuffix": "-Prod"
            }
        },
        "environmentVariable": "[variables('environment')[parameters('environmentCode')]]",
        "logsRetentionEnabled": "[if(equals(parameters('logsRetentionDays'), 0), 'False', 'True')]",
        "defaultSASKeyName": "RootManageSharedAccessKey",
        "sbVersion": "2017-04-01",
        "location1": [
            "East US",
            "West US"
        ],
        "SBNamespaceName1": [
            "[concat(parameters('projectCode'),'-eus-sbus')]",
            "[concat(parameters('projectCode'),'-wus-sbus')]"
        ],
        "aliasName": "[concat(parameters('projectCode'),'pair-sbus')]",

        "SBTopicName": [
            "User"
        ],
        "vnetIdEastUS": "[resourceId(parameters('vnet1RgName'), 'Microsoft.Network/virtualNetworks', parameters('vnet1Name'))]",
        "sfVnetSubnetIdEastUS": "[resourceId(parameters('vnet1RgName'), 'Microsoft.Network/virtualNetworks/subnets', parameters('vnet1Name'), parameters('sfVnetSubnet1Name'))]",
        "aseVnetSubnetIdEastUS": "[resourceId(parameters('vnet1RgName'), 'Microsoft.Network/virtualNetworks/subnets', parameters('vnet1Name'), parameters('aseVnetSubnet1Name'))]"
    },
    "resources": [
        {
            "apiVersion": "2017-04-01",
            "name": "[variables('SBNamespaceName1')[copyIndex()]]",
            "type": "Microsoft.ServiceBus/namespaces",
            "location": "[variables('location1')[copyIndex()]]",
            "tags": "[parameters('tagValues')]",
            "copy": {
                "name": "serviceBusLoop",
                "count": "[variables('environmentVariable').bcpLoop]"
            },
            "sku": {
                "name": "[parameters('sku')]",
                "tier": "[parameters('sku')]"
            },
            "resources": [
                {
                    "apiVersion": "2017-04-01",
                    "name": "[variables('SBTopicName')[0]]",
                    "type": "topics",
                    "dependsOn": [
                        "[concat('Microsoft.ServiceBus/namespaces/', variables('SBNamespaceName1')[copyIndex()])]"
                    ],
                    "properties": {
                        "defaultMessageTimeToLive": "[parameters('defaultMessageTTL')]",
                        "maxSizeInMegabytes": "[parameters('maxSizeInMegabytes')]",
                        "requiresDuplicateDetection": "false",
                        "duplicateDetectionHistoryTimeWindow": "PT10M",
                        "enableBatchedOperations": "false",
                        "supportOrdering": "false",
                        "autoDeleteOnIdle": "P10675199DT2H48M5.4775807S",
                        "enablePartitioning": "false",
                        "enableExpress": "false"
                    }
                },
                {
                    "type": "providers/diagnosticSettings",
                    "name": "[concat('Microsoft.Insights/', 'service')]",
                    "dependsOn": [
                        "[concat('Microsoft.ServiceBus/namespaces/', variables('SBNamespaceName1')[copyIndex()])]"
                    ],
                    "apiVersion": "2017-05-01-preview",
                    "properties": {
                        "name": "service",
                        "workspaceId": "[parameters('workspaceId')]",
                        "metrics": [
                            {
                                "category": "AllMetrics",
                                "enabled": "True",
                                "retentionPolicy": {
                                    "days": "[parameters('logsRetentionDays')]",
                                    "enabled": "[variables('logsRetentionEnabled')]"
                                }
                            }
                        ]
                    }
                }
            ]
        },
        {
            "condition": "[equals(variables('environmentVariable').subscription,'prod')]",
            "apiVersion": "2018-01-01-preview",
            "name": "[concat(variables('SBNamespaceName1')[copyIndex()], '/sfVnetSubnetNameEastUS')]",
            "type": "Microsoft.ServiceBus/namespaces/VirtualNetworkRules",
            "dependsOn": [
                "[concat('Microsoft.ServiceBus/namespaces/', variables('SBNamespaceName1')[copyIndex()])]"
            ],
            "copy": {
                "name": "serviceBusLoop",
                "count": "[variables('environmentVariable').bcpLoop]"
            },
            "properties": {
                "virtualNetworkSubnetId": "[variables('sfVnetSubnetIdEastUS')]"
            }
        },
        {
            "condition": "[equals(variables('environmentVariable').subscription,'prod')]",
            "apiVersion": "2018-01-01-preview",
            "name": "[concat(variables('SBNamespaceName1')[copyIndex()], '/aseVnetSubnetNameEastUS')]",
            "type": "Microsoft.ServiceBus/namespaces/VirtualNetworkRules",
            "dependsOn": [
                "[concat('Microsoft.ServiceBus/namespaces/', variables('SBNamespaceName1')[copyIndex()])]"
            ],
            "copy": {
                "name": "serviceBusLoop",
                "count": "[variables('environmentVariable').bcpLoop]"
            },
            "properties": {
                "virtualNetworkSubnetId": "[variables('aseVnetSubnetIdEastUS')]"
            }
        },

        {
            "condition": "[equals(variables('environmentVariable').subscription,'prod')]",
            "apiVersion": "2018-01-01-preview",
            "name": "[concat(variables('SBNamespaceName1')[copyIndex()], '/', parameters('ipFilterRuleName'))]",
            "type": "Microsoft.ServiceBus/Namespaces/IPFilterRules",
            "dependsOn": [
                "[concat('Microsoft.ServiceBus/namespaces/', variables('SBNamespaceName1')[copyIndex()])]"
            ],
            "copy": {
                "name": "serviceBusLoop",
                "count": "[variables('environmentVariable').bcpLoop]"
            },
            "properties": {
                "FilterName": "[parameters('ipFilterRuleName')]",
                "Action": "[parameters('ipFilterAction')]",
                "IpMask": "[parameters('deloittePublicSubnetRange')]"
            }
        },
        {
            "condition": "[equals(parameters('environmentCode'),'prd')]",
            "apiVersion": "2017-04-01",
            "name": "[variables('SBNamespaceName1')[1]]",
            "type": "Microsoft.ServiceBus/namespaces",
            "location": "[variables('location1')[1]]",
            "tags": "[parameters('tagValues')]",
            "sku": {
                "name": "[parameters('sku')]",
                "tier": "[parameters('sku')]"
            }
        },
        {
            "condition": "[equals(variables('environmentVariable').subscription,'prod')]",
            "apiVersion": "2017-04-01",
            "name": "[concat(variables('SBNamespaceName1')[copyIndex()],'/',variables('aliasName'))]",
            "type": "Microsoft.ServiceBus/namespaces/disasterRecoveryConfigs",
            "location": "[variables('location1')[copyIndex()]]",
            "copy": {
                "name": "serviceBusLoop",
                "count": "[variables('environmentVariable').bcpLoop]"
            },
            "dependsOn": [
                "[resourceId('Microsoft.ServiceBus/namespaces',variables('SBNamespaceName1')[0])]",
                "[resourceId('Microsoft.ServiceBus/namespaces',variables('SBNamespaceName1')[1])]"
            ],
            "properties": {
                "partnerNamespace": "[resourceId('Microsoft.ServiceBus/namespaces',variables('SBNamespaceName1')[1])]"
            }
        }
    ]
}

