{
    "$schema": "https://schema.management.azure.com/schemas/2015-01-01/deploymentParameters.json#",
    "contentVersion": "1.0.0.0",
    "parameters": {
        "projectCode": {
            "value": "*** Enter 3 to 6 digit project code"
        },
        "environmentCode": {
            "value": "bcp"
        },
        "workspaceId": {
            "value": "/subscriptions/0c660c62-0a87-47e9-90e1-6eb078055ff5/resourcegroups/*** US_Function Name_PREPROD or PROD RG/providers/Microsoft.OperationalInsights/workspaces/US-CONSULTING-PREPROD-OMS"
        },
        "logsRetentionDays": {
            "value": 90
        },
        "powerBIAdminMembers": {
            "value": [
                "**** Admin member's email"
            ]
        }
    }
}