{
    "$schema": "https://schema.management.azure.com/schemas/2015-01-01/deploymentTemplate.json#",
    "contentVersion": "1.0.0.0",
    "parameters": {        
        "projectCode": {
            "type": "string",
            "metadata": {
                "description": "The project 3 digits code"
            }
        },
        "environmentCode": {
            "type": "string",
            "metadata": {
                "description": "The environment 3 digits code"
            },
            "allowedValues": [
                "dev",
                "qas",
                "loa",
                "stg",
                "prd",
                "bcp"
            ]
        },
        "workspaceId": {
            "type": "string",
            "metadata": {
                "description": "Log Analytics workspace ID for the Log Analytics workspace to which logs will be sent."
            }
        },
        "logsRetentionDays": {
            "type": "int",
            "defaultValue": 0,
            "metadata": {
                "description": "Defines the number of logs retention days"
            }
        },
        "powerBIAdminMembers": {
            "type": "array",
            "metadata": {
                "description": "Power BI Administration Members"
            }
        },
        "powerBISku": {
            "type": "string",
            "defaultValue": "A1",
            "metadata": {
                "description": "Azure PowerBi Sku"
            },
            "allowedValues": [
                "A1",
                "A2",
                "A3",
                "A4",
                "A5",
                "A6"
            ]
        }
    },
    "variables": {
        "environment": {
            "dev": {
                "char": "d",
                "subscription": "preprod",
                "region": "eus"
            },
            "qas": {
                "char": "q",
                "subscription": "preprod",
                "region": "eus"
            },
            "stg": {
                "char": "s",
                "subscription": "prod",
                "region": "eus"
            },
            "prd": {
                "char": "",
                "subscription": "prod",
                "region": "eus"
            },
            "bcp": {
                "char": "",
                "subscription": "prod",
                "region": "wus"
            }
        },
        "environmentVariable": "[variables('environment')[parameters('environmentCode')]]",
        "location": "[if(equals(variables('environmentVariable').region, 'eus'), 'East US', 'West US')]",
        "powerBI": {
            "name": "[concat(variables('environmentVariable').char, parameters('projectCode'), variables('environmentVariable').region)]",
            "location": "[variables('location')]"
        },        
        "OMS": {
            "id": "[parameters('workspaceId')]",
            "logRetention": "[parameters('logsRetentionDays')]",
            "logsRetentionEnabled": "[if(equals(parameters('logsRetentionDays'), 0), 'False', 'True')]"
        }
    },
    "resources": [
        {
            "type": "Microsoft.PowerBIDedicated/capacities",
            "apiVersion": "2017-10-01",
            "name": "[variables('powerBI').name]",
            "location": "[variables('powerBI').location]",
            "sku": {
                "name": "[parameters('powerBISku')]",
                "tier": "PBIE_Azure",
                "capacity": 1
            },
            "properties": {
                "administration": {
                    "members": "[parameters('powerBIAdminMembers')]"
                }
            },
            "resources": [
                {
                    "type": "providers/diagnosticSettings",
                    "name": "[concat('Microsoft.Insights/', 'service')]",
                    "dependsOn": [
                        "[resourceId('Microsoft.PowerBIDedicated/capacities', variables('powerBI').name)]"
                    ],
                    "apiVersion": "2017-05-01-preview",
                    "properties": {
                        "name": "service",
                        "workspaceId": "[parameters('workspaceId')]",
                        "metrics": [
                            {
                                "category": "AllMetrics",
                                "enabled": "True",
                                "retentionPolicy": {
                                    "days": "[variables('OMS').logRetention]",
                                    "enabled": "[variables('OMS').logsRetentionEnabled]"
                                }
                            }
                        ]
                    }
                }
            ]
        }
    ],
    "outputs": {}
}