{
    "$schema": "https://schema.management.azure.com/schemas/2015-01-01/deploymentTemplate.json#",
    "contentVersion": "1.0.0.0",
  "parameters": {
    "projectCode": {
      "type": "string",
      "metadata": {
        "description": "The project 3 digits code"
      }
    },
    "environmentCode": {
      "type": "string",
      "metadata": {
        "description": "The environment 3 digits code"
      },
      "allowedValues": [
        "dev",
        "qas",
        "loa",
        "stg",
        "prd",
        "bcp"
      ]
    },
    "cognitiveServiceSku": {
      "type": "string",
      "defaultValue": "S0",
      "allowedValues": [
        "F0",
        "S0"
      ]
    }
  },
  "variables": {
    "environment": {
      "dev": {
        "char": "d",
        "azureSearch": "True"
      },
      "qas": {
        "char": "q",
        "azureSearch": "True"
      },
      "loa": {
        "char": "l",
        "azureSearch": "True"
      },
      "stg": {
        "char": "s",
        "azureSearch": "True"
      },
      "prd": {
        "char": "",
        "azureSearch": "True"
      },
      "bcp": {
        "char": "",
        "azureSearch": "False"
      }
    },

    "cognitiveServiceName": "[concat(variables('environment').char,parameters('projectCode'),'-textanalytics')]"
  },
  "resources": [
    {
      "type": "Microsoft.CognitiveServices/accounts",
      "apiVersion": "2016-02-01-preview",
      "name": "[variables('cognitiveServiceName')]",
      "location": "[resourceGroup().location]",
      "kind": "TextAnalytics",
      "sku": {
        "name": "[parameters('cognitiveServiceSku')]"
      },
      "properties": {}
    }
  ],
    "outputs": {}
}