{
    "$schema": "https://schema.management.azure.com/schemas/2015-01-01/deploymentParameters.json#",
    "contentVersion": "1.0.0.0",
    "parameters": {
        "acrName": {
            "value": "<projectcode>acr"
        },
        "environment": {
            "value": "prd"
        },
        "acrSku": {
            "value": "Premium"
        },
        "acrAdminUserEnabled": {
            "value": true
        },
        "location": {
            "value": "eastus"
        },
        "acrReplicaLocation": {
            "value": "westus"
        }
    }
}