{
    "$schema": "https://schema.management.azure.com/schemas/2015-01-01/deploymentTemplate.json#",
    "contentVersion": "1.0.0.0",
    "parameters": {
        "acrName": {
            "type": "string",
            "defaultValue": "[concat('acr', uniqueString(resourceGroup().id))]",
            "minLength": 5,
            "maxLength": 50,
            "metadata": {
                "description": "Globally unique name of your Azure Container Registry"
            }
        },
        "environment": {
            "type": "string",
            "metadata": {
                "description": "The environment 3 digits code"
            },
            "allowedValues": [
                "preprod",
                "prod"
            ]
        },
        "acrAdminUserEnabled": {
            "type": "bool",
            "defaultValue": true,
            "metadata": {
                "description": "Enable admin user that have push / pull permission to the registry."
            }
        },
        "location": {
            "type": "string",
            "defaultValue": "[resourceGroup().location]",
            "metadata": {
                "description": "Location for all resources."
            }
        },
        "acrSku": {
            "type": "string",
            "metadata": {
                "description": "Tier of your Azure Container Registry.  Geo replicatoin requires Premium SKU."
            },
            "defaultValue": "Basic",
            "allowedValues": [
                "Basic",
                "Standard",
                "Premium"
            ]
        },
        "acrReplicaLocation": {
            "type": "string",
            "metadata": {
                "description": "Location for ACR replica"
            }
        }
    },
    "resources": [
        {
            "name": "[parameters('acrName')]",
            "type": "Microsoft.ContainerRegistry/registries",
            "apiVersion": "2017-10-01",
            "location": "[parameters('location')]",
            "comments": "Container registry for storing docker images",
            "tags": {
                "displayName": "Container Registry",
                "container.registry": "[parameters('acrName')]"
            },
            "sku": {
                "name": "[parameters('acrSku')]",
                "tier": "[parameters('acrSku')]"
            },
            "properties": {
                "adminUserEnabled": "[parameters('acrAdminUserEnabled')]"
                //"networkRuleSet": {
                //    "defaultAction": "Deny",
                //    "virtualNetworkRules": [
                //        {
                //            "action": "Allow",
                //            "id": "string"
                //        }
                //    ],
                //    "ipRules": [
                //        {
                //            "action": "Allow",
                //            "value": "string"
                //        }
                //    ]
                //}
            }
        }
        //{
        //    "condition": "[equals(parameters('environment'),'prod')]",
        //    "name": "[concat(parameters('acrName'), '/', parameters('acrReplicaLocation'))]",
        //    "type": "Microsoft.ContainerRegistry/registries/replications",
        //    "apiVersion": "2017-10-01",
        //    "location": "[parameters('acrReplicaLocation')]",
        //    "properties": {},
        //    "dependsOn": [
        //        "[concat('Microsoft.ContainerRegistry/registries/', parameters('acrName'))]"
        //    ]
        //}
    ]
}