{
  "$schema": "https://schema.management.azure.com/schemas/2015-01-01/deploymentParameters.json#",
  "contentVersion": "1.0.0.0",
  "parameters": {
    "projectCode": {
      "value": "*** Enter 3 to 6 digit project code"
    },
    "environmentCode": {
      "value": "dev"
    },
    "sqlServer": {
      "value": {
        "primaryName": "*** Name of priamry server here",
        "secondaryName": "*** Name of secondary server here",
        "secondaryLocation": "West US",
        "dbNames": {
          "value": [
            "Name of Database",
            "Name of Database #2 .."
          ]
        },
        "sqlDatabaseCollation": "SQL_Latin1_General_CP1_CI_AS"
      }
    },
    "elasticPoolSettings": {
      "value": {
        "edition": "Standard",
        "DTU": 300,
        "dbDTUMin": 0,
        "dbDTUMax": 200,
        "storageMB": 307200
      }
    },
    "workspaceId": {
      "value": "/subscriptions/**Subscription ID goes here **/resourcegroups/*** US_Function Name_PREPROD or PROD RG/providers/Microsoft.OperationalInsights/workspaces/**workspace name here"
    },
    "logsRetentionDays": {
      "value": 90
    }
  }
}