{
    "$schema": "https://schema.management.azure.com/schemas/2015-01-01/deploymentTemplate.json#",
    "contentVersion": "1.0",
    "parameters": {
        "projectCode": {
            "type": "string",
            "metadata": {
                "description": "The project 3 digits code"
            }
        },
        "environmentCode": {
            "type": "string",
            "metadata": {
                "description": "The environment 3 digits code"
            },
            "allowedValues": [
                "dev",
                "qas",
                "loa",
                "stg",
                "prd",
                "bcp"
            ]
        },
        "functionCode": {
            "type": "string",
            "metadata": {
                "description": "The function 3 digits code"
            },
            "allowedValues": [
                "con",
                "tax",
                "adv",
                "ena"
            ]
        },
        "workspaceId": {
            "type": "string",
            "metadata": {
                "description": "Log Analytics workspace ID for the Log Analytics workspace to which logs will be sent."
            }
        },
        "logsRetentionDays": {
            "type": "int",
            "defaultValue": 0,
            "metadata": {
                "description": "Defines the number of logs retention days"
            }
        },
        "KeyVaultAccessPolicies": {
            "type": "array",
            "defaultValue": "{}",
            "metadata": {
                "description": "Access policies object {\"tenantId\":\"\",\"objectId\":\"\",\"permissions\":{\"keys\":[\"\"],\"secrets\":[\"\"]}}"
            }
        }
    },
    "variables": {
        "isbcp": "[if(equals(parameters('environmentCode'), 'bcp'), bool('true'),bool('false'))]",
        "OMS": {
            "ID": "[parameters('workspaceId')]",
            "logRetention": "[parameters('logsRetentionDays')]",
            "logsRetentionEnabled": "[if(equals(parameters('logsRetentionDays'), 0), 'False', 'True')]"
        },
        "keyVault": {
            "name": "[concat(first(parameters('environmentCode')), parameters('projectCode'), '-secret')]",
            "policy": "[parameters('KeyVaultAccessPolicies')]"
        }
    },
    "resources": [
        {
            "type": "Microsoft.KeyVault/vaults",
            "apiVersion": "2018-02-14",
            "name": "[variables('keyVault').name]",
            "condition": "[not(variables('isbcp'))]",
            "location": "[resourceGroup().location]",
            "properties": {
                "tenantId": "[subscription().tenantId]",
                "sku": {
                    "family": "A",
                    "name": "Premium"
                },
                "accessPolicies": "[variables('keyVault').policy]",
                "enabledForDeployment": false,
                "enabledForDiskEncryption": false,
                "enabledForTemplateDeployment": true,
                "createMode": "default"
            },
            "resources": [
                {
                    "type": "providers/diagnosticSettings",
                    "apiVersion": "2017-05-01-preview",
                    "name": "[concat('Microsoft.Insights/', 'service')]",
                    "dependsOn": [
                        "[resourceId('Microsoft.KeyVault/vaults', variables('keyVault').name)]"
                    ],
                    "properties": {
                        "name": "service",
                        "workspaceId": "[variables('OMS').ID]",
                        "logs": [
                            {
                                "category": "AuditEvent",
                                "enabled": "True",
                                "retentionPolicy": {
                                    "days": "[variables('OMS').logRetention]",
                                    "enabled": "[variables('OMS').logsRetentionEnabled]"
                                }
                            }
                        ],
                        "metrics": [
                            {
                                "category": "AllMetrics",
                                "enabled": "True",
                                "retentionPolicy": {
                                    "days": "[variables('OMS').logRetention]",
                                    "enabled": "[variables('OMS').logsRetentionEnabled]"
                                }
                            }
                        ]
                    }
                }
            ]
        }
    ],
    "outputs": {
        "keyVaultName": {
            "type": "string",
            "value": "[variables('keyVault').name]"
        }
    }
}