{
    "id": "07495ff7-f454-4c73-b61e-9ec296e1cb12",
    "name": "KvCustomAccessPolicy",
    "friendlyName": "SCM - Azure KeyVault Custom Access Policy",
    "description": "Azure DevOps task to create/modify a custom access policy for a KeyVault.",
    "helpMarkDown": "[Learn more about this task](http://tfs.deloitte.com:8080/tfs/DAS%20Public/_git/ADO%20Extensions?path=%2FKeyVaultAccessPolicy.md)",
    "category": "Azure Pipelines",
    "author": "SCM Platform Management",
    "version": {
        "Major": 1,
        "Minor": 0,
        "Patch": 16
    },
    "instanceNameFormat": "ScmKeyVaultCustomAccessPolicy: $(KeyVaultName)",
    "groups": [
        {
            "name": "TaskInfo",
            "displayName": "Task Information",
            "isExpanded": true
        },
        {
            "name": "AccessPolicy",
            "displayName": "Access Policy Options",
            "isExpanded": true
        }
    ],
    "inputs": [
        {
            "name": "ConnectedServiceName",
            "type": "connectedService:AzureRM",
            "label": "Azure RM Subscription",
            "defaultValue": "",
            "required": true,
            "helpMarkDown": "Select the Azure Resource Manager subscription for the deployment."
        },
        {
            "name": "ResourceGroupName",
            "type": "pickList",
            "label": "Resource Group",
            "required": true,
            "helpMarkDown": "Please select or input Azure resource group for KeyVault resource.",
            "groupName": "TaskInfo",
            "properties": {
                "EditableOptions": "True"
            }
        },
        {
            "name": "KeyVaultName",
            "type": "pickList",
            "label": "Name of KeyVault",           
            "required": true,
            "helpMarkDown": "Please select or input name of KeyVault resource to apply policy.",
            "groupName": "TaskInfo",
            "properties": {
                "EditableOptions": "True"
            }
        },
        {
            "name": "objectid",
            "type": "string",
            "label": "ObjectID for Account/Group/SPN",
            "required": true,
            "helpMarkDown": "Please input objectid of Active Directory User, Group, or Service Principal ID to grant access.",
            "groupName": "AccessPolicy"
        },
        {
            "name": "KeyAccess",
            "type": "picklist",
            "label": "Requested Access - KeyVault Keys",
            "defaultValue": "None",  
            "required": true,
            "options": {
                "none": "None",
                "read": "Read",
                "modify": "Modify",
                "admin": "Admin"
            },
            "helpMarkDown": "Please select requested access for Azure KeyVault Keys",
            "groupName": "AccessPolicy"
        },
        {
            "name": "SecretAccess",
            "type": "picklist",
            "label": "Requested Access - KeyVault Secrets",
            "defaultValue": "None",  
            "required": true,
            "options": {
                "none": "None",
                "read": "Read",
                "modify": "Modify",
                "admin": "Admin"
            },
            "helpMarkDown": "Please select requested access for Azure KeyVault Secrets",
            "groupName": "AccessPolicy"
        },
        {
            "name": "CertAccess",
            "type": "picklist",
            "label": "Requested Access - KeyVault Certificates",
            "defaultValue": "None",  
            "required": true,
            "options": {
                "none": "None",
                "read": "Read",
                "modify": "Modify",
                "admin": "Admin"
            },
            "helpMarkDown": "Please select requested access for Azure KeyVault Certificates",
            "groupName": "AccessPolicy"
        },
        {
            "name": "storageAccess",
            "type": "picklist",
            "label": "Requested Access - KeyVault Storage Keys",
            "defaultValue": "None",  
            "required": true,
            "options": {
                "none": "None",
                "read": "Read",
                "modify": "Modify",
                "admin": "Admin"
            },
            "helpMarkDown": "Please select requested access for Azure KeyVault Storage Keys",
            "groupName": "AccessPolicy"
        }
    ],
    "dataSourceBindings": [
        {
            "target": "ResourceGroupName",
            "endpointId": "$(ConnectedServiceName)",
            "dataSourceName": "AzureResourceGroups"
        },
        {
            "target": "KeyVaultName",
            "endpointId": "$(ConnectedServiceName)",
            "dataSourceName": "AzureRMResourcesInRGBasedOnType",
            "parameters": {
                "ResourceGroupName": "$(ResourceGroupName)",
                "ResourceType": "Microsoft.KeyVault/vaults"
            },
            "resultTemplate": "{\"Value\": \"{{{name}}}\", \"DisplayValue\": \"{{{name}}}\" }"
        }
    ],
    "execution": {
        "PowerShell3": {
            "target": "$(currentDirectory)\\kvCustomAccessPolicy.ps1",
            "argumentFormat": "",
            "workingDirectory": "$(System.DefaultWorkingDirectory)"
        }
    },
    "OutputVariables": [
    ]
}
