{
  "$schema": "http://schema.management.azure.com/schemas/2015-01-01/deploymentTemplate.json#",
  "contentVersion": "1.0.0.0",
  "parameters": {
    "projectCode": {
      "type": "string",
      "metadata": {
        "description": "The project 3 digits code"
      }
    },
    "functionCode": {
      "type": "string",
      "metadata": {
        "description": "The function 3 digits code"
      }
    },
    "environmentCode": {
      "type": "string",
      "metadata": {
        "description": "The environment 3 digits code"
      },
      "allowedValues": [
        "dev",
        "qas",
        "loa",
        "stg",
        "prd",
        "bcp"
      ]
    },
    "dataFactoryLocation": {
      "type": "string",
      "metadata": {
        "description": "The location of the Data Factory"
      }
    },
    "dataFactoryLocationShortName": {
      "type": "string",
      "metadata": {
        "description": "The location short name to append to the Data Factory name like eus,eus2,wus,wus2 etc"
      }
    },    
    "workspaceId": {
      "type": "string",
      "metadata": {
        "description": "Log Analytics workspace ID for the Log Analytics workspace to which logs will be sent."
      }
    },
    "logsRetentionDays": {
      "type": "int",
      "defaultValue": 0,
      "metadata": {
        "description": "Defines the number of logs retention days"
      }
    }
  },
  "variables": {
    "environment": {
      "dev": {
        "char": "d"
      },
      "qas": {
        "char": "q"
      },
      "stg": {
        "char": "s"
      },
      "prd": {
        "char": ""
      },
      "bcp": {
        "char": ""
      }
    },
    "environmentVariable": "[variables('environment')[parameters('environmentCode')]]",    
    "logsRetentionEnabled": "[if(equals(parameters('logsRetentionDays'), 0), 'False', 'True')]",
    "dataFactoryName": "[concat(variables('environmentVariable').char, parameters('projectCode'),'df-', parameters('dataFactoryLocationShortName'))]",
    "dataFactoryId": "[concat('Microsoft.DataFactory/factories/', variables('dataFactoryName'))]",
    "integrationRuntime1Name": "[concat(variables('environmentVariable').char, parameters('projectCode'),'-onpremiseir')]",
    "integrationRuntime1Description": "[concat(parameters('environmentCode'), ' ', variables('integrationRuntime1Name'), 'Integration Runtime Engine')]"
  },
  "resources": [
    {
      "type": "Microsoft.DataFactory/factories",
      "apiVersion": "2018-06-01",
      "name": "[variables('dataFactoryName')]",
      "location": "[parameters('dataFactoryLocation')]",      
      "identity": {
        "type": "SystemAssigned"
      },
      "properties": {},
      "resources": [
        {
          "type": "providers/diagnosticSettings",
          "name": "[concat('Microsoft.Insights/', 'service')]",
          "dependsOn": [
            "[resourceId('Microsoft.DataFactory/factories', variables('dataFactoryName'))]"
          ],
          "apiVersion": "2017-05-01-preview",
          "properties": {
            "name": "service",
            "workspaceId": "[parameters('workspaceId')]",
            "logs": [
              {
                "category": "ActivityRuns",
                "enabled": "True",
                "retentionPolicy": {
                  "days": "[parameters('logsRetentionDays')]",
                  "enabled": "[variables('logsRetentionEnabled')]"
                }
              },
              {
                "category": "PipelineRuns",
                "enabled": "True",
                "retentionPolicy": {
                  "days": "[parameters('logsRetentionDays')]",
                  "enabled": "[variables('logsRetentionEnabled')]"
                }
              },
              {
                "category": "TriggerRuns",
                "enabled": "True",
                "retentionPolicy": {
                  "days": "[parameters('logsRetentionDays')]",
                  "enabled": "[variables('logsRetentionEnabled')]"
                }
              }
            ],
            "metrics": [
              {
                "category": "AllMetrics",
                "enabled": "True",
                "retentionPolicy": {
                  "days": "[parameters('logsRetentionDays')]",
                  "enabled": "[variables('logsRetentionEnabled')]"
                }
              }
            ]
          }
        }
      ]
    }


  ]
}