{
  "$schema": "https://schema.management.azure.com/schemas/2015-01-01/deploymentParameters.json#",
  "contentVersion": "1.0.0.0",
  "parameters": {
    "projectCode": {
      "value": "*** Enter 3 to 6 digit project code"
    },
    "dataFactoryLocation": {
      "value": "** Location of datafactory East US/West US/East US2/West US2 etc"
    },
    "dataFactoryLocationShortName": {
      "value": "***The location short name to append to the Data Factory name like eus,eus2,wus,wus2 etc"
    },
    "functionCode": {
      "value": "*** Enter 3 to 6 digit function code"
    },
    "environmentCode": {
      "value": "*** Environment code dev/qas/stg/prd/bcp/loa"
    },
    "workspaceId": {
      "value": "/subscriptions/**Subscription ID goes here **/resourcegroups/*** US_Function Name_PREPROD or PROD RG/providers/Microsoft.OperationalInsights/workspaces/**workspace name here"
    },
    "logsRetentionDays": {
      "value": 90
    }    
  }
}