{
    "$schema": "https://schema.management.azure.com/schemas/2015-01-01/deploymentTemplate.json#",
    "contentVersion": "1.0.0.0",
    "parameters": {
        "projectCode": {
            "type": "string",
            "metadata": {
                "description": "The project 3 digits code"
            }
        },
        "environmentCode": {
            "type": "string",
            "metadata": {
                "description": "The environment 3 digits code"
            },
            "allowedValues": [
                "dev",
                "qas",
                "loa",
                "stg",
                "prd",
                "bcp"
            ]
        },
        "workspaceId": {
            "type": "string",
            "metadata": {
                "description": "Log Analytics workspace ID for the Log Analytics workspace to which logs will be sent."
            }
        },
        "logsRetentionDays": {
            "type": "int",
            "defaultValue": 0,
            "metadata": {
                "description": "Defines the number of logs rentetion days"
            }
        },
        "apiSkuType": {
            "type": "string",
            "metadata": {
                "description": "Defines the api sku type Premuim/Developer"
            }
        },
        "apiSkuCapacity": {
            "type": "int",
            "metadata": {
                "description": "Defines the number of nodes for API management"
            }
        },
        "vnetRgName": {
            "type": "string",
            "metadata": {
                "description": "The vNet RG Name"
            }
        },
        "vnetName": {
            "type": "string",
            "metadata": {
                "description": "The vNet Name"
            }
        },
        "apim1SubnetName": {
            "type": "string",
            "metadata": {
                "description": "The vNet Subnet Name"
            }
        },
        "apimKeyVaultEncodedCertificate": {
            "type": "securestring",
            "metadata": {
                "description": "the id of the APIM key vault certificate"
            }
        },
        "apimKeyVaultSpnID": {
            "type": "securestring",
            "metadata": {
                "description": ""
            }
        },
        "apimKeyVaultSpnSecret": {
            "type": "securestring",
            "metadata": {
                "description": ""
            }
        },
        "tagValues": {
            "type": "object"
        }
    },
    "variables": {
        "environment": {
            "dev": {
                "char": "d",
                "subscription": "preprod",
                "bcpLoop": 1,
                "cert": "preprod",
                "trafficManagerProfile": "False",
                "apimWithBcp": "False"
            },
            "qas": {
                "char": "q",
                "subscription": "preprod",
                "bcpLoop": 1,
                "cert": "preprod",
                "trafficManagerProfile": "False",
                "apimWithBcp": "False"
            },
            "loa": {
                "char": "l",
                "subscription": "preprod",
                "bcpLoop": 1,
                "cert": "preprod",
                "trafficManagerProfile": "False",
                "apimWithBcp": "False"
            },
            "stg": {
                "char": "s",
                "subscription": "prod",
                "bcpLoop": 1,
                "cert": "stg",
                "trafficManagerProfile": "True",
                "apimWithBcp": "False"
            },
            "prd": {
                "char": "",
                "subscription": "prod",
                "bcpLoop": 1,
                "cert": "prod",
                "trafficManagerProfile": "True",
                "apimWithBcp": "True"
            },
            "bcp": {
                "char": "",
                "subscription": "prod",
                "bcpLoop": 2,
                "cert": "prod",
                "trafficManagerProfile": "False",
                "apimWithBcp": "True"
            }
        },
        "apimBranding": {
            "name": "Branding Name",
            "email": "brandingemail@deloitte.com"
        },
        "environmentVariable": "[variables('environment')[parameters('environmentCode')]]",
        "apim1HostName": {
            "proxy": "[concat(variables('environmentVariable').char, parameters('projectCode'), 'proxy.deloitte.com')]",
            "management": "[concat(variables('environmentVariable').char, parameters('projectCode'), '.management.deloitte.com')]",
            "portal": "[concat(variables('environmentVariable').char, parameters('projectCode'), '.portal.deloitte.com')]",
            "scm": "[concat(variables('environmentVariable').char, parameters('projectCode'), '.scm.deloitte.com')]"
        },
        "apim1InsightsName": "[concat(variables('environmentVariable').char, parameters('projectCode'), '-deloitte')]",
        "apim1Name": "[concat(variables('environmentVariable').char, parameters('projectCode'), '-deloitte')]",
        "projectKeyVaultName": "[concat(variables('environmentVariable').char, parameters('projectCode'))]",
        "logsRetentionEnabled": "[if(equals(parameters('logsRetentionDays'), 0), 'False', 'True')]",
        "apim1SubnetId": "[resourceId(parameters('vnetRgName'), 'Microsoft.Network/virtualNetworks/subnets', parameters('vnetName'), parameters('apim1SubnetName'))]",
        "location": [
            "East US",
            "West US"
        ]
    },
    "resources": [
        {
            "type": "Microsoft.Insights/components",
            "apiVersion": "2014-04-01",
            "name": "[variables('apim1InsightsName')]",
            "location": "[resourceGroup().location]",
            "tags": "[parameters('tagValues')]",
            "properties": {
                "applicationId": "[variables('apim1InsightsName')]"
            },
            "dependsOn": [
                "[concat('Microsoft.KeyVault/vaults/',variables('projectKeyVaultName'))]"
            ],
            "resources": [
                {
                    "type": "providers/diagnosticSettings",
                    "name": "[concat('Microsoft.Insights/', 'service')]",
                    "dependsOn": [
                        "[resourceId('Microsoft.Insights/components', variables('apim1InsightsName'))]"
                    ],
                    "apiVersion": "2017-05-01-preview",
                    "properties": {
                        "name": "service",
                        "workspaceId": "[parameters('workspaceId')]",
                        "metrics": [
                            {
                                "category": "AllMetrics",
                                "enabled": "True",
                                "retentionPolicy": {
                                    "days": "[parameters('logsRetentionDays')]",
                                    "enabled": "[variables('logsRetentionEnabled')]"
                                }
                            }
                        ]
                    }
                }
            ]
        },
        {
            "type": "Microsoft.ApiManagement/service",
            "apiVersion": "2017-03-01",
            "name": "[variables('apim1Name')]",
            "location": "[variables('location')[0]]",
            "tags": "[parameters('tagValues')]",
            "condition": "[equals(variables('environmentVariable').Subscription,'preprod')]",
            "properties": {
                "notificationSenderEmail": "notificationemail@deloitte.com",
                "publisherEmail": "[variables('apimBranding').email]",
                "publisherName": "[variables('apimBranding').name]",
                "virtualNetworkType": "Internal",
                "virtualNetworkConfiguration": {
                    "subnetResourceId": "[variables('apim1SubnetId')]"
                },
                "customProperties": {
                    "Microsoft.WindowsAzure.ApiManagement.Gateway.Security.Ciphers.TripleDes168": "False",
                    "Microsoft.WindowsAzure.ApiManagement.Gateway.Security.Protocols.Tls10": "False",
                    "Microsoft.WindowsAzure.ApiManagement.Gateway.Security.Protocols.Tls11": "False",
                    "Microsoft.WindowsAzure.ApiManagement.Gateway.Security.Protocols.Ssl30": "False",
                    "Microsoft.WindowsAzure.ApiManagement.Gateway.Security.Backend.Protocols.Tls10": "False",
                    "Microsoft.WindowsAzure.ApiManagement.Gateway.Security.Backend.Protocols.Tls11": "False",
                    "Microsoft.WindowsAzure.ApiManagement.Gateway.Security.Backend.Protocols.Ssl30": "False"
                },
                "hostnameConfigurations": [
                    {
                        "type": "Proxy",
                        "hostName": "[variables('apim1HostName').proxy]",
                        "encodedCertificate": "[parameters('apimKeyVaultEncodedCertificate')]"
                    },
                    {
                        "type": "Management",
                        "hostName": "[variables('apim1HostName').management]",
                        "encodedCertificate": "[parameters('apimKeyVaultEncodedCertificate')]"
                    },
                    {
                        "type": "Portal",
                        "hostName": "[variables('apim1HostName').portal]",
                        "encodedCertificate": "[parameters('apimKeyVaultEncodedCertificate')]"
                    },
                    {
                        "type": "SCM",
                        "hostName": "[variables('apim1HostName').scm]",
                        "encodedCertificate": "[parameters('apimKeyVaultEncodedCertificate')]"
                    }
                ]
            },
            "sku": {
                "name": "[parameters('apiSkuType')]",
                "capacity": "[parameters('apiSkuCapacity')]"
            },
            "identity": {
                "type": "SystemAssigned"
            },
            "dependsOn": [
                "[concat('Microsoft.Insights/components/',variables('apim1InsightsName'))]"
            ]
        },
        {
            "type": "Microsoft.ApiManagement/service/providers/diagnosticSettings",
            "name": "[concat(variables('apim1Name'), '/Microsoft.Insights/', 'service')]",
            "dependsOn": [
                "[resourceId('Microsoft.ApiManagement/service', variables('apim1Name'))]"
            ],
            "apiVersion": "2017-05-01-preview",
            "properties": {
                "name": "service",
                "workspaceId": "[parameters('workspaceId')]",
                "logs": [
                    {
                        "category": "GatewayLogs",
                        "enabled": "True",
                        "retentionPolicy": {
                            "days": "[parameters('logsRetentionDays')]",
                            "enabled": "[variables('logsRetentionEnabled')]"
                        }
                    }
                ],
                "metrics": [
                    {
                        "category": "AllMetrics",
                        "enabled": "True",
                        "retentionPolicy": {
                            "days": "[parameters('logsRetentionDays')]",
                            "enabled": "[variables('logsRetentionEnabled')]"
                        }
                    }
                ]
            }
        },
        {
            "type": "Microsoft.ApiManagement/service/loggers",
            "name": "[concat(variables('apim1Name'), '/', 'applicationinsights')]",
            "apiVersion": "2017-03-01",
            "properties": {
                "loggerType": "applicationInsights",
                "credentials": {
                    "instrumentationKey": "[reference(concat('microsoft.insights/components/', variables('apim1InsightsName'))).InstrumentationKey]"
                },
                "isBuffered": true
            },
            "dependsOn": [
                "[resourceId('Microsoft.ApiManagement/service', variables('apim1Name'))]"
            ]
        },
        {
            "type": "Microsoft.ApiManagement/service/identityProviders",
            "name": "[concat(variables('apim1Name'), '/', 'Aad')]",
            "apiVersion": "2017-03-01",
            "properties": {
                "type": "aad",
                "allowedTenants": [
                    "[subscription().tenantId]"
                ],
                "clientId": "[parameters('apimKeyVaultSpnID')]",
                "clientSecret": "[parameters('apimKeyVaultSpnSecret')]"
            },
            "dependsOn": [
                "[resourceId('Microsoft.ApiManagement/service', variables('apim1Name'))]"
            ]
        }
    ],
    "outputs": {}
}