{
    "$schema": "https://schema.management.azure.com/schemas/2015-01-01/deploymentParameters.json#",
    "contentVersion": "1.0.0.0",
    "parameters": {
        "projectCode": {
            "value": "mdr"
        },
        "environmentCode": {
            "value": "dev"
        },
        "sharedKeyVaultId": {
            "value": "id of the keyvault"
        },
        "apimKeyVaultEncodedCertificate": {
            "reference": {
                "keyVault": {
                    "id": "id of the Keyvault"
                },
                "secretName": "Secret"
            }
        },
        "apimKeyVaultSpnID": {
            "reference": {
                "keyVault": {
                    "id": "id of the Keyvault"
                },
                "secretName": "Secret"
            }
        },
        "apimKeyVaultSpnSecret": {
            "reference": {
                "keyVault": {
                    "id": "id of the Keyvault"
                },
                "secretName": "Secret"
            }
        },
        "apiSkuType": {
            "value": "Developer"
        },
        "apiSkuCapacity": {
            "value": 1
        },
        "vnetRgName": {
            "value": "vNet RG Name"
        },
        "vnetName": {
            "value": "vNet Name"
        },
        "apim1SubnetName": {
            "value": "apimSubnetName"
        },
        "workspaceId": {
            "value": "/subscriptions/0c660c62-0a87-47e9-90e1-6eb078055ff5/resourceGroups/US-ENABLINGAREAS-PREPROD/providers/Microsoft.OperationalInsights/workspaces/US-ENABLINGAREAS-PREPROD-OMS"
        },
        "logsRetentionDays": {
            "value": 90
        },
        "projectKeyVaultAccessPolicies": {
            "value": [
            ]
        },
        "tagValues": {}
    }
}