{
  "$schema": "https://schema.management.azure.com/schemas/2015-01-01/deploymentParameters.json#",
  "contentVersion": "1.0.0.0",
  "parameters": {
    "projectCode": {
      "value": "dslab"
    },
    "functionCode": {
      "value": "ena"
    },
    "environmentCode": {
      "value": "dev"
    },
    "workspaceId": {
      "value": "/subscriptions/0c660c62-0a87-47e9-90e1-6eb078055ff5/resourceGroups/US-ENABLINGAREAS-PREPROD/providers/Microsoft.OperationalInsights/workspaces/US-ENABLINGAREAS-PREPROD-OMS"
    },
    "logsRetentionDays": {
      "value": 90
    },
    "dataBricksWorkspace1Sku": {
      "value": "premium"
    },
    "dataBricksWorkspace1vnetAddressPrefix": {
      "value": "10.232"
    }
  }
}