{
  "$schema": "https://schema.management.azure.com/schemas/2015-01-01/deploymentTemplate.json#",
  "contentVersion": "1.0.0.0",
  "parameters": {
    "functionCode": {
      "type": "string",
      "metadata": {
        "description": "The function 3 digits code"
      },
      "allowedValues": [
        "adv",
        "con",
        "ena"
      ]
    },
    "projectCode": {
      "type": "string",
      "metadata": {
        "description": "The project 3 digits code"
      }
    },
    "dataTeamName": {
      "type": "string",
      "metadata": {
        "description": "The project 3 digits code"
      }
    },
    "environmentCode": {
      "type": "string",
      "metadata": {
        "description": "The environment 3 digits code"
      },
      "allowedValues": [
        "dev",
        "qas",
        "loa",
        "stg",
        "prd",
        "bcp"
      ]
    },
    "workspaceId": {
      "type": "string",
      "metadata": {
        "description": "Log Analytics workspace ID for the Log Analytics workspace to which logs will be sent."
      }
    },
    "logsRetentionDays": {
      "type": "int",
      "defaultValue": 0,
      "metadata": {
        "description": "Defines the number of logs retention days"
      }
    },
    "dataBricksWorkspace1Sku": {
      "type": "string",
      "defaultValue": "premium",
      "allowedValues": [
        "standard",
        "premium"
      ],
      "metadata": {
        "description": "The pricing tier of the Data Bricks workspace."
      }
    },
    "dataBricksWorkspace1vnetAddressPrefix": {
      "type": "string",
      "metadata": {
        "description": "The first 2 octets of the virtual network /16 address range (e.g., '10.232' for the address range 10.232.0.0/16)."
      }
    }
  },
  "variables": {
    "environment": {
      "dev": {
        "char": "d",
        "subscription": "preprod",
        "roleNameGuid1": "4bf01355-793a-4e21-957f-16c6d640f773",
        "roleNameGuid2": "6dbac21f-3410-4574-9649-7366be4158c3",
        "regionCode": "eus2"
      },
      "qas": {
        "char": "q",
        "subscription": "preprod",
        "roleNameGuid1": "43475674-208e-470e-a790-e171900b56ab",
        "roleNameGuid2": "eedf44cd-30a5-4ec8-9269-2ccb1d313c58",
        "regionCode": "eus2"
      },
      "loa": {
        "char": "l",
        "subscription": "preprod",
        "roleNameGuid1": "f6f51b08-87b1-4978-845f-6310be1756de",
        "roleNameGuid2": "81335424-700a-440c-a488-1301213c60f5",
        "regionCode": "eus2"
      },
      "stg": {
        "char": "s",
        "subscription": "prod",
        "roleNameGuid1": "c605e586-c52c-4f7b-8cc7-460aa02ac6bf",
        "roleNameGuid2": "c8d05855-5003-4130-b81b-dbe6fa56bb70",
        "regionCode": "eus2"
      },
      "prd": {
        "char": "",
        "subscription": "prod",
        "roleNameGuid1": "9970fe1f-e62a-4645-a060-f2124ccc119f",
        "roleNameGuid2": "f00b48d9-a2a7-4df1-965a-b632feb323e0",
        "regionCode": "eus2"
      },
      "bcp": {
        "char": "",
        "subscription": "prod",
        "roleNameGuid1": "9970fe1f-e62a-4645-a060-f2124ccc119f",
        "roleNameGuid2": "f00b48d9-a2a7-4df1-965a-b632feb323e0",
        "regionCode": "cus"
      }
    },
    "environmentVariable": "[variables('environment')[parameters('environmentCode')]]",
    "dataBricksWorkspace1Name": "[concat(variables('environmentVariable').char, parameters('projectCode'),'db',parameters('dataTeamName'),'ws1-', variables('environmentVariable').regionCode)]",
    "managedDataBricksWorkspace1RGName": "[concat(resourceGroup().name, '-',parameters('dataTeamName') ,'DBWORK1')]",
    "scmGroupID": "97ece1e6-eddc-4861-a6d9-80f14630cf50"
  },
  "resources": [
    {
      "type": "Microsoft.Databricks/workspaces",
      "name": "[variables('dataBricksWorkspace1Name')]",
      "apiVersion": "2018-04-01",
      "location": "[resourceGroup().location]",
      "dependsOn": [],
      "sku": {
        "name": "[parameters('dataBricksWorkspace1Sku')]"
      },
      "properties": {
        "ManagedResourceGroupId": "[concat(subscription().id, '/resourceGroups/', variables('managedDataBricksWorkspace1RGName'))]",
        "parameters": {
          "vnetAddressPrefix": {
            "value": "[parameters('dataBricksWorkspace1vnetAddressPrefix')]"
          }
        },
        "authorizations": [
          {
            "principalId": "[variables('scmGroupID')]",
            "roleDefinitionId": "8e3af657-a8ff-443c-a75c-2fe8c4bcb635"
          }
        ]
      }
    }
  ],
  "outputs": {}
}