{
    "$schema": "https://schema.management.azure.com/schemas/2015-01-01/deploymentTemplate.json#",
    "contentVersion": "1.0.0.0",
    "parameters": {},
    "variables": {},
    "resources": [
        {
            "comments":  "Regular way to create resource",
            "type": "Microsoft.Storage/storageAccounts",
            "apiVersion": "2018-07-01",
            "name": "bgelensst01",
            "location": "[resourceGroup().location]",
            "sku": {
                "name":"Standard_LRS"
            }
        },
        {
            "comments": "Add via linked template",
            "name": "linkedtemplate_storageAccount",
            "type": "Microsoft.Resources/deployments",
            "apiVersion": "2015-01-01",
            "properties": {
                "mode": "Incremental",
                "templateLink": {
                    "metadata": {
                        "comments": "Link to storage account used to store all linked templates"
                    },
                    "uri": "https://boguslink/ARM_root_storageaccount.json",
                    "contentVersion": "1.0.0.0"
                }
            }
        }
    ],
    "outputs": {}
}