{
    "$schema": "https://schema.management.azure.com/schemas/2015-01-01/deploymentParameters.json#",
    "contentVersion": "1.0.0.0",
    "parameters": {
        "projectCode": {
            "value": "epf"
        },
        "functionCode":{
            "value": "adv"
        },
        "environmentCode": {
            "value": "prd"
        },
        "customApp1HostName": {
            "value": "eprofitfocus.us.deloitte.com"
        },
        "keyVaultId": {
            "value": "/subscriptions/0de74936-e092-486b-85da-d49c2295da53/resourceGroups/AZRG-ADV-KV-PROD-EUS/providers/Microsoft.KeyVault/vaults/advisory-kv-prod-eus"
        },
        "workerPool": {
            "value": "1"
        },
        "projectKeyVaultAccessPolicies": {
            "value": [
                {
                    "tenantId": "36da45f1-dd2c-4d1f-af13-5abe46b99921",
                    "objectId": "97ece1e6-eddc-4861-a6d9-80f14630cf50",
                    "permissions": {
                        "keys": [
                            "Get",
                            "List",
                            "Update",
                            "Create",
                            "Import",
                            "Delete",
                            "Recover",
                            "Backup",
                            "Restore"
                        ],
                        "secrets": [
                            "Get",
                            "List",
                            "Set",
                            "Delete",
                            "Recover",
                            "Backup",
                            "Restore"
                        ],
                        "certificates": [
                            "Get",
                            "List",
                            "Update",
                            "Create",
                            "Import",
                            "Delete",
                            "Recover",
                            "Backup",
                            "ManageContacts",
                            "ManageIssuers",
                            "GetIssuers",
                            "ListIssuers",
                            "SetIssuers",
                            "DeleteIssuers"
                        ]
                    }
                },
                {
                    "tenantId": "36da45f1-dd2c-4d1f-af13-5abe46b99921",
                    "objectId": "5737bb65-fef1-4f39-b3e6-314e01c542de",
                    "permissions": {
                        "keys": [
                            "get"
                        ],
                        "secrets": [
                            "get",
                            "list"
                        ]
                    }
                },
                {
                    "tenantId": "36da45f1-dd2c-4d1f-af13-5abe46b99921",
                    "objectId": "3e2ab639-b911-4cab-8c2b-7792fbaea44d",
                    "permissions": {
                        "keys": [],
                        "secrets": [
                            "get"
                        ]
                    }
                }
            ]
        },
        "workspaceId": {
            "value": "/subscriptions/0c660c62-0a87-47e9-90e1-6eb078055ff5/resourcegroups/us_advisory_prod/providers/Microsoft.OperationalInsights/workspaces/US-ADVISORY-PROD-OMS"
        },
        "logsRetentionDays": {
            "value": 90
        },
        "tagValues": {
            "value": {
                "BILLINGCODE": "TPT00045-02-92-H133",
                "CONTACTS": "{\"Email\":\"smcqueen@deloitte.com\",\"Name\":\"McQueen, Steve\"}",
                "CS": "",
                "FUNCTION": "DAS",
                "LOCATION": "",
                "MEMBERFIRM": "US"
            }
        }
    }
}