{
    "$schema": "https://schema.management.azure.com/schemas/2015-01-01/deploymentParameters.json#",
    "contentVersion": "1.0.0.0",
    "parameters": {
        "projectCode": {
            "value": "dslab"
        },
        "logicAppLocation": {
            "value": "East US 2"
        },
        "environmentCode": {
            "value": "dev"
        },
        "integrationServiceEnvironmentId": {
            "value": "/subscriptions/a538b62c-01c0-4fd3-acc4-e3b725f57982/resourceGroups/AZRG-ENA-DAS-ISE-PREPROD-EUS2/providers/Microsoft.Logic/integrationServiceEnvironments/enabling-das-ise-preprod-eus2"
        },
        "dslabSMTPUserName": {
            "reference": {
                "keyVault": {
                    "id": "/subscriptions/a538b62c-01c0-4fd3-acc4-e3b725f57982/resourceGroups/AZRG-ENA-DASDSLAB-DEV/providers/Microsoft.KeyVault/vaults/ddslab-config"
                },
                "secretName": "smtpemailsvcacctname"
            }
        },
        "dslabSMTPUserPassword": {
            "reference": {
                "keyVault": {
                    "id": "/subscriptions/a538b62c-01c0-4fd3-acc4-e3b725f57982/resourceGroups/AZRG-ENA-DASDSLAB-DEV/providers/Microsoft.KeyVault/vaults/ddslab-config"
                },
                "secretName": "smtpemailsvcacctpwd"
            }
        },
        "smtpServer01Address": {
            "value": "smtp.us.deloitte.com"
        },
        "configKeyVaultName": {
            "value": "ddslab-config"
        }
    }
}