{
    "$schema": "https://schema.management.azure.com/schemas/2015-01-01/deploymentParameters.json#",
    "contentVersion": "1.0.0.0",
    "parameters": {
        "projectCode": {
            "value": "dslab"
        },
        "logicAppLocation": {
            "value": "East US 2"
        },
        "environmentCode": {
            "value": "prd"
        },
        "integrationServiceEnvironmentId": {
            "value": "/subscriptions/bfc7eac2-0d08-4251-921e-5fe25ba65b98/resourceGroups/AZRG-ENA-DAS-ISE-PROD-EUS2/providers/Microsoft.Logic/integrationServiceEnvironments/enabling-das-ise-prod-eus2"
        },
        "dslabSMTPUserName": {
            "reference": {
                "keyVault": {
                    "id": "/subscriptions/bfc7eac2-0d08-4251-921e-5fe25ba65b98/resourceGroups/AZRG-ENA-DASDSLAB-PRD/providers/Microsoft.KeyVault/vaults/dslab-config"
                },
                "secretName": "smtpemailsvcacctname"
            }
        },
        "dslabSMTPUserPassword": {
            "reference": {
                "keyVault": {
                    "id": "/subscriptions/bfc7eac2-0d08-4251-921e-5fe25ba65b98/resourceGroups/AZRG-ENA-DASDSLAB-PRD/providers/Microsoft.KeyVault/vaults/dslab-config"
                },
                "secretName": "smtpemailsvcacctpwd"
            }
        },
        "smtpServer01Address": {
            "value": "smtp.us.deloitte.com"
        },
        "configKeyVaultName": {
            "value": "dslab-config"
        }
    }
}