{
    "$schema": "https://schema.management.azure.com/schemas/2015-01-01/deploymentTemplate.json#",
    "contentVersion": "1.0.0.0",
    "parameters": {
        "projectCode": {
            "type": "string",
            "metadata": {
                "description": "The project 3 digits code"
            }
        },
        "environmentCode": {
            "type": "string",
            "metadata": {
                "description": "The environment 3 digits code"
            },
            "allowedValues": [
                "dev",
                "qas",
                "loa",
                "stg",
                "prd",
                "bcp"
            ]
        },
        "logicAppLocation": {
            "type": "string",
            "metadata": {
                "description": "The location of the Logic App"
            },
            "allowedValues": [
                "East US 2",
                "East US"
            ]
        },
        "integrationServiceEnvironmentId": {
            "type": "string",
            "metadata": {
                "description": "The ID of the Integration Service Environment"
            }
        },
        "smtpServer01Address": {
            "type": "string",
            "metadata": {
                "description": "The FQDN of the SMTP Server"
            }
        },
        "configKeyVaultName": {
            "type": "string",
            "metadata": {
                "description": "The name of the configuration KeyVault"
            }
        },
        "dslabSMTPUserName": {
            "type": "securestring",
            "metadata": {
                "description": "Key Vault reference to SMTP username"
            }
        },
        "dslabSMTPUserPassword": {
            "type": "securestring",
            "metadata": {
                "description": "Key Vault reference to SMTP user password"
            }
        }
    },
    "variables": {
        "environment": {
            "dev": {
                "char": "d",
                "subscription": "preprod",
                "regionCode1": "eus2",
                "regionCode2": "eus"
            },
            "qas": {
                "char": "q",
                "subscription": "preprod",
                "regionCode1": "eus2",
                "regionCode2": "eus"
            },
            "stg": {
                "char": "s",
                "subscription": "prod",
                "regionCode1": "eus2",
                "regionCode2": "eus"
            },
            "prd": {
                "char": "",
                "subscription": "prod",
                "regionCode1": "eus2",
                "regionCode2": "eus"
            }
        },
        "environmentVariable": "[variables('environment')[parameters('environmentCode')]]",
        "smtpConnector01Name": "[concat(variables('environmentVariable').char, parameters('projectCode'),'smtp01')]"
    },
    "resources": [
        {
            "apiVersion": "2016-06-01",
            "type": "Microsoft.Web/connections",
            "name": "[variables('smtpConnector01Name')]",
            "location": "[parameters('logicAppLocation')]",
            "properties": {
                "displayName": "[concat('Connection to Deloitte SMTP Server for \"', parameters('projectCode'), '\"')]",
                "api": {
                    "id": "[concat(parameters('integrationServiceEnvironmentId'), '/managedApis/smtp')]"
                },
                "parameterValues": {
                    "serverAddress": "[parameters('smtpServer01Address')]",
                    "userName": "[parameters('dslabSMTPUserName')]",
                    "port": "25",
                    "password": "[parameters('dslabSMTPUserPassword')]"
                }
            },
            "dependsOn": [
            ]
        }
    ],
    "outputs": {}
}