{
    "$schema": "https://schema.management.azure.com/schemas/2015-01-01/deploymentTemplate.json#",
    "contentVersion": "1.0.0.0",
    "parameters": {
        "elasticPoolName": {
            "type": "string",
            "metadata": {
                "description": "The name of the elasticPool to use."
            }
        },
        "sqlServerName": {
            "type": "string",
            "metadata": {
                "description": "The name of the SQL server to create the pool"
            }
        },
        "elasticPoolSettings": {
            "type": "object",
            "metadata": {
                "description": "All of the settings for the elastic pool."
            }
        },
        "workspaceId": {
            "type": "string",
            "metadata": {
                "description": "Log Analytics workspace ID for the Log Analytics workspace to which logs will be sent."
            }
        },
        "logsRetentionDays": {
            "type": "int",
            "defaultValue": 0,
            "metadata": {
                "description": "Defines the number of logs rentetion days"
            }
        }
    },
    "variables": {
        "OMS": {
            "ID": "[parameters('workspaceId')]",
             "logRetention": "[parameters('logsRetentionDays')]",
             "logsRetentionEnabled": "[if(equals(parameters('logsRetentionDays'), 0), 'False', 'True')]"
        },
        "sqlServerName" : "[parameters('sqlServerName')]",
        "elasticPoolSettings" : "[parameters('elasticPoolSettings')]",
        "elasticPoolName" : "[parameters('elasticPoolName')]",
    },
    "resources": [
        {
            "type": "Microsoft.Sql/servers/elasticPools",
            "apiVersion": "2014-04-01",
            "name": "[concat(variables('sqlServerName'), '/', variables('elasticPoolName'))]",
            "location": "[resourceGroup().location]",
            "properties": {
                "edition": "[variables('elasticPoolSettings').edition]",
                "dtu": "[variables('elasticPoolSettings').dtu]",
                "databaseDtuMin": "[variables('elasticPoolSettings').dbDTUMin]",
                "databaseDtuMax": "[variables('elasticPoolSettings').dbDTUMax]",
                "storageMB": "[variables('elasticPoolSettings').storageMB]"
            },
            "resources": [
                {
                    "type": "providers/diagnosticSettings",
                    "name": "[concat('Microsoft.Insights/', 'service')]",
                    "dependsOn": [
                        "[resourceId('Microsoft.Sql/servers/elasticPools',variables('sqlServerName'),variables('elasticPoolName'))]"
                    ],
                    "apiVersion": "2017-05-01-preview",
                    "properties": {
                        "name": "service",
                        "workspaceId": "[variables('OMS').ID]",
                        "metrics": [
                            {
                                "category": "AllMetrics",
                                "enabled": "True",
                                "retentionPolicy": {
                                    "days": "[variables('OMS').logRetention]",
                                    "enabled": "[variables('OMS').logsRetentionEnabled]"
                                }
                            }
                        ]
                    }
                }
            ]
        }
    ],
    "outputs": {}
}