{
    "$schema": "https://schema.management.azure.com/schemas/2015-01-01/deploymentTemplate.json#",
    "contentVersion": "1.0.0.0",
    "parameters": {
        "projectCode": {
            "type": "string",
            "metadata": {
                "description": "The project 3 digits code"
            }
        },
        "environmentCode": {
            "type": "string",
            "metadata": {
                "description": "The environment 3 digits code"
            },
            "allowedValues": [
                "dev",
                "qas",
                "stg",
                "prd",
                "bcp"
            ]
        },
        "sqlServer": {
            "type": "object",
            "metadata": {
                "description": "All of the settings for the SQL server"
            }
        },
        "elasticPoolSettings": {
            "type": "object",
            "metadata": {
                "description": "All of the settings for the elastic pool."
            }
        },
        "workspaceId": {
            "type": "string",
            "metadata": {
                "description": "Log Analytics workspace ID for the Log Analytics workspace to which logs will be sent."
            }
        },
        "logsRetentionDays": {
            "type": "int",
            "defaultValue": 0,
            "metadata": {
                "description": "Defines the number of logs rentetion days"
            }
        }
    },
    "variables": {
        "isprd": "[if(equals(parameters('environmentCode'), 'prd'), bool('true'),bool('false'))]",
        "isbcp": "[if(equals(parameters('environmentCode'), 'bcp'), bool('true'),bool('false'))]",
        "isbcporprd" : "[or(variables('isprd'), variables('isbcp'))]",
        "envchar": "[if(variables('isbcporprd'),'',first(parameters('environmentCode')))]",
        "OMS": {
            "ID": "[parameters('workspaceId')]",
             "logRetention": "[parameters('logsRetentionDays')]",
             "logsRetentionEnabled": "[if(equals(parameters('logsRetentionDays'), 0), 'False', 'True')]"
        },
        "sqlServer" : "[parameters('sqlServer')]",
        "elasticPoolSettings" : "[parameters('elasticPoolSettings')]",
        "elasticPoolName" : "[concat(parameters('projectCode'), '-pool')]",
        "failoverGroupName" : "[concat(parameters('projectCode'), '-failover')]",
        "dbNames" : "[parameters('sqlServer').dbNames]"
    },
    "resources": [
        {
            "type": "Microsoft.Sql/servers/elasticPools",
            "apiVersion": "2014-04-01",
            "name": "[concat(variables('sqlServer').PrimaryName, '/', variables('elasticPoolName'))]",
            "condition": "[not(variables('isbcp'))]",
            "location": "[resourceGroup().location]",
            "properties": {
                "edition": "[variables('elasticPoolSettings').edition]",
                "dtu": "[variables('elasticPoolSettings').dtu]",
                "databaseDtuMin": "[variables('elasticPoolSettings').dbDTUMin]",
                "databaseDtuMax": "[variables('elasticPoolSettings').dbDTUMax]",
                "storageMB": "[variables('elasticPoolSettings').storageMB]"
            },
            "resources": [
                {
                    "type": "providers/diagnosticSettings",
                    "name": "[concat('Microsoft.Insights/', 'service')]",
                    "dependsOn": [
                        "[resourceId('Microsoft.Sql/servers/elasticPools',variables('sqlServer').PrimaryName,variables('elasticPoolName'))]"
                    ],
                    "apiVersion": "2017-05-01-preview",
                    "properties": {
                        "name": "service",
                        "workspaceId": "[variables('OMS').ID]",
                        "metrics": [
                            {
                                "category": "AllMetrics",
                                "enabled": "True",
                                "retentionPolicy": {
                                    "days": "[variables('OMS').logRetention]",
                                    "enabled": "[variables('OMS').logsRetentionEnabled]"
                                }
                            }
                        ]
                    }
                }
            ]
        },
        {
            "type": "Microsoft.Sql/servers/databases",
            "apiVersion": "2014-04-01",
            "name": "[concat(variables('sqlServer').PrimaryName, '/', variables('dbNames'))]",
            "condition": "[not(variables('isbcp'))]",
            "location": "[resourceGroup().location]",
            "dependsOn": [
                "[concat('Microsoft.Sql/servers/', variables('sqlServer').PrimaryName,'/elasticpools/', variables('elasticPoolName'))]"
            ],
            "properties": {
                "collation": "[variables('sqlServer').sqlDatabaseCollation]",
                "requestedServiceObjectiveName": "ElasticPool",
                "elasticPoolName": "[variables('elasticPoolName')]"
            },
            "resources": [
                {
                    "type": "providers/diagnosticSettings",
                    "name": "[concat('Microsoft.Insights/', 'service')]",
                    "dependsOn": [
                        "[resourceId('Microsoft.Sql/servers/databases', variables('sqlServer').PrimaryName, variables('dbNames'))]"
                    ],
                    "condition": "[not(variables('isbcp'))]",
                    "apiVersion": "2017-05-01-preview",
                    "properties": {
                        "name": "service",
                        "workspaceId": "[variables('OMS').ID]",
                        "logs": [
                            {
                                "category": "QueryStoreRuntimeStatistics",
                                "enabled": "True",
                                "retentionPolicy": {
                                    "days": "[variables('OMS').logRetention]",
                                    "enabled": "[variables('OMS').logsRetentionEnabled]"
                                }
                            },
                            {
                                "category": "QueryStoreWaitStatistics",
                                "enabled": "True",
                                "retentionPolicy": {
                                    "days": "[variables('OMS').logRetention]",
                                    "enabled": "[variables('OMS').logsRetentionEnabled]"
                                }
                            },
                            {
                                "category": "Errors",
                                "enabled": "True",
                                "retentionPolicy": {
                                    "days": "[variables('OMS').logRetention]",
                                    "enabled": "[variables('OMS').logsRetentionEnabled]"
                                }
                            },
                            {
                                "category": "DatabaseWaitStatistics",
                                "enabled": "True",
                                "retentionPolicy": {
                                    "days": "[variables('OMS').logRetention]",
                                    "enabled": "[variables('OMS').logsRetentionEnabled]"
                                }
                            },
                            {
                                "category": "Timeouts",
                                "enabled": "True",
                                "retentionPolicy": {
                                    "days": "[variables('OMS').logRetention]",
                                    "enabled": "[variables('OMS').logsRetentionEnabled]"
                                }
                            },
                            {
                                "category": "Blocks",
                                "enabled": "True",
                                "retentionPolicy": {
                                    "days": "[variables('OMS').logRetention]",
                                    "enabled": "[variables('OMS').logsRetentionEnabled]"
                                }
                            },
                            {
                                "category": "SQLInsights",
                                "enabled": "True",
                                "retentionPolicy": {
                                    "days": "[variables('OMS').logRetention]",
                                    "enabled": "[variables('OMS').logsRetentionEnabled]"
                                }
                            },
                            {
                                "category": "Audit",
                                "enabled": "True",
                                "retentionPolicy": {
                                    "days": "[variables('OMS').logRetention]",
                                    "enabled": "[variables('OMS').logsRetentionEnabled]"
                                }
                            }
                        ],
                        "metrics": [
                            {
                                "category": "AllMetrics",
                                "enabled": "True",
                                "retentionPolicy": {
                                    "days": "[variables('OMS').logRetention]",
                                    "enabled": "[variables('OMS').logsRetentionEnabled]"
                                }
                            }
                        ]
                    }
                }
            ]
        },
        {
            "type": "Microsoft.Sql/servers/elasticPools",
            "apiVersion": "2014-04-01",
            "name": "[concat(variables('sqlServer').SecondaryName, '/', variables('elasticPoolName'))]",
            "condition": "[variables('isbcp')]",
            "location": "[variables('sqlServer').SecondaryLocation]",
            "properties": {
                "edition": "[variables('elasticPoolSettings').edition]",
                "dtu": "[variables('elasticPoolSettings').dtu]",
                "databaseDtuMin": "[variables('elasticPoolSettings').dbDTUMin]",
                "databaseDtuMax": "[variables('elasticPoolSettings').dbDTUMax]",
                "storageMB": "[variables('elasticPoolSettings').storageMB]"
            },
            "resources": [
                {
                    "type": "providers/diagnosticSettings",
                    "name": "[concat('Microsoft.Insights/', 'service')]",
                    "dependsOn": [
                        "[resourceId('Microsoft.Sql/servers/elasticPools',variables('sqlServer').SecondaryName,variables('elasticPoolName'))]"
                    ],
                    "apiVersion": "2017-05-01-preview",
                    "condition": "[variables('isbcp')]",
                    "properties": {
                        "name": "service",
                        "workspaceId": "[variables('OMS').ID]",
                        "metrics": [
                            {
                                "category": "AllMetrics",
                                "enabled": "True",
                                "retentionPolicy": {
                                    "days": "[variables('OMS').logRetention]",
                                    "enabled": "[variables('OMS').logsRetentionEnabled]"
                                }
                            }
                        ]
                    }
                }
            ]
        },
        {
            "type": "Microsoft.Sql/servers/failoverGroups",
            "apiVersion": "2015-05-01-preview",
            "name": "[concat(variables('sqlServer').PrimaryName, '/', variables('failoverGroupName'))]",
            "condition": "[variables('isbcp')]",
            "properties": {
                "readWriteEndpoint": {
                    "failoverPolicy": "Automatic",
                    "failoverWithDataLossGracePeriodMinutes": 60
                },
                "readOnlyEndpoint": {
                    "failoverPolicy": "Disabled"
                },
                "partnerServers": [
                    {
                        "id": "[resourceId('Microsoft.Sql/servers/', variables('sqlServer').SecondaryName)]"
                    }
                ]
            }
        }
    ],
    "outputs": {}
}