{
    "id": "a83bd83d-964f-4ef5-9f04-b8f8d41ca92d",
    "name": "KeyVault",
    "friendlyName": "SCM - Azure KeyVault",
    "description": "Azure DevOps task to create/modify/delete an Azure KeyVault.",
    "helpMarkDown": "[Learn more about this task](http://tfs.deloitte.com:8080/tfs/DAS%20Public/_git/ADO%20Extensions?path=%2FKeyVault.md)",
    "category": "Azure Pipelines",
    "author": "SCM Platform Management",
    "version": {
        "Major": 1,
        "Minor": 0,
        "Patch": 41
    },
    "instanceNameFormat": "Create/Update KeyVault: $(ProjectCode)-$(ResourceUniqueId)",
    "groups": [
        {
            "name": "Project",
            "displayName": "Project-Specific Information",
            "isExpanded": true
        },
        {
            "name": "KeyVault",
            "displayName": "Key Vault Settings",
            "isExpanded": true            
        },
        {
            "name": "LogSettings",
            "displayName": "Log Settings",
            "isExpanded": false
        }
    ],
    "inputs": [
        {
            "name": "ConnectedServiceName",
            "type": "connectedService:AzureRM",
            "label": "Azure RM Subscription",
            "defaultValue": "",
            "required": true,
            "helpMarkDown": "Select the Azure Resource Manager subscription for the deployment."
        },
        {
            "name": "ProjectCode",
            "type": "string",
            "label": "Project Code",
            "required": true,
            "helpMarkDown": "Project Code must be between 3-6 characters.",
            "groupName": "Project",
            "validation": {
                "expression": "isMatch(value, '^[0-9a-z]{3,6}$', 'IgnoreCase')",
                "message": "Project Code must be between 3-6 characters."
            }
        },
        {
            "name": "ResourceUniqueId",
            "type": "string",
            "label": "Unique Id of Resource",
            "required": true,
            "helpMarkDown": "Please input a Unique Id to add to the end of each Resource name. i.e 01 or svc01. Unique Id must be between 1-5 characters.",
            "groupName": "Project",
            "validation": {
                "expression": "isMatch(value, '^[0-9a-z]{1,5}$', 'IgnoreCase')",
                "message": "Unique Id must be between 1-5 characters."
            }
        },
        {
            "name": "ResourceGroupName",
            "type": "pickList",
            "label": "Resource Group",
            "required": true,
            "helpMarkDown": "Please select or input Azure Resource Group for KeyVault resource.",
            "groupName": "KeyVault",
            "properties": {
                "EditableOptions": "True"
            }
        },
        {
            "name": "AzureRegion",
            "type": "pickList",
            "label": "Azure Region",
            "defaultValue": "East US",            
            "required": true,
            "helpMarkDown": "Please select Azure Region for resource deployment.",
            "groupName": "KeyVault",
            "properties": {
                "EditableOptions": "True"
            }
        },
        {
            "name": "KeyVaultType",
            "type": "picklist",
            "label": "Azure KeyVault Type",
            "required": true,
            "options": {
                "kvconfig": "Config KV",
                "kvsecret": "Secret KV",
                "kvshared": "Shared KV"
            },
            "helpMarkDown": "Please select Azure KeyVault type.",
            "groupName": "KeyVault"
        },
        {
            "name": "LogRetentionDays",
            "type": "int",
            "label": "Log Retention Days",
            "defaultValue": "90",
            "required": false,
            "helpMarkDown": "Defines the number of log retention days.",
            "groupName": "LogSettings"
        }
    ],
    "dataSourceBindings": [
        {
            "target": "ResourceGroupName",
            "endpointId": "$(ConnectedServiceName)",
            "dataSourceName": "AzureResourceGroups"
        },
        {
            "target": "AzureRegion",
            "endpointId": "$(ConnectedServiceName)",
            "dataSourceName": "AzureLocations"
        }
    ],
    "execution": {
        "PowerShell3": {
            "target": "$(currentDirectory)\\KeyVault.ps1",
            "argumentFormat": "",
            "workingDirectory": "$(System.DefaultWorkingDirectory)"
        }
    },
    "OutputVariables": [
        {
            "name" : "KeyVaultName",
            "description" : "This name of the keyvault."
        }
    ]
}
