{
    "$schema": "https://schema.management.azure.com/schemas/2015-01-01/deploymentTemplate.json#",
    "contentVersion": "1.0.0.0",
    "parameters": {
        "azureRegion": {
            "type": "string",
            "metadata": {
                "description": "Azure Region"
            }
        },
        "workspaceId": {
            "type": "string",
            "metadata": {
                "description": "Log Analytics workspace ID for the Log Analytics workspace to which logs will be sent."
            }
        },
        "logsRetentionDays": {
            "type": "int",
            "defaultValue": 0,
            "metadata": {
                "description": "Defines the number of logs retention days"
            }
        },
        "aseName": {
            "type": "string",
            "metadata": {
                "description": "Name of Application Service Environmnet used by App Service Plan."
            }
        },
        "aseRgName": {
            "type": "string",
            "metadata": {
                "description": "Name of Resource Group that hosts ASE."
            }
        },
        "appServicePlan": {
            "type": "string",
            "metadata": {
                "description": "Name of App Service Plan."
            }
        },
        "workerPool": {
            "type": "string",
            "allowedValues": [
                "1",
                "2",
                "3"
            ],
            "defaultValue": 0,
            "metadata": {
                "description": "Defines which Worker Pool (WP1, WP2 or WP3) resources will be used for App Service Plan."
            }
        },
        "numberOfWorkersFromWorkerPool": {
            "type": "int",
            "defaultValue": 1,
            "metadata": {
                "description": "Defines number of workers from Worker Pool that will be used by App Service Plan."
            }
        }
    },
    "variables": {
        "appServiceEnvironmentName": "[parameters('aseName')]",
        "appServiceEnvironmentRgName": "[parameters('aseRgName')]",
        "location": "[parameters('azureRegion')]",
        "appServicePlan": {            
            "name": "[parameters('appServicePlan')]",
            "workerPool": "[parameters('workerPool')]",
            "numberOfWorkersFromWorkerPool": "[parameters('numberOfWorkersFromWorkerPool')]"
        },
        "OMS": {
            "ID": "[parameters('workspaceId')]",
            "logRetention": "[parameters('logsRetentionDays')]",
            "logsRetentionEnabled": "[if(equals(parameters('logsRetentionDays'), 0), 'False', 'True')]"
        }
    },
    "resources": [
        {
            "type": "Microsoft.Web/serverfarms",
            "apiVersion": "2016-09-01",
            "name": "[variables('appServicePlan').name]",
            "location": "[variables('location')]",
            "properties": {
                "hostingEnvironmentProfile": {
                    "id": "[resourceId(variables('appServiceEnvironmentRgName'), 'Microsoft.Web/hostingEnvironments', variables('appServiceEnvironmentName'))]"
                }
            },
            "sku": {
                "name": "[concat('I',variables('appServicePlan').workerPool)]",
                "tier": "Premium",
                "size": "[concat('I',variables('appServicePlan').workerPool)]",
                "family": "I",
                "capacity": "[variables('appServicePlan').numberOfWorkersFromWorkerPool]"
            },
            "dependsOn": [
            ],
            "resources": [
                {
                    "type": "providers/diagnosticSettings",
                    "apiVersion": "2017-05-01-preview",
                    "name": "[concat('Microsoft.Insights/', 'service')]",
                    "dependsOn": [
                        "[resourceId('Microsoft.Web/serverfarms', variables('appServicePlan').name)]"
                    ],
                    "properties": {
                        "name": "service",
                        "workspaceId": "[variables('OMS').ID]",
                        "metrics": [
                            {
                                "category": "AllMetrics",
                                "enabled": "True",
                                "retentionPolicy": {
                                    "days": "[variables('OMS').logRetention]",
                                    "enabled": "[variables('OMS').logsRetentionEnabled]"
                                }
                            }
                        ]
                    }
                }
            ]
        }
    ],
    "outputs": {
        "AppServicePlan": {
            "type": "string",
            "value": "[variables('appServicePlan').name]"
        },
        "AzureRegion": {
            "type": "string",
            "value": "[variables('location')]"
        }
    }
}