{
    "$schema": "https://schema.management.azure.com/schemas/2015-01-01/deploymentTemplate.json#",
    "contentVersion": "1.0.0.0",
    "parameters": {
        "azureRegion": {
            "type": "string",
            "metadata": {
                "description": "Azure Region"
            }
        },
        "workspaceId": {
            "type": "string",
            "metadata": {
                "description": "Log Analytics workspace ID for the Log Analytics workspace to which logs will be sent."
            }
        },
        "logsRetentionDays": {
            "type": "int",
            "defaultValue": 0,
            "metadata": {
                "description": "Defines the number of logs retention days"
            }
        },
        "aseName": {
            "type": "string",
            "metadata": {
                "description": "Name of Application Service Environmnet used by App Service Plan."
            }
        },
        "aseRgName": {
            "type": "string",
            "metadata": {
                "description": "Name of Resource Group that hosts ASE."
            }
        },
        "webAppName": {
            "type": "string",
            "metadata": {
                "description": "Name of Web App."
            }
        },
        "aspResourceId": {
            "type": "string",
            "metadata": {
                "description": "App Service Plan Resource Id."
            }
        },
        "aiInstrumentationKey": {
            "type": "securestring",
            "defaultValue": "",
            "metadata": {
                "description": "Instrumentation Key for App Insights instance."
            }
        }
    },
    "variables": {
        "appServiceEnvironmentName": "[parameters('aseName')]",
        "appServiceEnvironmentRgName": "[parameters('aseRgName')]",
        "location": "[parameters('azureRegion')]",
        "webApp": {
            "name": "[parameters('webAppName')]",
            "aspResourceId": "[parameters('aspResourceId')]"
        },
        "OMS": {
            "ID": "[parameters('workspaceId')]",
            "logRetention": "[parameters('logsRetentionDays')]",
            "logsRetentionEnabled": "[if(equals(parameters('logsRetentionDays'), 0), 'False', 'True')]"
        }
    },
    "resources": [        
        {
            "type": "Microsoft.Web/sites",
            "apiVersion": "2018-11-01",
            "name": "[variables('webApp').name]",
            "location": "[variables('location')]",
            "identity": {
                "type": "SystemAssigned"
            },
            "properties": {
                "enabled": "True",
                "serverFarmId": "[variables('webApp').aspResourceId]",
                "hostingEnvironmentProfile": {
                    "id": "[resourceId(variables('appServiceEnvironmentRgName'), 'Microsoft.Web/hostingEnvironments', variables('appServiceEnvironmentName'))]"
                },
                "siteConfig": {
                    "netFrameworkVersion": "v4.7",
                    "phpVersion": "",
                    "pythonVersion": "",
                    "javaVersion": "",
                    "nodeVersion": "",
                    "linuxFxVersion": "",
                    "use32BitWorkerProcess": "False",
                    "webSocketsEnabled": "False",
                    "alwaysOn": "True",
                    "managedPipelineMode": "Integrated",
                    "remoteDebuggingEnabled": "False",
                    "appSettings": [
                        {
                            "name": "[if(empty(parameters('aiInstrumentationKey')), 'placeholder', 'APPINSIGHTS_INSTRUMENTATIONKEY')]",
                            "value": "[if(empty(parameters('aiInstrumentationKey')), 'placeholder', parameters('aiInstrumentationKey'))]"
                        }
                    ],
                    "connectionStrings": [
                    ],
                    "defaultDocuments": [
                    ],
                    "handlerMappings": [
                    ],
                    "virtualApplications": [
                        {
                            "virtualPath": "/",
                            "physicalPath": "site\\wwwroot",
                            "preloadEnabled": "True",
                            "virtualDirectories": ""
                        }
                    ],
                    "minTlsVersion": "1.2"
                },
                "clientAffinityEnabled": "False",
                "managedServiceIdentityId": "",
                "httpsOnly": "TrumanagedServiceIdentityIde",
                "push": "",
                "localMySqlEnabled": "False",
                "apiDefinition": "",
                "cors": ""
            },
            "resources": [
                {
                    "type": "siteextensions",
                    "apiVersion": "2018-11-01",
                    "name": "Microsoft.ApplicationInsights.AzureWebSites",
                    "dependsOn": [
                        "[concat('Microsoft.Web/sites/', variables('webApp').name)]"
                    ],
                    "properties": {
                    }
                },
                {
                    "type": "providers/diagnosticSettings",
                    "apiVersion": "2017-05-01-preview",
                    "name": "[concat('Microsoft.Insights/', 'service')]",
                    "dependsOn": [
                        "[resourceId('Microsoft.Web/sites', variables('webApp').name)]"
                    ],
                    "properties": {
                        "name": "service",
                        "workspaceId": "[variables('OMS').ID]",
                        "metrics": [
                            {
                                "category": "AllMetrics",
                                "enabled": "True",
                                "retentionPolicy": {
                                    "days": "[variables('OMS').logRetention]",
                                    "enabled": "[variables('OMS').logsRetentionEnabled]"
                                }
                            }
                        ]
                    }
                }
            ],
            "dependsOn": [
            ]
        }
    ],
    "outputs": {
        "AppServiceName": {
            "type": "string",
            "value": "[variables('webApp').name]"
        },
        "AzureRegion": {
            "type": "string",
            "value": "[variables('location')]"
        }
    }
}