{
    "$schema": "https://schema.management.azure.com/schemas/2015-01-01/deploymentTemplate.json#",
    "contentVersion": "1.0.0.0",
    "parameters": {
        "webAppname": {
            "type": "string",
            "metadata": {
                "description": "The name of the web application."
            }
        },
        "webAppservicePlan": {
            "type": "string",
            "metadata": {
                "description": "The service plan that hosts the application"
            }
        },
        "location": {
            "type": "string",
            "metadata": {
                "description": "The location of the web application."
            }
        },
        "certificateName": {
            "type": "string",
            "metadata": {
                "description": "The name of the certificate for the application"
            }
        },
         "sharedKeyVaultId": {
            "type": "string",
            "metadata": {
                "description": "The keyvault id of that store the certificate."
            }
        },
        "hostname": {
            "type": "string",
            "metadata": {
                "description": "The keyvault id of that store the certificate."
            }
        }
    },
    "variables": {
        "hostname": "[parameters('hostname')]",
        "webApp": {
            "name": "[parameters('webAppname')]",
            "servicePlan": "[parameters('webAppservicePlan')]",
            "location": "[parameters('location')]"
        },
        "certificate": {
            "name": "[parameters('certificateName')]",
            "sharedKeyVaultId": "[parameters('sharedKeyVaultId')]"
        }
    },
    "resources": [
        {
            "type": "Microsoft.Web/certificates",
            "apiVersion": "2016-03-01",
            "name": "[variables('certificate').name]",
            "location": "[variables('webApp').location]",
            "properties": {
                "keyVaultId": "[variables('certificate').sharedKeyVaultId]",
                "keyVaultSecretName": "[variables('certificate').name]",
                "serverFarmId": "[resourceId('Microsoft.Web/serverfarms', variables('webApp').servicePlan)]"
            }
        },
        {
            "type": "Microsoft.Web/sites/hostNameBindings",
            "apiVersion": "2016-08-01",
            "name": "[concat(variables('webApp').name, '/', variables('hostName'))]",
            "location": "[variables('webApp').location]",
            "properties": {
                "siteName": "[variables('webApp').name]",
                "hostNameType": "Verified",
                "sslState": "SniEnabled",
                "thumbprint": "[reference(resourceId('Microsoft.Web/certificates', variables('certificate').name)).Thumbprint]"
            },
            "dependsOn": [
                "[concat('Microsoft.Web/certificates/', variables('certificate').name)]"
            ]
        }
    ],
    "outputs": {
    }
}