{
    "$schema": "https://schema.management.azure.com/schemas/2015-01-01/deploymentTemplate.json#",
    "contentVersion": "1.0.0.0",
    "parameters": {
        "dbAccountName": {
            "type": "string",
            "metadata": {
                "description": "The name of the comsmosDB Account"
            }
        },
        "dbName": {
            "type": "string",
            "metadata": {
                "description": "The name of the comsmosDB Account"
            }
        },
        "throughput": {
            "type": "int",
            "metadata": {
                "description": "The throughput for the database to be shared"
            }
        },
        "multipleWriteLocations": {
            "type": "bool",
            "defaultValue": false,
            "allowedValues": [
                true,
                false
            ],
            "metadata": {
                "description": "Enable multi-master to make all regions writable."
            }
        },
        "automaticFailover": {
            "type": "bool",
            "defaultValue": false,
            "allowedValues": [
                true,
                false
            ],
            "metadata": {
                "description": "Enable automatic failover for regions. Ignored when Multi-Master is enabled"
            }
        },
        "primaryRegion": {
            "type": "string",
            "metadata": {
                "description": "The primary replica region for the Cosmos DB account."
            }
        },
        "secondaryRegion": {
            "type": "string",
            "metadata": {
                "description": "The secondary replica region for the Cosmos DB account."
            }
        },
        "consistencyPolicy": {
            "type": "object",
            "metadata": {
                "description": "The consistency level policy of the Cosmos DB account."
            }
        },
        "apiType": {
            "type": "string",
            "metadata": {
                "description": "The type of API used by the Cosmos DB"
            }
        }
    },
    "variables": {
        "locations": [
            {
                "locationName": "[parameters('primaryRegion')]",
                "failoverPriority": 0
            },
            {
                "locationName": "[parameters('secondaryRegion')]",
                "failoverPriority": 1
            }
        ],
        "cosmosdb": {
            "accountName": "[parameters('dbAccountName')]",
            "dbName" : "[parameters('dbName')]",
            "automaticFailover": "[parameters('automaticFailover')]",
            "multipleWriteLocations": "[parameters('multipleWriteLocations')]",
            "consistencyPolicy": "[parameters('consistencyPolicy')]",
            "kind": "[parameters('apiType')]"
        },
        "throughput" : "[parameters('throughput')]"
    },
    "resources": [
        {
            "type": "Microsoft.DocumentDB/databaseAccounts",
            "apiVersion": "2019-08-01",
            "name": "[variables('cosmosdb').accountName]",
            "location": "[variables('locations')[0].locationName]",
            "kind": "[variables('cosmosdb').kind]",
            "properties": {
                "consistencyPolicy": "[variables('cosmosdb').consistencyPolicy]",
                "locations": "[variables('locations')]",
                "databaseAccountOfferType": "Standard",
                "enableAutomaticFailover": "[variables('cosmosdb').automaticFailover]",
                "enableMultipleWriteLocations": "[variables('cosmosdb').multipleWriteLocations]"
            }
        },
		{
            "type": "Microsoft.DocumentDB/databaseAccounts/mongodbDatabases",
            "apiVersion": "2019-08-01",
			"name": "[concat(variables('cosmosdb').accountName, '/', variables('cosmosdb').dbName)]",
			"dependsOn": [ "[resourceId('Microsoft.DocumentDB/databaseAccounts/', variables('cosmosdb').accountName)]" ],
			"properties":{
				"resource":{
					"id": "[variables('cosmosdb').dbName]"
				},
				"options": { 
                    "throughput": "[variables('throughput')]"  
                }
            }
        }		
    ],
    "outputs": {
    }
}