{
    "$schema": "https://schema.management.azure.com/schemas/2015-01-01/deploymentTemplate.json#",
    "contentVersion": "1.0.0.0",
    "parameters": {
        "PrimarysqlServer": {
            "type": "string",
            "metadata": {
                "description": "The name of the primary SQL server in failoverGroup"
            }
        },
        "SecondarysqlServer": {
            "type": "string",
            "metadata": {
                "description": "The name of the secondary SQL server in failoverGroup"
            }
        },
        "failoverGroupName": {
            "type": "string",
            "metadata": {
                "description": "All of the settings for the elastic pool."
            }
        },
        "databaseNameResourceIds": {
            "type": "array",
            "metadata": {
                "description": "A list of all of the databases resource ids to add to failover group."
            }
        }
    },
    "variables": {
        "sqlServer" : {
            "PrimaryName" : "[parameters('PrimarysqlServer')]",
            "SecondaryName" : "[parameters('SecondarysqlServer')]"
        },
        "databaseNames" : "[parameters('databaseNameResourceIds')]",
        "failoverGroupName" : "[concat(parameters('failoverGroupName'), '-failover')]"
    },
    "resources": [
        {
            "type": "Microsoft.Sql/servers/failoverGroups",
            "apiVersion": "2015-05-01-preview",
            "name": "[concat(variables('sqlServer').PrimaryName, '/', variables('failoverGroupName'))]",
            "properties": {
                "readWriteEndpoint": {
                    "failoverPolicy": "Automatic",
                    "failoverWithDataLossGracePeriodMinutes": 60
                },
                "readOnlyEndpoint": {
                    "failoverPolicy": "Disabled"
                },
                "partnerServers": [
                    {
                        "id": "[resourceId('Microsoft.Sql/servers/', variables('sqlServer').SecondaryName)]"
                    }
                ],
                "databases": "[variables('databaseNames')]"
            }
        }
    ],
    "outputs": {}
}