{
    "$schema": "https://schema.management.azure.com/schemas/2015-01-01/deploymentTemplate.json#",
    "contentVersion": "1.0.0.0",
    "parameters": {
        "keyVaultName": {
            "type": "string",
            "metadata": {
                "description": "The base keyvault name to be created."
            }
        },
        "AccessPolicy": {
            "type": "object",
            "metadata": {
                "description": "The default admin access policy for the keyvault."
            }
        }
    },
    "variables": {
        "keyVault": {
            "name": "[parameters('keyVaultName')]"
        },
        "kvAccessPolicy": "[parameters('AccessPolicy')]"
    },
    "resources": [
        {
            "type": "Microsoft.KeyVault/vaults/accessPolicies",
            "name": "[concat(variables('keyVault').name, '/add')]",
            "apiVersion": "2018-02-14",
            "properties": {
                "accessPolicies": [
                    {
                        "tenantId": "[variables('kvAccessPolicy').tenantid]",
                        "objectId": "[variables('kvAccessPolicy').objectid]",
                        "permissions": {
                            "secrets": "[variables('kvAccessPolicy').secretsPermissions]",
                            "keys": "[variables('kvAccessPolicy').keysPermissions]",
                            "certificates": "[variables('kvAccessPolicy').certificatesPermissions]",
                            "storage": "[variables('kvAccessPolicy').storagePermissions]"
                        }
                    }
                ]
            }
        }
    ],
    "outputs": {
    }
}