{
    "$schema": "https://schema.management.azure.com/schemas/2015-01-01/deploymentTemplate.json#",
    "contentVersion": "1.0.0.0",
    "parameters": {
        "sqlServerName": {
            "type": "string",
            "metadata": {
                "description": "The name of the SQL server to create database"
            }
        },
        "dbName": {
            "type": "string",
            "metadata": {
                "description": "The name of the database"
            }
        },
        "sqlDatabaseCollation": {
            "type": "string",
            "metadata": {
                "description": "The name of the SQL server Collation"
            }
        },
        "elasticPoolName": {
            "type": "string",
            "metadata": {
                "description": "The name of the elastic pool for the database."
            }
        },
        "workspaceId": {
            "type": "string",
            "metadata": {
                "description": "Log Analytics workspace ID for the Log Analytics workspace to which logs will be sent."
            }
        },
        "logsRetentionDays": {
            "type": "int",
            "defaultValue": 0,
            "metadata": {
                "description": "Defines the number of logs rentetion days"
            }
        }
    },
    "variables": {
        "OMS": {
            "ID": "[parameters('workspaceId')]",
             "logRetention": "[parameters('logsRetentionDays')]",
             "logsRetentionEnabled": "[if(equals(parameters('logsRetentionDays'), 0), 'False', 'True')]"
        },
        "sqlServerName" : "[parameters('sqlServerName')]",
        "sqlDatabaseCollation" : "[parameters('sqlDatabaseCollation')]",
        "elasticPoolName" : "[parameters('elasticPoolName')]",
        "dbName" : "[parameters('dbName')]"
    },
    "resources": [
        {
            "type": "Microsoft.Sql/servers/databases",
            "apiVersion": "2014-04-01",
            "name": "[concat(variables('sqlServerName'), '/', variables('dbName'))]",
            "location": "[resourceGroup().location]",
            "properties": {
                "collation": "[variables('sqlDatabaseCollation')]",
                "requestedServiceObjectiveName": "ElasticPool",
                "elasticPoolName": "[variables('elasticPoolName')]"
            },
            "resources": [
                {
                    "type": "providers/diagnosticSettings",
                    "name": "[concat('Microsoft.Insights/', 'service')]",
                    "dependsOn": [
                        "[resourceId('Microsoft.Sql/servers/databases', variables('sqlServerName'), variables('dbName'))]"
                    ],
                    "apiVersion": "2017-05-01-preview",
                    "properties": {
                        "name": "service",
                        "workspaceId": "[variables('OMS').ID]",
                        "logs": [
                            {
                                "category": "QueryStoreRuntimeStatistics",
                                "enabled": "True",
                                "retentionPolicy": {
                                    "days": "[variables('OMS').logRetention]",
                                    "enabled": "[variables('OMS').logsRetentionEnabled]"
                                }
                            },
                            {
                                "category": "QueryStoreWaitStatistics",
                                "enabled": "True",
                                "retentionPolicy": {
                                    "days": "[variables('OMS').logRetention]",
                                    "enabled": "[variables('OMS').logsRetentionEnabled]"
                                }
                            },
                            {
                                "category": "Errors",
                                "enabled": "True",
                                "retentionPolicy": {
                                    "days": "[variables('OMS').logRetention]",
                                    "enabled": "[variables('OMS').logsRetentionEnabled]"
                                }
                            },
                            {
                                "category": "DatabaseWaitStatistics",
                                "enabled": "True",
                                "retentionPolicy": {
                                    "days": "[variables('OMS').logRetention]",
                                    "enabled": "[variables('OMS').logsRetentionEnabled]"
                                }
                            },
                            {
                                "category": "Timeouts",
                                "enabled": "True",
                                "retentionPolicy": {
                                    "days": "[variables('OMS').logRetention]",
                                    "enabled": "[variables('OMS').logsRetentionEnabled]"
                                }
                            },
                            {
                                "category": "Blocks",
                                "enabled": "True",
                                "retentionPolicy": {
                                    "days": "[variables('OMS').logRetention]",
                                    "enabled": "[variables('OMS').logsRetentionEnabled]"
                                }
                            },
                            {
                                "category": "SQLInsights",
                                "enabled": "True",
                                "retentionPolicy": {
                                    "days": "[variables('OMS').logRetention]",
                                    "enabled": "[variables('OMS').logsRetentionEnabled]"
                                }
                            },
                            {
                                "category": "Audit",
                                "enabled": "True",
                                "retentionPolicy": {
                                    "days": "[variables('OMS').logRetention]",
                                    "enabled": "[variables('OMS').logsRetentionEnabled]"
                                }
                            }
                        ],
                        "metrics": [
                            {
                                "category": "AllMetrics",
                                "enabled": "True",
                                "retentionPolicy": {
                                    "days": "[variables('OMS').logRetention]",
                                    "enabled": "[variables('OMS').logsRetentionEnabled]"
                                }
                            }
                        ]
                    }
                }
            ]
        }
       
    ],
    "outputs": {}
}