{
    "$schema": "https://schema.management.azure.com/schemas/2015-01-01/deploymentTemplate.json#",
    "contentVersion": "1.0.0.0",
    "parameters": {
        "sqlServerName": { 
            "type": "string",
            "metadata": {
                "description": "The name of the primary SQL Server."
            }
        },
        "sqlServerAdminUsername": {
            "type": "string",
            "metadata": {
                "description": "The administrator username of the primary SQL Server."
            }
        },
        "sqlServerAdminPassword": {
            "type": "securestring",
            "metadata": {
                "description": "The administrator password of the primary SQL Server."
            }
        },
        "sqlServerVersion": {
            "type": "string",
            "metadata": {
                "description": "The version for the SQL server to create."
            },
            "allowedValues": [
                "12.0"
            ],
            "defaultValue": "12.0"
        },
        "aadAdminLogin": {
            "type": "string",
            "metadata": {
                "description": "The active directory admin login"
            }
        },
        "aadAdminObjectId": {
            "type": "string",
            "metadata": {
                "description": "The active directory admin object ID"
            }
        },
        "aadTenantId": {
            "type": "string",
            "metadata": {
                "description": "The active directory admin tenant ID"
            }
        },
        "deloittePublicSubnetStartIp": {
            "type": "string",
            "metadata": {
                "description": "The vNet Subnet Start IP"
            }
        },
        "deloittePublicSubnetEndIp": {
            "type": "string",
            "metadata": {
                "description": "The vNet Subnet End IP"
            }
        },
        "aseVnetSubnetName": {
            "type": "string",
            "metadata": {
                "description": "The vNet Name"
            }
        },
        "aseVnetName": {
            "type": "string",
            "metadata": {
                "description": "The vNet Name"
            }
        },
        "aseVnetResourceGroupName": {
            "type": "string",
            "metadata": {
                "description": "The vNet Subnet Name"
            }
        },
        "workspaceId": {
            "type": "string",
            "metadata": {
                "description": "Log Analytics workspace ID for the Log Analytics workspace to which logs will be sent."
            }
        },
        "logsRetentionDays": {
            "type": "int",
            "defaultValue": 0,
            "metadata": {
                "description": "Defines the number of logs retention days"
            }
        },
        "azureRegion": {
            "type": "string",
            "metadata": {
                "description": "Azure Region"
            }
        }
    },
    "variables": {
        "sqlServer": {
            "name": "[parameters('sqlServerName')]",
            "admin": "[parameters('sqlServerAdminUsername')]",
            "password": "[parameters('sqlServerAdminPassword')]",
            "version": "[parameters('sqlServerVersion')]"
        },
        "firewall" : {
            "deloittePublicSubnetStartIp" : "[parameters('deloittePublicSubnetStartIp')]",
            "deloittePublicSubnetEndIp" : "[parameters('deloittePublicSubnetEndIp')]"
        },
        "adminGroup" : {
            "name" : "[parameters('aadAdminLogin')]",
            "id" : "[parameters('aadAdminObjectId')]",
            "tenant" : "[parameters('aadTenantId')]"
        },
        "subnetID" : {
            "ASE" : "[resourceId(parameters('aseVnetResourceGroupName'), 'Microsoft.Network/virtualNetworks/subnets',parameters('aseVnetName'), parameters('aseVnetSubnetName'))]"
        },
        "OMS": {
            "ID": "[parameters('workspaceId')]",
            "logRetention": "[parameters('logsRetentionDays')]",
            "logsRetentionEnabled": "[if(equals(parameters('logsRetentionDays'), 0), 'False', 'True')]"
        },
        "location": "[parameters('azureRegion')]"
    },
    "resources": [
        {
            "apiVersion": "2015-05-01-preview",
            "type": "Microsoft.Sql/servers",
            "name": "[variables('sqlServer').name]",
            "location": "[variables('location')]",
            "identity": {
                "type": "SystemAssigned"
            },
            "properties": {
                "administratorLogin": "[variables('sqlServer').admin]",
                "administratorLoginPassword": "[variables('sqlServer').password]",
                "version": "[variables('sqlServer').version]"
            },
            "resources": [
                {
                    "type": "providers/diagnosticSettings",
                    "name": "[concat('Microsoft.Insights/', 'service')]",
                    "dependsOn": [
                        "[resourceId('Microsoft.Sql/servers', parameters('sqlServerName'))]"
                    ],
                    "apiVersion": "2017-05-01-preview",
                    "properties": {
                        "name": "service",
                        "workspaceId": "[variables('OMS').ID]",
                        "metrics": [
                            {
                                "category": "AllMetrics",
                                "enabled": "True",
                                "retentionPolicy": {
                                    "days": "[variables('OMS').logRetention]",
                                    "enabled": "[variables('OMS').logsRetentionEnabled]"
                                }
                            }
                        ]
                    }
                }
            ]
        },
                {
            "type": "Microsoft.Sql/servers/firewallrules",
            "apiVersion": "2015-05-01-preview",
            "name": "[concat(variables('sqlServer').name, '/', 'DeloittePublicIPBlock')]",
            "properties": {
                "startIpAddress": "[variables('firewall').deloittePublicSubnetStartIp]",
                "endIpAddress": "[variables('firewall').deloittePublicSubnetEndIp]"
            },
            "dependsOn": [
                "[concat('Microsoft.Sql/servers/', variables('sqlServer').name)]"
            ]
        },
        {
            "type": "Microsoft.Sql/servers/administrators",
            "apiVersion": "2017-03-01-preview",
            "name": "[concat(variables('sqlServer').name, '/', 'activeDirectory')]",
            "properties": {
                "administratorType": "ActiveDirectory",
                "login": "[variables('adminGroup').name]",
                "sid": "[variables('adminGroup').id]",
                "tenantId": "[variables('adminGroup').tenant]"
            },
            "dependsOn": [
                "[concat('Microsoft.Sql/servers/', variables('sqlServer').name)]"
            ]
        },
        {
            "type": "Microsoft.Sql/servers/virtualNetworkRules",
            "apiVersion": "2015-05-01-preview",
            "name": "[concat(variables('sqlServer').name, '/', 'AseVnetIntegration')]",
            "properties": {
                "virtualNetworkSubnetId": "[variables('subnetID').ASE]",
                "ignoreMissingVnetServiceEndpoint": false
            }
        }
    ],
    "outputs": {
    }
}
