{
    "$schema": "https://schema.management.azure.com/schemas/2015-01-01/deploymentTemplate.json#",
    "contentVersion": "1.0.0.1",
    "parameters": {
        "storageAccountName": {
            "type": "string",
            "metadata": {
                "description": "The abrev name of the project."
            }
        },
        "workspaceId": {
			"type": "string",
			"metadata": {
				"description": "Log Analytics workspace ID for the Log Analytics workspace to which logs will be sent."
			}
		},
        "logsRetentionDays": {
            "type": "int",
            "defaultValue": 0,
            "metadata": {
                "description": "Defines the number of logs rentetion days"
            }
        },
        "storageKind": {
            "type": "string",
            "defaultValue": "StorageV2",
            "metadata": {
                "description": "Type of storage account. - Storage, StorageV2, BlobStorage, FileStorage, BlockBlobStorage"
            }
        },
        "storageAccountType": {
            "type": "string",
            "defaultValue": "Standard_LRS",
            "allowedValues": [
                "Standard_LRS",
                "Standard_GRS",
                "Standard_ZRS",
                "Premium_LRS",
                "Standard_RAGRS"
            ],
            "metadata": {
                "description": "The availability and pricing tier of the storage account"
            }
        }
    },
    "variables": {
        "isBlob" : "[if(equals(parameters('storageKind'), 'BlobStorage'), bool('true'),bool('false'))]",
        "storageAccount": {
            "name": "[parameters('storageAccountName')]",
            "sku": "[parameters('storageAccountType')]",
            "kind": "[parameters('storageKind')]"
        },
        "OMS": {
            "ID": "[parameters('workspaceId')]",
             "logRetention": "[parameters('logsRetentionDays')]",
             "logsRetentionEnabled": "[if(equals(parameters('logsRetentionDays'), 0), 'False', 'True')]"
        }
    },
    "resources": [
        {
            "type": "Microsoft.Storage/storageAccounts",
            "apiVersion": "2019-04-01",
            "name": "[variables('storageAccount').name]",
            "location": "[resourceGroup().location]",
            "sku": {
                "name": "[variables('storageAccount').sku]"
            },
            "kind": "[variables('storageAccount').kind]",
            "properties": {
                "supportsHttpsTrafficOnly": true,
                "accessTier" : "[if(variables('isBlob'), 'Hot', json('null'))]"
            },
            "resources": [
                {
                    "type": "providers/diagnosticSettings",
                    "apiVersion": "2017-05-01-preview",
                    "name": "[concat('Microsoft.Insights/', 'service')]",
                    "dependsOn": [
                        "[resourceId('Microsoft.Storage/storageAccounts', variables('storageAccount').name)]"
                    ],
                    "properties": {
                        "name": "service",
                        "workspaceId": "[variables('OMS').ID]",
                        "logs": [],
                        "metrics": [
                            {
                                "category": "Capacity",
                                "enabled": "True",
                                "retentionPolicy": {
                                    "days": "[variables('OMS').logRetention]",
                                    "enabled": "[variables('OMS').logsRetentionEnabled]"
                                }
                            },
                            {
                                "category": "Transaction",
                                "enabled": "True",
                                "retentionPolicy": {
                                    "days": "[variables('OMS').logRetention]",
                                    "enabled": "[variables('OMS').logsRetentionEnabled]"
                                }
                            }
                        ]
                    }
                }
            ]
        }
    ],
    "outputs": {
        "storageAcccount": {
            "type": "string",
            "value": "[variables('storageAccount').name]"
        }
    }
}
