{
    "$schema": "https://schema.management.azure.com/schemas/2015-01-01/deploymentTemplate.json#",
    "contentVersion": "1.0.0.0",
    "parameters": {
        "trafficManagerDnsName": {
            "type": "string",
            "metadata": {
                "description": "The name of the Traffic Manager"
            }
        }
    },
    "variables": {
        "trafficManagerDnsName": "[parameters('trafficManagerDnsName')]"
    },
    "resources": [
        {
            "type": "Microsoft.Network/trafficManagerProfiles",
            "apiVersion": "2018-04-01",
            "name": "[variables('trafficManagerDnsName')]",
            "location": "global",
            "dependsOn": [],
            "properties": {
                "profileStatus": "Enabled",
                "trafficRoutingMethod": "Priority",
                "dnsConfig": {
                    "relativeName": "[variables('trafficManagerDnsName')]",
                    "ttl": 30
                },
                "monitorConfig": {
                    "protocol": "HTTPS",
                    "port": 443,
                    "path": "/api/status"
                }
            }
        }
    ],
    "outputs": {
    }
}
