{
    "$schema": "https://schema.management.azure.com/schemas/2015-01-01/deploymentParameters.json#",
    "contentVersion": "1.0.0.0",
    "parameters": {
      "projectCode": {
        "value": "*** Enter 3 to 6 digit project code"
      },
      "functionCode": {
        "value": "*** Enter 3 to 6 digit function code"
      },
      "sku": {
        "value": "Free"
      },
      "logsRetentionDays": {
            "value": 90
      },
      "environmentCode": {
        "value": "bcp"
      },
      "location": {
        "value": "East US"
      },
      "workspaceId": {
            "value": "/subscriptions/**Subscription ID goes here **/resourcegroups/*** US_Function Name_PREPROD or PROD RG/providers/Microsoft.OperationalInsights/workspaces/**workspace name here"
      }
    }
  }