{
    "type": "Microsoft.KeyVault/vaults/secrets",
    "name": "[concat(parameters('projectKeyVaultName'), '/', parameters('dataFactorySecretsObject').secrets[copyIndex()].secretName)]",
    "apiVersion": "2015-06-01",
    "properties": {
        "value": "[parameters('dataFactorySecretsObject').secrets[copyIndex()].secretValue]"
    },
    "dependsOn": [
        "[concat('Microsoft.KeyVault/vaults/', parameters('projectkeyVaultName'))]"
    ],
    "copy": {
        "name": "secretsCopy",
        "count": "[length(parameters('dataFactorySecretsObject').secrets)]"
    }
}