{
    "$schema": "https://schema.management.azure.com/schemas/2015-01-01/deploymentParameters.json#",
    "contentVersion": "1.0.0.0",
    "parameters": {
        "projectKeyVaultName": {
            "value": "testVault"
        },
        "tenantId": {
            "value": "example-guid"
        },
        "accessPolicies": {
            "value": [
                {
                    "tenantId": "example-guid",
                    "objectId": "example-guid",
                    "permissions": {
                        "keys": ["all"],
                        "secrets": ["all"]
                    }
                },
                {
                    "tenantId": "example-guid",
                    "objectId": "example-guid",
                    "permissions": {
                        "keys": ["all"],
                        "secrets": ["all"]
                    }
                }
            ]
        },
        "dataFactorySecretsObject": {
            "value": {
                "secrets": [						
                    {
                        "secretName": "onPremiseHanaServerName",
                        "secretValue": "secretValue1"
                    },
                    {
                        "secretName": "onPremiseHanaUserName",
                        "secretValue": "secretValue2"
                    },
                    {
                        "secretName": "onPremiseHanaUserPassword",
                        "secretValue": "secretValue3"
                    }
                ]
            }
        }
    }
}